id,source,instructions,score_instruction_following,score_truthfulness,score_honesty,score_helpfulness,score_overall,score_alpaca-7b,score_bard,score_falcon-40b-instruct,score_gpt-3.5-turbo,score_gpt-4,score_llama-2-13b-chat,score_llama-2-70b-chat,score_llama-2-7b-chat,score_mpt-30b-chat,score_pythia-12b,score_starchat,score_ultralm-13b,score_ultralm-65b,score_vicuna-33b,score_wizardlm-13b,score_wizardlm-70b,score_wizardlm-7b
,evol_instruct,What is the minimum temperature required for the dehydration of cobalt chloride?,3.25,2.5,2.75,3.0,2.875,1.25,3.0,3.0,3.0,3.0,3.0,3.0,3.0,3.0,1.25,5.0,3.0,3.0,4.0,3.0,3.0,3.0
,evol_instruct,"What is the name of the plant with white flowers, five petals, and red stems found in Phuket, Thailand?",4.0,4.5,4.0,4.25,4.1875,3.0,3.0,3.0,3.0,4.75,4.25,3.0,3.0,3.0,3.0,3.25,3.0,4.5,3.0,3.0,3.0,3.0
,evol_instruct,"Does a person's mass cause any gravitational lensing, and if so, how much?",3.75,5.0,4.0,4.25,4.25,3.0,3.0,3.0,3.0,3.0,3.0,3.0,3.0,4.25,3.0,3.0,4.0,3.0,4.5,3.0,3.0,4.25
,evol_instruct,What is the approximate average density of stars in space?,4.0,3.75,4.0,3.5,3.8125,3.75,3.0,3.0,3.0,3.0,3.0,3.0,3.0,5.0,3.0,3.0,3.0,3.0,4.5,2.0,3.0,3.0
,evol_instruct,"Put your final answer at the end as: Answer: *X*

How long can a bee survive in a jar?",2.75,3.25,2.0,2.25,2.5625,3.0,3.0,3.0,3.0,3.0,2.5,3.0,3.0,3.0,1.75,3.0,4.0,3.0,3.0,3.0,3.0,2.0
,evol_instruct,How is the value of the Mandelstam variable \( t \) determined in the plots of differential cross section against scattering angle?,3.75,3.0,3.5,2.75,3.25,3.0,4.25,2.75,3.0,3.0,3.0,2.75,3.0,3.0,3.0,3.0,3.0,3.0,3.0,3.25,3.0,3.0
,evol_instruct,What species of large beetle is found in Guatemala?,4.5,4.75,4.25,4.5,4.5,3.0,3.0,3.0,3.0,3.0,5.0,3.0,4.25,4.5,3.0,3.0,3.0,3.0,3.0,3.0,3.0,4.25
,evol_instruct,"Which option is correct?  
The final answer must be placed in \boxed{} format at the end of your response. Adherence to this requirement is mandatory.

How many geometrical isomers does the complex [Cr(NH3)2Cl2(en)]+ have?",2.0,1.25,2.0,2.0,1.8125,1.0,1.25,3.0,3.0,3.25,3.0,3.0,3.0,3.0,3.0,3.0,3.0,3.0,3.0,3.0,1.75,3.0
,evol_instruct,What species of moth resembles the Great Horned Owl in appearance?,4.75,4.25,4.5,4.0,4.375,3.0,3.0,3.0,5.0,3.0,3.0,3.0,3.0,4.5,3.0,4.0,3.0,4.0,3.0,3.0,3.0,3.0
,evol_instruct,What is the mole fraction of ethanol in an aqueous solution with a density of 0.984 g/cm³ containing 100.0 g of ethanol per liter?,4.0,5.0,4.25,4.0,4.3125,3.0,3.0,3.0,4.5,3.0,3.0,4.5,3.0,3.75,3.0,3.0,3.0,3.0,4.5,3.0,3.0,3.0
,evol_instruct,What is the weight in Newtons of a 70 kg person in a gravitational field of 0.1035773536599592926 pound-force?,4.25,4.75,4.75,4.25,4.5,3.0,4.75,3.0,3.0,3.0,3.0,3.0,3.0,3.0,3.0,3.0,3.0,4.75,3.0,3.5,5.0,3.0
,evol_instruct,What is the coefficient in the equation for the number density of phonons in superfluid helium?,5.0,4.5,5.0,4.5,4.75,3.0,3.0,3.0,3.0,3.0,3.0,3.0,5.0,3.0,3.0,4.25,4.75,3.0,3.0,3.0,5.0,3.0
,evol_instruct,"End your response with the final answer on a new line in the format: Response: X, where X is the letter of the correct choice.

What species of spider is shown in the image from South Carolina, USA?",3.25,3.0,4.0,3.75,3.5,3.0,3.0,3.0,3.0,3.0,4.25,3.0,2.0,4.5,3.0,3.0,3.0,3.0,3.25,3.0,3.0,3.0
,evol_instruct,"Is it theoretically possible to set up an orbit where the relativistic effects of general and special relativity cancel out, making a clock on a GPS satellite tick as if it were on Earth?",4.0,4.75,4.5,4.5,4.4375,3.0,4.25,3.0,3.0,3.0,3.0,4.75,3.0,3.0,3.0,3.0,3.0,3.0,4.5,4.25,3.0,3.0
,evol_instruct,What speed would a 100 m diameter Ferris wheel need to spin to slow down someone's aging by a factor of 100 relative to a person on Earth's surface?,4.5,5.0,4.5,4.0,4.5,3.0,4.5,3.0,3.0,3.0,4.25,3.0,3.0,4.75,3.0,3.0,3.0,4.5,3.0,3.0,3.0,3.0
,evol_instruct,What is the distance x from the concave mirror to the point object such that the final image after two reflections is on the object itself?,3.25,4.5,3.5,3.0,3.5625,2.0,3.5,3.0,3.0,3.0,3.0,3.0,3.0,4.5,3.0,3.0,3.0,3.0,3.0,4.25,3.0,3.0
,evol_instruct,Do Channa striatus and Channa punctatus have scales?,4.0,4.5,4.0,3.25,3.9375,3.0,3.0,3.0,4.75,3.0,3.0,2.5,3.0,4.25,3.0,3.0,3.0,3.0,3.0,3.0,3.0,4.25
,evol_instruct,What is the minimum energy threshold for a proton-electron collision to create a neutron?,4.25,4.25,3.75,3.0,3.8125,3.0,3.0,3.0,3.0,3.0,3.0,4.25,3.0,3.0,3.0,3.0,4.5,2.0,3.0,4.5,3.0,3.0
,evol_instruct,What is the upper bound on $|\Lambda|$ based on the radius of Pluto's orbit in the Newtonian limit of Einstein's field equations?,5.0,5.0,4.75,3.5,4.5625,3.0,4.5,3.0,4.5,4.5,4.75,3.0,3.0,3.0,3.0,3.0,3.0,3.0,3.0,3.0,3.0,3.0
,evol_instruct,"Which of the following is the best answer? Provide the correct option at the end, enclosed in single angle brackets: <A>.

What is the flash point temperature for graphene?",4.0,3.75,4.25,4.0,4.0,3.0,3.0,3.0,3.0,3.0,3.0,3.0,3.25,3.0,3.0,3.0,3.0,3.0,4.25,3.0,4.5,4.0
,evol_instruct,What radius will a water sphere in orbit need to have for gravitational restorative forces to outweigh those of surface tension after a small perturbation?,3.5,4.5,3.5,3.5,3.75,3.0,3.0,2.25,5.0,4.25,3.0,3.0,3.0,3.0,3.0,3.5,3.0,3.0,3.0,3.0,3.0,3.0
,evol_instruct,What is the official value for a year (used for light-years) in seconds according to the 2012 standards?,4.75,4.75,4.75,4.25,4.625,3.0,3.0,4.0,3.0,3.0,3.0,3.0,3.0,4.75,3.0,3.0,3.0,3.0,5.0,4.75,3.0,3.0
,evol_instruct,How should the boundary conditions be modified for a damped harmonic oscillator in the Helmholtz equation?,3.0,3.25,3.0,2.75,3.0,3.0,3.0,3.0,4.75,3.0,3.0,3.0,3.0,3.0,3.0,3.0,3.0,1.75,3.0,2.5,3.0,3.0
,evol_instruct,What form can the function \( f \) take if a spherically symmetric body affects external bodies as if its mass were concentrated at its center?,3.75,4.0,3.0,3.75,3.625,3.0,3.0,3.0,3.0,3.0,3.0,3.0,4.666666666666667,3.0,3.0,3.0,3.0,4.666666666666667,3.0,3.0,3.0,3.0
,evol_instruct,"What is the probability of measuring the total angular momentum to be \( j = 3/2 \) for an electron with \( l = 2 \), \( m_l = 2 \), and \( m_s = -1/2 \)?",3.75,4.0,3.5,3.5,3.6875,2.5,3.0,3.0,3.0,3.0,3.25,3.0,3.0,4.25,3.0,3.0,3.0,3.0,4.75,3.0,3.0,3.0
,evol_instruct,Does gravity affect radiation incident on a planet?,3.5,3.0,4.0,3.0,3.375,3.0,2.25,3.0,3.0,3.0,4.5,3.0,4.0,3.0,3.0,3.0,3.0,3.0,3.0,2.75,3.0,3.0
,evol_instruct,How can the magnetic moment of a permanent magnet be calculated using its properties listed in the datasheet?,3.0,4.0,3.5,4.0,3.625,3.0,3.0,3.0,3.0,3.0,4.5,4.5,2.5,3.0,3.0,3.0,3.0,3.0,3.0,3.0,3.0,3.0
,evol_instruct,What does 'silent' electric discharge refer to in the context of ozone preparation from oxygen?,4.0,4.5,4.5,3.75,4.1875,3.0,3.0,4.25,3.0,4.5,4.5,3.0,3.0,3.0,3.0,3.0,3.5,3.0,3.0,3.0,3.0,3.0
,evol_instruct,Did Dirac ever co-author a regular research paper with original ideas?,4.25,5.0,4.25,4.5,4.5,3.0,4.5,4.25,3.0,3.0,3.0,3.0,4.75,3.0,3.0,3.0,3.0,3.0,4.5,3.0,3.0,3.0
,evol_instruct,What is the maximum rotational speed in revolutions per hour the Moon can achieve before it starts to disintegrate due to centrifugal force?,3.0,2.75,3.75,3.0,3.125,3.0,3.0,3.0,2.0,3.0,3.0,3.0,3.0,3.0,3.0,4.0,3.0,3.0,3.0,4.75,3.0,1.75
,evol_instruct,"What is the muzzle velocity of a potato gun that keeps the potato airborne for 8.2 seconds, accounting for air resistance?",3.25,2.75,3.25,2.5,2.9375,3.0,3.0,2.0,3.0,3.0,3.0,3.0,3.0,2.75,3.0,3.75,3.0,3.0,3.25,3.0,3.0,3.0
,evol_instruct,Does the Thomas-Fermi screening length formula apply only to metals?,3.75,4.0,4.0,3.75,3.875,2.25,4.75,3.0,3.0,3.0,3.0,3.0,3.0,3.0,3.0,3.0,3.0,3.0,3.0,3.0,3.5,5.0
,evol_instruct,What constitutes a tandem repeat in the context of the oriC sequence in E. coli?,4.0,4.5,4.0,3.75,4.0625,3.0,4.25,3.0,3.0,3.0,3.0,3.0,3.0,4.75,3.0,2.5,3.0,3.0,3.0,3.0,4.75,3.0
,evol_instruct,"Provide the final answer as the last part of your response in the format: [Answer: X], where X is the correct letter choice.

What bird is heard in this late evening sound recording from Port Townsend, Washington?",5.0,5.0,5.0,4.5,4.875,4.75,4.75,3.0,3.0,5.0,3.0,3.0,3.0,3.0,3.0,3.0,3.0,3.0,5.0,3.0,3.0,3.0
,evol_instruct,"Where can the unpublished 1963 note ""Design of an electromagnetic detector for Dirac monopoles"" by Luis Alvarez be found?",4.5,4.25,4.5,4.5,4.4375,3.0,4.0,3.0,3.0,3.0,5.0,3.0,3.0,3.0,3.0,3.0,3.0,3.0,3.0,4.75,4.0,3.0
,evol_instruct,"What redshift marks the transition when dark energy began to dominate over matter, leading to the current period of accelerated expansion?",3.5,4.25,4.75,4.0,4.125,3.0,3.0,3.0,3.0,3.0,3.0,3.0,3.75,3.75,3.0,3.0,5.0,4.0,3.0,3.0,3.0,3.0
,evol_instruct,"What species of beetle is characterized by a trunk-like structure on its head and was found in Cynodon dactylon grass in Uttar Pradesh, India?",2.75,3.0,4.0,3.75,3.375,3.0,3.0,3.0,3.0,3.0,3.75,3.0,3.0,3.0,3.0,3.0,3.0,3.0,3.0,3.0,5.0,1.75
,evol_instruct,How many moles of Na₂SO₄ must be added to 0.5 L of a saturated Ag₂SO₄ solution to reduce [Ag⁺] to 4.0 × 10⁻³ M?,4.75,4.75,4.75,4.25,4.625,3.0,3.0,3.0,3.0,3.0,3.0,5.0,3.0,3.0,3.0,3.0,4.75,4.0,3.0,3.0,3.0,4.75
,evol_instruct,What rule of differentiation is applied when differentiating the kinetic energy equation with respect to time in Feynman Lectures Vol 1 Chapter 13?,4.0,4.0,3.25,3.5,3.6875,3.0,3.0,3.0,3.0,3.0,4.0,3.0,3.0,3.0,3.0,2.5,3.0,3.0,4.75,3.5,3.0,3.0
,evol_instruct,What is the concentration of $\ce{F-}$ in the solution prepared from $(0.0933\pm0.0004)\ \mathrm g$ of $\ce{NaF}$ dissolved in $156.00\ \mathrm{mL}$ of water?,3.75,4.5,4.75,4.0,4.25,3.0,3.0,3.75,3.0,3.0,3.0,4.5,3.0,3.0,3.0,3.0,3.0,3.0,3.0,4.25,4.5,3.0
,evol_instruct,What species of spider is shown in the photos from the south of Brazil?,4.0,4.5,4.5,3.5,4.125,3.0,3.0,3.0,3.0,3.0,3.0,3.0,2.5,3.0,3.0,3.0,4.75,3.0,4.75,4.5,3.0,3.0
,evol_instruct,What speed would you need to travel in space to feel 1 N of wind force on a 0.05 N piece of paper?,3.25,4.0,3.25,3.0,3.375,3.0,3.0,3.0,3.0,5.0,3.0,4.25,2.0,3.0,3.0,3.0,3.0,3.0,3.0,3.0,2.25,3.0
,evol_instruct,What is the expression for the deformed inner radius \(a'\) as a function of the increased internal pressure \(P_i\) for a linear elastic material in an infinitely thick-walled spherical pressure vessel?,4.0,4.5,4.5,4.0,4.25,3.0,3.0,3.0,3.0,3.0,3.0,4.5,2.75,3.0,3.0,3.0,3.0,3.0,5.0,4.75,3.0,3.0
,evol_instruct,What is the pOH of the solution obtained by mixing 0.1 mol of NH₄OH (Kb = 10⁻⁵) and 0.1 mol of (NH₄)₂SO₄ in 500 mL of solution?,4.5,4.75,4.5,4.25,4.5,3.0,3.0,3.0,3.0,3.0,3.0,3.0,4.25,3.0,3.0,4.5,3.0,3.0,4.75,3.0,4.5,3.0
,evol_instruct,"Please review the question thoroughly and select the most appropriate option by providing the corresponding letter.

What is the ratio of rate constants at 100°C and 90°C?",4.5,4.5,4.75,4.0,4.4375,3.0,4.25,3.0,3.0,3.0,3.0,3.0,3.0,3.0,3.0,3.0,4.0,3.0,3.0,4.75,4.75,3.0
,evol_instruct,"What is the impact velocity of a 1 kg metal ball falling towards the massive star R136a1 from a distance of \(10 \times 10^{24}\) m, considering relativistic effects?",4.5,4.5,4.5,3.75,4.3125,4.75,3.0,3.0,3.0,4.75,3.0,3.0,3.0,3.0,3.0,3.0,3.0,3.0,3.0,3.0,3.0,4.75
,evol_instruct,Where can you typically find information on International Physics and Astrophysics conferences?,4.0,4.25,4.0,4.0,4.0625,2.5,4.75,3.0,3.0,5.0,3.0,3.0,3.0,3.0,3.0,3.0,3.0,3.0,3.0,3.0,4.0,3.0
,evol_instruct,Who famously stated that physics was nearly complete before the development of quantum mechanics?,3.5,3.5,4.25,4.0,3.8125,3.0,3.0,3.0,5.0,3.0,3.0,3.75,3.0,3.0,3.0,3.0,3.0,3.0,3.0,3.0,3.0,3.5
,evol_instruct,What is the acceleration of the block of mass \( m \) just after the system is released from rest?,4.5,5.0,4.75,4.25,4.625,3.0,3.0,3.0,3.0,3.0,5.0,3.0,3.0,3.0,4.25,3.0,3.0,4.5,4.75,3.0,3.0,3.0
,evol_instruct,"When the astronauts on the ISS pass over Kansas, how will their clock compare to the Great Atomic Clock of Kansas?",4.0,3.0,1.75,3.5,3.0625,3.0,3.0,3.0,3.0,3.0,3.0,3.0,3.0,3.0,3.0,3.0,3.0,3.0,3.25,2.75,3.25,3.0
,evol_instruct,How does the movement of water masses during storms affect Earth's rotational velocity?,4.25,5.0,4.25,4.25,4.4375,3.5,3.0,3.0,3.0,3.0,3.0,3.0,3.0,3.0,3.0,4.75,3.0,3.0,3.0,3.0,5.0,4.5
,evol_instruct,"Which option is correct?  
Choose exactly one letter from the provided options and place it at the end of your response in the format \boxed{X}, where X is the correct option.  

What is the pH at the equivalence point when titrating 0.130 M methylamine with 0.130 M HCl?",4.5,5.0,4.75,4.0,4.5625,4.0,4.75,3.0,3.0,3.0,4.5,3.0,3.0,3.0,3.0,3.0,3.0,3.0,3.0,3.0,5.0,3.0
,evol_instruct,What is the minimum distance from Earth required to see it as a full disk?,4.5,5.0,4.5,4.25,4.5625,3.0,3.0,3.0,3.0,4.5,3.0,3.0,3.0,3.0,3.0,4.5,3.0,3.0,3.0,3.0,4.75,4.5
,evol_instruct,What is the energy difference for the $n=2\leftrightarrow3$ transition in Muonic Hydrogen?,4.5,4.25,4.25,3.75,4.1875,3.0,3.0,3.0,5.0,3.0,3.0,4.0,4.75,3.0,3.0,3.0,3.0,3.0,3.0,3.0,3.0,3.0
,evol_instruct,"Which chair conformation is the most stable for (1S,2R,4S)-1-chloro-2-methyl-4-(propan-2-yl)cyclohexane?",3.75,4.25,3.75,3.5,3.8125,3.5,3.0,2.75,3.0,3.0,3.0,5.0,3.0,3.0,3.0,4.0,3.0,3.0,3.0,3.0,3.0,3.0
,evol_instruct,What is the correct formula for the entropy flux of radiation emitted by an astronomical object like the Sun?,3.5,3.75,3.25,3.0,3.375,3.0,3.0,3.0,3.0,3.0,3.0,3.0,1.75,4.75,3.0,3.0,3.0,4.0,3.0,3.0,3.0,3.0
,evol_instruct,What is the average mass of the aluminum cylinder with the correct number of significant figures?,4.5,4.0,4.0,4.75,4.3125,3.0,3.0,3.0,5.0,3.0,3.0,3.0,3.0,3.0,3.0,3.0,3.0,3.75,3.0,3.0,4.0,4.5
,evol_instruct,"What condition must be satisfied for there to exist an odd eigenfunction with eigenvalue \( E \in (-V_0, 0) \) for the given finite depth parabolic potential?",4.5,4.5,4.25,4.0,4.3125,3.0,4.25,3.0,3.0,5.0,3.0,3.0,3.25,3.0,3.0,3.0,3.0,3.0,4.75,3.0,3.0,3.0
,evol_instruct,"Which of the following options is most appropriate?

At the conclusion of your response, provide the final answer in the format: ## Answer: LETTER ##, where LETTER corresponds to the correct choice.

What volume of 0.1 M HCl should be added to 500 mL of 0.5 M HCOOH to achieve a pH of 1.5?",3.5,5.0,4.5,4.25,4.3125,3.0,3.0,4.25,4.75,3.0,4.5,3.0,3.75,3.0,3.0,3.0,3.0,3.0,3.0,3.0,3.0,3.0
,evol_instruct,How many grams of $\ce{CuSO4 * 5 H2O}$ are needed to prepare a $20\%$ (w/w%) solution of $\ce{CuSO4}$?,4.0,4.25,3.5,4.0,3.9375,3.25,3.0,3.0,4.75,3.0,4.25,3.0,3.0,3.0,3.0,3.0,3.5,3.0,3.0,3.0,3.0,3.0
,evol_instruct,How many oxygens are assumed in the chlorite mineral formula in most online spreadsheets?,4.25,4.75,4.25,4.5,4.4375,3.0,3.0,3.0,3.0,5.0,3.0,3.0,3.0,3.0,3.0,3.0,3.0,3.75,4.75,3.0,3.0,4.25
,evol_instruct,How many optical isomers does the complex [Cr(NH3)2Cl2(en)]+ have?,4.5,5.0,4.75,4.5,4.6875,3.0,3.0,3.0,3.0,3.0,3.0,3.0,3.0,4.5,3.0,3.0,3.0,3.0,5.0,5.0,3.0,4.25
,evol_instruct,"Answer the following question by thinking through it step by step and choosing the most appropriate option. Make sure to put your final answer in \boxed{} format at the end of your response. This is important—always use this format for the last answer.

Which type of shark is known to produce gas that can be released like a fart?",4.5,5.0,5.0,4.75,4.8125,3.0,3.0,4.75,5.0,3.0,3.0,3.0,4.75,3.0,3.0,3.0,4.75,3.0,3.0,3.0,3.0,3.0
,evol_instruct,"What is the quantum state of the system after Bob's measurement along the direction $\vec{n} = (\cos\phi,\sin\phi,0)$?",4.5,5.0,4.75,4.0,4.5625,3.0,3.0,3.0,4.75,3.0,3.0,3.0,3.0,4.25,3.0,3.0,3.0,3.0,3.0,5.0,3.0,4.25
,evol_instruct,What is the molality of $\ce{Na2CO3}$ when $\pu{13.8 g}$ of $\ce{Na2CO3 · 10 H2O}$ is dissolved in $\pu{103.5 g}$ of water?,4.25,5.0,4.75,4.25,4.5625,3.0,4.5,3.0,4.5,3.0,4.75,3.0,3.0,3.0,3.0,4.5,3.0,3.0,3.0,3.0,3.0,3.0
,evol_instruct,"Please review the question thoroughly and select the most appropriate option by providing the corresponding letter.

What is the scientific name of the orange and black flying beetle found on Rangoon creeper?",3.5,3.25,3.25,3.5,3.375,3.0,3.0,2.0,4.5,3.0,3.0,3.0,3.0,3.25,3.0,3.0,3.0,3.0,3.0,3.0,3.0,3.75
,evol_instruct,What is the pH at the second equivalence point when a 0.100 M solution of oxalic acid is titrated with a 0.100 M solution of NaOH?,4.0,4.0,4.333333333333333,3.75,4.020833333333333,3.5,4.25,3.0,3.0,3.0,3.0,3.0,3.0,3.0,3.0,3.6666666666666665,4.5,3.0,3.0,3.0,3.0,3.0
,evol_instruct,"Conclude with ""**Selected answer is: X**"", where X is the letter of the answer. Select the most appropriate option from those given.

What is the spacing between the m=-100 and m=+100 bright fringes in meters?",2.75,4.25,2.25,2.0,2.8125,3.0,3.0,3.0,3.0,3.0,3.0,3.0,1.75,3.0,3.0,3.0,3.0,4.5,2.5,2.5,3.0,3.0
,evol_instruct,Under what condition does $T^{ij}T_{ij} = (T^{ij})^2 = (T_{ij})^2$ hold true?,4.0,4.0,4.25,3.75,4.0,3.0,3.0,3.0,3.0,3.0,3.0,3.0,3.0,4.25,3.0,4.5,3.0,3.0,3.5,3.0,3.75,3.0
,evol_instruct,What is the energy input required to break the phosphorus bond during ATP dephosphorylation?,4.25,4.25,4.25,3.25,4.0,3.0,3.0,3.0,3.0,3.0,3.0,3.0,3.0,3.0,3.0,3.0,3.5,4.5,3.0,3.0,5.0,3.0
,evol_instruct,What is the mass of chromium in a sample of potassium dichromate containing $2.13\cdot10^{24}$ atoms?,4.75,4.75,5.0,4.0,4.625,3.0,5.0,3.0,3.0,3.0,3.0,3.0,3.0,3.0,3.0,3.0,4.75,4.75,3.0,4.0,3.0,3.0
,evol_instruct,"According to Zee, under what condition is an array of two numbers considered a vector?",3.5,4.0,3.0,3.75,3.5625,3.0,3.0,3.0,5.0,5.0,3.0,3.0,3.0,3.0,3.0,3.0,4.0,3.0,1.0,3.0,3.0,3.0
,evol_instruct,"What is a key reference for the ""long string model"" of black holes?",4.5,4.75,4.75,4.0,4.5,4.25,3.0,3.0,3.0,3.0,3.0,3.0,3.0,3.0,3.0,3.0,3.75,3.0,5.0,3.0,5.0,3.0
,evol_instruct,Which type of EM radiation penetrates aluminum most effectively?,4.0,2.75,3.75,3.0,3.375,2.0,3.0,3.0,3.0,3.0,3.0,3.0,3.0,3.25,3.0,3.0,3.0,3.75,3.0,4.5,3.0,3.0
,evol_instruct,What mass of solid sodium hypochlorite is needed to prepare a buffer with a pH of 7.35 using 125.0 mL of 0.500 M HClO?,2.5,2.0,2.25,2.75,2.375,3.0,3.0,2.5,3.0,3.0,3.0,2.0,3.0,3.0,3.0,3.0,3.0,3.5,1.5,3.0,3.0,3.0
,evol_instruct,What is the maximum volume of a 0.8500 M aluminum nitrate solution that can be prepared with 50.00 g of the solid?,4.0,5.0,4.5,4.25,4.4375,3.0,3.0,3.0,5.0,4.75,3.0,3.0,3.0,3.0,3.0,3.0,3.0,4.0,3.0,3.0,3.0,4.0
,evol_instruct,What time do the airplane passengers see the sun set during the flight from Belém to Villamil?,4.25,4.25,4.0,4.0,4.125,3.0,3.0,3.0,4.75,3.0,3.0,5.0,3.0,3.0,3.75,3.0,3.0,3.0,3.0,3.0,3.0,3.0
,evol_instruct,What is the calculated atmospheric pressure at the top of Mt. Everest (8848 m) given the pressure at the top of Mont Blanc (4807 m) is $4.32 \times 10^4\ \mathrm{Pa}$?,4.0,4.0,4.666666666666667,3.25,3.979166666666667,3.0,3.0,1.0,4.75,4.75,3.0,3.0,3.0,3.0,3.0,3.0,3.0,3.0,3.0,3.0,4.5,3.0
,evol_instruct,What step is needed to derive Equation 2.52 from Equation 2.51 in the Smoluchowski equation derivation?,4.0,5.0,4.75,4.25,4.5,3.0,3.0,3.0,5.0,3.0,4.5,3.0,3.0,4.0,3.0,3.0,3.0,3.0,4.5,3.0,3.0,3.0
,evol_instruct,"How many stereoisomers does 2,3,5,6-tetrachloroheptane have?",4.25,5.0,4.75,4.25,4.5625,3.0,3.0,3.0,5.0,3.0,4.75,3.0,3.0,3.0,3.0,4.0,3.0,3.0,4.5,3.0,3.0,3.0
,evol_instruct,What is the minimal velocity needed for a meteorite to travel from the moon to a point where the gravitational forces of the Earth and Moon cancel each other out?,4.25,4.5,4.25,2.75,3.9375,4.5,4.5,3.0,3.0,3.0,3.0,3.0,3.0,3.0,3.0,3.0,2.25,3.0,3.0,3.0,4.5,3.0
,evol_instruct,"What function for $\theta(t)$ ensures all bullets fired from a machine gun land at the same time, given $\theta(0) = \frac{\pi}{4}$ and $\theta(1) = \frac{\pi}{6}$?",3.5,3.25,3.5,3.5,3.4375,1.75,3.0,2.75,3.0,5.0,4.25,3.0,3.0,3.0,3.0,3.0,3.0,3.0,3.0,3.0,3.0,3.0
,evol_instruct,What is the expected number of quanta in the $|n'\rangle$ states for $n=1$?,4.5,5.0,4.75,4.25,4.625,3.0,3.0,3.0,5.0,4.75,3.0,4.25,4.5,3.0,3.0,3.0,3.0,3.0,3.0,3.0,3.0,3.0
,evol_instruct,What is the resultant vector when adding 30 m at 30 degrees and 20 m at 140 degrees using the parallelogram method?,3.75,4.75,4.5,3.0,4.0,3.0,3.0,3.0,4.75,3.0,3.0,4.25,3.0,3.0,3.0,3.0,3.0,2.75,4.25,3.0,3.0,3.0
,evol_instruct,What is the time it takes for an object to travel along a quarter circular path of radius \( h \) under gravity \( g \)?,2.5,2.75,2.5,2.25,2.5,1.0,3.0,1.5,3.0,3.0,3.0,3.0,3.0,3.0,3.0,3.0,3.25,3.0,3.0,3.0,4.25,3.0
,evol_instruct,How do you compute the dampers \( C_1 \) and \( C_2 \) for a system with two masses given the damping ratio \( \zeta = 0.7 \)?,2.75,3.0,3.5,2.75,3.0,3.0,3.0,1.25,3.0,3.0,4.5,3.0,3.0,3.0,3.0,3.0,3.0,2.0,3.0,3.0,4.25,3.0
,evol_instruct,How much energy is released in the final second of a black hole's evaporation?,4.0,3.25,4.5,4.0,3.9375,3.0,3.0,3.0,3.0,3.0,3.0,4.0,3.5,3.0,3.0,3.0,3.5,3.0,4.75,3.0,3.0,3.0
,evol_instruct,"Select one option from the choices given.


What is the mass of magnesium needed to produce 5 kg of vanadium in the given reaction?",2.5,3.75,3.0,3.0,3.0625,3.0,3.0,3.0,3.0,3.0,3.0,3.0,3.0,3.0,3.0,1.75,2.5,3.0,3.0,3.0,3.5,4.5
,evol_instruct,"What is the value of the integral <span class=""math-container"">$$\int_0^1\int_0^1\int_0^1\frac{z}{1-z}\delta(x+y+z-1)dxdydz$$</span>?",4.75,5.0,5.0,3.75,4.625,4.5,3.0,3.0,3.0,3.0,3.0,4.75,4.75,3.0,3.0,3.0,3.0,4.5,3.0,3.0,3.0,3.0
,evol_instruct,"What is the KEGG reaction ID for the conversion of alpha D-Glucose to Glucono-1,5-lactone?",4.0,5.0,4.5,4.5,4.5,3.0,3.0,3.0,4.75,3.0,3.0,3.0,4.25,3.0,3.0,3.0,3.0,4.5,3.0,3.0,3.0,4.5
,evol_instruct,What is the angle θ between one of the decay particles' direction and the z-axis in the c.o.m. frame for which the two particles have the same velocity in the laboratory frame?,3.0,3.0,2.6666666666666665,3.25,2.9791666666666665,3.0,3.0,3.0,3.0,3.5,3.0,3.0,3.0,3.0,3.0,3.0,3.0,3.0,3.0,1.3333333333333333,4.25,2.5
,evol_instruct,What is the acceleration due to gravity on planet Mercury given its mass and radius?,3.75,4.0,4.5,4.0,4.0625,3.0,3.0,3.0,3.0,3.0,3.0,4.5,3.0,4.0,3.0,3.0,3.25,3.0,3.0,3.0,4.5,3.0
,evol_instruct,"What is the magnitude of \( F_3 \) given the force components along the u, v, and w axes?",4.75,5.0,5.0,4.25,4.75,4.25,4.75,3.0,3.0,3.0,3.0,3.0,3.0,3.0,3.0,3.0,3.0,3.0,5.0,5.0,3.0,3.0
,evol_instruct,What is the average lifespan of Deuterium and Helium-3 in the Sun's core?,4.75,4.0,4.0,4.0,4.1875,3.0,4.5,3.0,3.0,3.0,3.0,5.0,3.0,4.25,3.0,3.0,3.0,3.0,3.0,3.0,3.0,3.0
,evol_instruct,"At the end of your response, provide the final answer in this exact format: Selected Option -> X. Answer the following question by carefully considering all options and selecting the most appropriate choice.

What strength of magnetic field would be required to significantly pull oxygen out of the air in a room?",4.0,4.0,4.5,4.0,4.125,3.0,3.0,3.0,3.75,3.0,5.0,3.0,3.0,4.0,3.0,3.75,3.0,3.0,3.0,3.0,3.0,3.0
,evol_instruct,Would a light beam sent tangent to Earth curve at 9.8 m/s²?,2.75,2.75,3.25,2.75,2.875,3.0,3.0,1.5,3.0,4.5,3.0,3.0,3.0,3.0,3.0,3.0,3.0,2.5,3.0,3.0,3.0,3.0
,evol_instruct,"Choose the best answer from the options given. End your response by putting the correct option letter in double asterisks, like **A**.

How much AgCl can dissolve per liter in a 3.8g/L NaCl solution?",3.5,4.75,4.75,4.0,4.25,3.0,3.0,3.0,3.0,4.75,3.0,3.0,3.0,3.0,3.0,3.0,3.0,3.0,4.5,4.25,3.0,3.5
,evol_instruct,What is the mass of the planet given the pendulum's period and the planet's diameter?,3.75,4.0,3.5,3.25,3.625,3.0,3.0,2.5,3.0,5.0,3.0,3.0,3.0,4.75,3.0,3.0,3.0,3.0,3.0,3.0,3.0,2.25
,evol_instruct,How many milliliters of 0.1 M NaF are needed to precipitate CaF₂ from a 1 L solution containing 2.0E-5 M Ca²⁺?,4.25,5.0,4.25,3.75,4.3125,3.0,4.5,3.0,3.0,3.0,3.0,3.0,4.0,3.0,3.0,3.0,3.0,4.5,4.25,3.0,3.0,3.0
,evol_instruct,When will the stone be 96 m above the ground on its way down?,4.5,4.5,3.5,4.0,4.125,3.0,3.0,3.0,3.0,3.0,3.0,3.0,3.0,3.0,3.0,4.75,3.0,3.0,3.75,3.5,3.0,4.5
,evol_instruct,How can the spring constant (k) be determined using the Lennard-Jones potential given two different positions and their corresponding potential energies?,3.75,3.5,3.0,4.75,3.75,3.333333333333333,3.6666666666666665,3.0,3.0,5.0,3.0,3.0,3.0,3.0,3.0,3.0,4.0,3.0,3.0,3.0,3.0,3.0
,evol_instruct,"Are there errors in equations (4.29) to (4.31) in the 3rd edition of ""Introduction to Computational Chemistry""?",3.0,3.5,3.5,4.0,3.5,3.0,3.0,3.0,3.0,3.0,3.0,3.25,3.0,3.0,3.0,3.0,3.0,3.0,4.0,2.75,4.0,3.0
,evol_instruct,What modified version of Fentanyl was used in the 1997 assassination attempt on Khaled Mashal?,2.5,4.0,3.0,2.25,2.9375,3.0,3.0,2.75,3.75,3.0,3.0,3.0,3.0,3.0,3.0,3.25,3.0,3.0,2.0,3.0,3.0,3.0
,evol_instruct,"Select the most appropriate answer. Select exactly one letter from the given choices and present the final answer at the end of your response as \boxed{X}, where X is the chosen letter.

Which tool can align WGS data from several mammals to a human reference genome while giving higher weighting to matches in exon regions?",3.5,3.0,2.75,3.25,3.125,3.0,2.75,3.0,3.0,3.0,3.0,3.0,3.0,3.0,3.0,3.25,3.0,3.0,3.0,3.0,3.5,3.0
,evol_instruct,At what angle does it become more energy-efficient to walk than to scoot up a hill?,5.0,4.75,4.25,3.5,4.375,3.0,3.0,3.0,3.0,3.0,3.0,3.0,4.75,3.0,3.0,4.5,3.0,4.25,3.0,3.0,3.0,4.0
,evol_instruct,"Choose the correct option, and conclude your response by enclosing the correct answer letter in double brackets: [[A]].

What is the maximum possible accuracy achievable when firing an electron at a target?",3.25,4.5,4.666666666666667,3.75,4.041666666666667,1.6666666666666667,3.0,3.0,3.0,5.0,3.0,3.0,3.0,4.25,3.0,3.0,3.0,3.0,3.0,3.0,3.0,4.5
,evol_instruct,What is the period \( T \) in seconds for a U.S. quarter rolling in a circular path of radius \( R = 4 \text{cm} \) with a tilt angle of \( \theta = 45^\circ \)?,3.75,4.0,4.0,3.75,3.875,1.0,5.0,3.0,3.0,3.0,3.0,3.0,3.0,3.0,3.0,3.0,3.0,3.0,3.0,5.0,3.0,4.5
,evol_instruct,How would the Moon's retrograde orbit affect the Earth's tidal rhythm?,3.75,3.0,3.75,3.25,3.4375,3.0,3.0,3.0,4.25,3.0,3.0,3.0,3.0,3.0,3.0,1.0,3.0,3.0,3.0,4.25,3.0,4.25
,evol_instruct,How much ammonium sulfate fertiliser was applied if the nitrogen equivalent was 8.6 g?,3.25,3.5,3.75,3.0,3.375,3.0,5.0,3.0,3.0,3.0,3.0,3.0,2.0,3.0,3.0,4.0,3.0,2.5,3.0,3.0,3.0,3.0
,evol_instruct,"For the final answer, place it at the end of your response in the format: The answer is: |X|, where X is the letter corresponding to the correct choice. Select the most appropriate answer.

What is the comet’s speed when it reaches a distance of 1 AU from the Sun?",3.0,3.5,3.0,2.25,2.9375,3.0,3.0,3.0,3.0,3.0,3.0,2.0,3.0,3.0,3.0,1.5,3.0,4.25,3.0,3.0,4.0,3.0
,evol_instruct,What is the equivalent weight of an acid if 1.321 g of the acid reacts with magnesium to form 1.72 g of salt?,3.25,2.5,3.0,3.5,3.0625,1.0,3.0,3.0,3.0,3.0,3.0,3.0,3.0,3.0,3.0,3.0,2.75,4.0,3.0,3.0,4.5,3.0
,evol_instruct,"Who is credited with the formulation of ""Boure's Law""?",3.0,4.0,3.5,3.0,3.375,3.0,3.0,3.0,4.75,3.0,3.0,2.0,3.0,3.0,3.0,3.0,3.0,4.5,3.0,3.0,2.25,3.0
,evol_instruct,How many times can you lift a 100 kg barbell to a height of 0.5 meters using the energy from 100 grams of chocolate?,4.5,5.0,4.75,4.0,4.5625,3.0,3.0,3.0,3.0,3.0,3.0,5.0,4.5,4.5,3.0,3.0,3.0,3.0,3.0,3.0,4.25,3.0
,evol_instruct,"What is the concentration of HI at equilibrium given that \( K_c = 0.0198 \), \([H_2] = 0.0120 \, M\), and \([I_2] = 0.0150 \, M\) at 721 K?",4.25,5.0,4.5,3.5,4.3125,3.5,3.0,3.0,3.0,5.0,3.0,3.0,3.0,3.0,3.0,3.0,3.0,3.0,3.0,3.0,4.75,4.0
,evol_instruct,What value of the principal quantum number \( n \) results in the expectation value of the radius being half the side length of a cubic box with sides of \( \pu{100 \AA{}} \)?,4.5,5.0,4.25,4.25,4.5,3.0,3.0,3.0,3.0,3.0,3.0,4.5,3.0,3.0,3.0,3.0,3.0,3.0,4.5,4.75,3.0,4.25
,evol_instruct,"Make your final choice clear by placing it on a new line at the end of your response like this:  
The correct choice is: X  
(where X is the letter of your answer).",3.5,4.75,4.75,3.25,4.0625,3.0,3.75,3.0,3.0,4.75,3.0,3.0,3.25,3.0,3.0,3.0,3.0,3.0,4.5,3.0,3.0,3.0
,evol_instruct,"Consider the following question carefully and select the most appropriate answer.


What is the correct adjustment to ensure that U1 equals U2 in the calculation of electrostatic potential energy?",3.5,4.5,3.5,3.75,3.8125,3.0,3.0,3.0,3.0,3.0,2.25,3.75,4.25,3.0,3.0,3.0,5.0,3.0,3.0,3.0,3.0,3.0
,evol_instruct,"Consider the following question carefully, reason through it, and select the most appropriate answer. At the end of your response, select one option and state it as: Option Selected: A/B/C/D/...

In Observer C's frame, is the time gap between the light reaching B and B meeting C larger than \dfrac{L}{4c}?",4.25,4.0,4.75,4.25,4.3125,3.0,3.0,3.0,3.0,4.75,4.0,3.0,4.0,3.0,3.0,3.0,4.5,3.0,3.0,3.0,3.0,3.0
,evol_instruct,What is the probability of measuring the state $|+\rangle|+\rangle|+\rangle$ and the state $|-\rangle|-\rangle|-\rangle$ for the given three-qubit state $|\phi\rangle$?,4.0,4.25,3.75,4.0,4.0,3.0,3.0,3.0,3.0,3.0,5.0,3.0,4.0,3.0,3.0,3.0,2.75,3.0,3.0,3.0,3.0,4.25
,evol_instruct,What is the Schwarzschild radius of a star with a mass of 30 solar masses?,4.25,4.75,3.0,4.0,4.0,3.333333333333333,4.333333333333333,3.0,3.0,3.0,3.0,3.0,3.0,3.0,3.0,3.0,3.0,3.0,5.0,3.0,3.0,4.666666666666667
,evol_instruct,What blocking buffer can improve results when using actin and fetuin-b primary antibodies in western blots?,5.0,5.0,4.5,4.25,4.6875,3.0,3.0,3.0,5.0,3.0,3.0,3.0,3.0,3.0,3.0,3.0,3.0,4.5,4.75,3.0,4.5,3.0
,evol_instruct,"Choose the right answer from the options provided.  
Your final answer should be on a new line as: The correct choice is: X

What process allows lead leached from pipes as PbCl2 to become ingested despite PbCl2's insolubility in water?",3.0,3.25,2.75,3.0,3.0,3.0,3.75,3.0,3.0,3.0,3.0,2.0,3.0,4.5,3.0,3.0,1.75,3.0,3.0,3.0,3.0,3.0
,evol_instruct,"How much fuel should a backpacker carry to heat 3.0 kg of water from 20°C to 100.0°C, given the fuel produces 36 kJ of heat per gram?",3.0,2.25,2.75,3.75,2.9375,3.0,3.0,3.0,3.0,3.0,2.75,3.0,3.0,3.0,3.0,3.25,3.0,3.0,3.0,2.75,3.0,3.0
,evol_instruct,What is the matrix form for the electromagnetic invariant \( I \) starting with \( I := F^{\mu\nu}F_{\mu\nu} \)?,3.25,4.5,4.75,3.5,4.0,3.0,3.0,3.0,3.75,3.0,3.0,3.0,4.0,3.0,3.0,3.0,4.0,4.25,3.0,3.0,3.0,3.0
,evol_instruct,What is the time it takes for an electron to travel 1 meter in a circuit with a 2mm thick wire and 10A current?,4.0,4.25,4.0,3.75,4.0,3.0,3.0,3.0,3.0,3.0,3.0,5.0,3.0,3.75,3.0,3.0,3.0,3.0,3.0,3.0,4.0,3.25
,evol_instruct,Does heavy water have a sweet taste according to scientific studies?,4.25,5.0,5.0,3.5,4.4375,3.0,3.0,4.75,3.0,3.0,3.0,3.0,3.0,3.0,3.0,3.75,3.0,3.0,3.0,4.75,4.5,3.0
,evol_instruct,Would a black hole repel electrons if charged with a large number of electrons?,3.75,4.5,4.25,3.75,4.0625,3.0,3.0,3.0,3.0,3.0,3.0,3.0,3.0,3.0,3.0,2.75,3.0,4.25,3.0,3.0,5.0,4.25
,evol_instruct,"End your response with the final answer on a new line in the format: Response: X, where X is the letter of the correct choice.

What is the total resistance between points A and D in a tetrahedral circuit with 1 ohm resistors?",4.5,4.5,4.0,4.5,4.375,3.25,3.0,3.0,3.0,3.0,3.0,3.0,3.0,4.75,3.0,3.0,3.0,3.0,5.0,3.0,3.0,4.5
,evol_instruct,Is liquid dimethyl ether miscible with liquid isobutane at -11°F and 1 atmosphere of pressure?,3.0,4.5,4.25,3.0,3.6875,4.0,3.0,3.25,3.0,3.0,3.0,3.0,3.0,3.0,3.0,3.0,4.5,3.0,3.0,3.0,3.0,3.0
,evol_instruct,How many moles of NaOH are needed to react with acetic acid to produce a buffer solution with a pH of 4.00?,2.25,3.0,3.0,2.0,2.5625,1.0,4.0,3.0,3.0,3.0,3.0,3.0,3.0,3.0,3.0,3.0,3.0,3.0,1.0,3.0,3.25,3.0
,evol_instruct,How do you calculate the cost of a single aluminum atom from the given data?,3.0,2.25,2.25,3.0,2.625,3.0,3.0,1.25,3.0,3.0,3.0,3.0,1.5,3.0,3.0,3.0,4.75,3.0,3.0,3.0,3.0,3.0
,evol_instruct,"Given a unitary operator \( A \) and the annihilation operator \( a \), if you know the value of \( A^{\dagger}aA \), how do you calculate \( AaA^{\dagger} \)?",4.75,4.5,4.25,4.25,4.4375,3.0,3.5,3.0,5.0,3.0,3.0,3.0,3.0,3.0,3.0,3.0,3.0,3.0,5.0,3.0,3.0,4.25
,evol_instruct,What is the minimum value of \( R/R_s \) for a thin shell of matter before it must collapse?,3.75,4.25,4.25,3.25,3.875,3.0,3.0,3.5,3.0,5.0,3.0,3.0,3.0,3.0,3.0,3.0,3.75,3.0,3.0,3.25,3.0,3.0
,evol_instruct,What is the approximate pressure required to crush an object to its Schwarzschild radius?,2.5,2.75,2.25,2.0,2.375,4.25,3.0,3.0,3.0,3.0,1.25,3.0,2.0,3.0,3.0,2.0,3.0,3.0,3.0,3.0,3.0,3.0
,evol_instruct,What is the bond angle between the sp-hybridized carbons in benzyne?,4.25,4.75,4.75,3.75,4.375,3.0,3.0,3.0,3.0,4.75,3.0,4.0,3.0,3.0,3.0,3.0,4.75,3.0,3.0,3.0,3.0,4.0
,evol_instruct,"Which option is correct? At the end of your response, clearly state the final answer by enclosing the correct option letter in double asterisks, for example: **A**.

What is the term for the type of propulsion seen in the motion of the Scrubbing Bubbles mascot?",3.0,3.25,2.5,3.0,2.9375,3.0,3.0,3.0,4.0,3.0,3.0,3.0,3.0,3.0,3.0,3.0,3.0,3.0,3.25,1.75,3.0,2.75
,evol_instruct,What sideways acceleration would a passenger experience in an elevator moving at 18 m/s in a rotating space station with a radius of 3.2 km and an angular velocity of 0.52 rpm?,4.5,4.0,4.5,4.5,4.375,3.0,4.25,3.0,3.0,4.5,4.75,3.0,4.0,3.0,3.0,3.0,3.0,3.0,3.0,3.0,3.0,3.0
,evol_instruct,Which paper supports the thesis that one bit of information allows to perform $kT \cdot \ln2$ Joules of work?,3.5,4.0,4.25,3.25,3.75,3.0,3.0,2.25,3.0,3.0,4.75,4.0,3.0,4.0,3.0,3.0,3.0,3.0,3.0,3.0,3.0,3.0
,evol_instruct,How much longer would you live on Jupiter compared to Earth due to gravitational time dilation?,4.5,3.75,3.0,3.75,3.75,3.0,3.0,3.0,3.0,4.666666666666667,3.0,3.0,3.0,3.0,3.0,3.0,3.0,3.0,4.666666666666667,3.0,3.6666666666666665,3.0
,evol_instruct,"Answer the following question by selecting the most appropriate option after careful consideration. At the end, select one option and write: Option Selected: A/B/C/D/...

What is the approximate equivalent in Hiroshima bombs of the energy needed to send the ISS into orbit?",4.25,4.25,4.25,3.75,4.125,3.0,3.0,3.0,3.0,3.0,3.0,3.0,4.75,3.0,3.0,3.0,3.0,3.25,3.0,4.0,3.0,4.5
,evol_instruct,What is the length of the edge of the ice cube when it just begins to float in the glass?,2.5,2.0,2.5,2.0,2.25,1.0,3.0,3.0,3.0,3.0,2.0,3.0,3.0,4.25,3.0,3.0,3.0,1.75,3.0,3.0,3.0,3.0
,evol_instruct,What do the red boxes in the RDKit molecule drawing represent?,3.75,3.25,3.75,3.25,3.5,3.0,3.0,2.0,3.0,3.0,3.0,3.0,3.0,3.5,3.0,3.0,3.75,3.0,4.75,3.0,3.0,3.0
,evol_instruct,Has Fock's original 1932 paper on Fock space been translated into English?,4.5,5.0,4.75,4.75,4.75,3.0,3.0,3.0,3.0,5.0,3.0,3.0,4.75,3.0,3.0,3.0,3.0,3.0,3.0,4.75,3.0,4.5
,evol_instruct,"Provide the final answer as a single letter at the end of your response in the format: [Answer: X].

What is the concentration of $\ce{Pb^2+}$ and $\ce{Br-}$ when $\ce{PbBr2}$ dissolves in water given $K = 7.9 \times 10^{-5}$?",3.75,3.75,3.5,4.0,3.75,3.0,3.0,2.75,3.0,5.0,3.0,3.0,4.0,3.0,3.0,3.25,3.0,3.0,3.0,3.0,3.0,3.0
,evol_instruct,"What is the uncertainty in velocity of an electron if the uncertainty in its position is \(10^{-15} \, \mathrm{m}\)?",4.0,4.5,4.0,4.25,4.1875,3.0,3.0,3.0,3.75,3.0,3.0,3.0,3.0,4.25,3.0,3.0,3.0,4.75,3.0,3.0,3.0,4.0
,evol_instruct,What is the structure of the compound with the molecular formula C2H3Cl3 and 13C NMR peaks at 45.1 and 95.0 ppm?,4.25,4.5,4.75,4.25,4.4375,3.0,3.0,3.0,4.25,3.0,3.0,3.0,4.5,3.0,3.0,3.0,3.0,3.0,4.75,3.0,4.25,3.0
,evol_instruct,How will the length of the day be affected if the polar ice caps melt?,4.75,5.0,5.0,3.75,4.625,3.0,4.75,3.0,4.75,3.0,4.25,3.0,3.0,3.0,3.0,3.0,4.75,3.0,3.0,3.0,3.0,3.0
,evol_instruct,What is the atomic number of the atom that emits a UV line at 64.1 Angstrom due to a transition from the third orbit to the first orbit?,4.0,5.0,4.75,3.75,4.375,3.0,4.0,3.0,3.0,3.0,3.0,3.0,3.0,3.0,3.0,4.25,3.0,3.0,3.0,4.75,4.5,3.0
,evol_instruct,"What is the total time dilation factor for a planet orbiting a star, considering both the star's and the planet's gravitational time dilation effects?",3.75,4.0,4.666666666666667,3.75,4.041666666666667,3.0,3.0,1.0,3.0,5.0,3.0,3.0,3.0,3.0,3.0,4.25,3.0,3.0,3.0,3.0,3.0,5.0
,evol_instruct,"When making a cup of tea, will the final temperature be higher if you add milk before or after the hot water?",4.75,5.0,5.0,4.5,4.8125,3.0,3.0,3.0,5.0,3.0,3.0,3.0,4.5,3.0,3.0,3.0,3.0,3.0,5.0,3.0,4.75,3.0
,evol_instruct,How much younger is the Earth's core compared to its crust due to gravitational time dilation?,3.5,4.25,4.0,3.25,3.75,3.5,4.0,3.25,3.0,3.0,3.0,3.0,3.0,3.0,3.0,3.0,3.0,3.0,3.0,4.25,3.0,3.0
,evol_instruct,"Which of the following options is correct? The final answer must be enclosed in \boxed{} at the end of the response.

Has a GCTA analysis been performed on leg length?",4.25,4.25,4.0,3.75,4.0625,3.0,3.0,3.0,5.0,3.0,4.0,3.0,3.0,3.0,3.0,2.75,3.0,3.0,4.5,3.0,3.0,3.0
,evol_instruct,"What fraction of energy penetrates to a depth of 3 cm in soft tissue for a 1030 nm light beam with an absorption coefficient of 0.5 cm^(-1), a scattering coefficient of 50 cm^(-1), and an anisotropy factor of 0.95?",3.25,3.5,3.0,2.75,3.125,4.5,3.0,3.0,3.0,3.0,3.0,3.0,4.5,3.0,3.0,1.75,3.0,1.75,3.0,3.0,3.0,3.0
,evol_instruct,What are the magnitudes of vectors A and B if their vector sum with C (23.4 m in the negative y-direction) equals zero?,4.0,4.0,4.0,3.5,3.875,3.0,3.0,3.0,3.0,3.0,3.5,3.0,3.0,3.0,3.0,3.0,3.0,3.0,5.0,3.0,4.0,3.0
,evol_instruct,"Provide your final answer at the end of the response, formatted as: Answer: *X*, where X is the letter corresponding to the correct choice.

Which reference correctly states Saturn's gravity at the equator and poles?",4.75,5.0,5.0,4.5,4.8125,3.0,3.0,3.0,3.0,5.0,3.0,3.0,3.0,3.0,3.0,4.5,3.0,3.0,3.0,5.0,4.75,3.0
,evol_instruct,What is a good introductory resource for quantum Hall matrix models?,2.25,2.75,2.5,2.5,2.5,1.75,3.0,2.0,3.0,3.0,4.5,3.0,3.0,3.0,3.0,3.0,3.0,1.75,3.0,3.0,3.0,3.0
,evol_instruct,What are suitable anode materials for copper(II) sulfate electrolysis?,5.0,5.0,5.0,4.5,4.875,3.0,3.0,3.0,3.0,3.0,5.0,3.0,3.0,4.75,3.0,3.0,3.0,5.0,3.0,3.0,3.0,4.75
,evol_instruct,How many liters of liquid CCl4 (Density= 1.5g/cm^3) are needed to contain 1 * 10^25 Cl atoms?,3.0,4.0,3.0,3.75,3.4375,3.0,3.0,2.6666666666666665,3.0,5.0,3.0,3.0,3.0,3.0,3.0,3.0,3.0,2.6666666666666665,3.0,3.0,3.0,4.0
,evol_instruct,How much time would pass on Earth if someone orbited the Sun for 10 years?,3.5,3.25,3.25,3.25,3.3125,3.0,3.0,1.0,3.0,5.0,3.0,3.0,3.0,3.0,2.25,3.0,3.0,3.0,3.0,3.0,5.0,3.0
,evol_instruct,What is the gravitational action for a BTZ black hole?,3.5,4.25,3.0,3.0,3.4375,3.0,3.0,3.0,3.0,3.0,3.0,3.333333333333333,3.0,3.0,3.0,4.333333333333333,3.333333333333333,3.0,3.0,3.0,3.333333333333333,3.0
,evol_instruct,What is the SI equivalent of the formula \( l^2 = \frac{c\hbar}{eH} \) where \( H \) is given in oersted?,4.75,4.75,4.5,4.0,4.5,3.0,3.0,3.75,3.0,5.0,3.0,3.0,4.75,3.0,3.0,3.0,3.0,4.5,3.0,3.0,3.0,3.0
,evol_instruct,What is the length of the LMO1 gene in nucleotides?,5.0,5.0,4.75,4.75,4.875,3.0,4.5,3.0,5.0,3.0,3.0,3.0,3.0,3.0,3.0,3.0,3.0,3.0,5.0,5.0,3.0,3.0
,evol_instruct,What is the correct radius ratio for the octahedral interstitial site in a BCC crystal lattice?,3.25,3.25,3.75,3.5,3.4375,4.25,3.0,1.5,3.0,3.0,3.0,3.0,3.75,3.0,3.0,3.0,3.0,3.0,3.0,3.0,3.0,4.25
,evol_instruct,How many distinct resonance forms can be constructed for aniline?,3.5,3.75,4.0,4.0,3.8125,3.0,3.0,2.5,3.0,3.0,3.0,3.0,4.0,4.75,3.0,3.0,3.0,4.0,3.0,3.0,3.0,3.0
,evol_instruct,What species of trees are these photographed on Prudence Island?,3.75,4.75,4.25,4.0,4.1875,3.0,3.0,3.0,3.0,3.0,4.75,3.0,3.0,3.0,3.0,3.0,3.0,4.5,3.0,3.0,4.5,3.0
,evol_instruct,"Which option is correct?  
Place your final answer at the end of the response, enclosed in XML-style tags as follows: `<final_answer>X</final_answer>`.

What is the value of \( y \pm \Delta y \) given \( y + \Delta y = (z+\Delta z)^{3/2} \) with \( z = 4.480 \) and \( \Delta z = 0.168 \)?",3.75,3.75,3.5,3.75,3.6875,3.0,4.5,3.75,3.0,3.0,3.0,3.0,3.0,3.0,3.0,3.0,3.0,3.0,2.0,3.0,4.5,3.0
,evol_instruct,What is the adiabatic temperature gradient of ice at Earth's surface conditions?,3.25,3.75,3.25,3.5,3.4375,3.0,3.0,1.0,3.0,3.0,5.0,3.0,3.0,3.0,3.0,3.0,3.5,3.0,3.0,4.25,3.0,3.0
,evol_instruct,Will formic acid and phosphorus pentoxide react to produce CO at room temperature?,4.5,5.0,5.0,4.0,4.625,3.0,4.25,4.25,5.0,3.0,3.0,3.0,5.0,3.0,3.0,3.0,3.0,3.0,3.0,3.0,3.0,3.0
,evol_instruct,"Which option is correct?  
Place your final answer at the end of the response, enclosed in XML-style tags as follows: `<final_answer>X</final_answer>`.

What is the time taken for the ball to reach the ground when dropped from a rising balloon at 7 m/s from a height of 60 m?",4.5,4.75,4.5,4.5,4.5625,3.0,4.25,3.0,3.0,3.0,3.0,5.0,3.0,4.0,3.0,3.0,3.0,3.0,3.0,5.0,3.0,3.0
,evol_instruct,What type of seed or nut was found in the engine compartment of a car in southern or central California?,3.75,4.0,4.5,4.25,4.125,3.0,3.0,3.0,3.0,3.0,3.0,4.75,3.0,3.25,3.0,3.0,3.0,3.0,4.75,3.0,3.75,3.0
,evol_instruct,What is the total energy used by a 70 kg man who walks 100 m horizontally and then ascends and descends 10 m each?,3.5,2.25,4.0,2.75,3.125,3.0,3.0,1.3333333333333333,3.0,3.0,3.0,3.0,3.0,3.0,3.0,3.0,3.0,3.0,3.0,3.75,3.5,3.25
,evol_instruct,How far does the ball move between t = 1 second and t = 2 seconds?,3.5,3.25,3.5,2.75,3.25,3.0,3.0,1.75,5.0,3.0,3.5,3.0,3.0,3.0,3.0,3.0,2.75,3.0,3.0,3.0,3.0,3.0
,evol_instruct,"Choose the appropriate option from the given choices and provide your final answer at the end of the response, enclosed in single angle brackets as follows: <A>.

What volume, in mL, will 5.4 additional moles of gas fill if 2.4 moles fill 175 mL?",4.25,4.5,4.25,4.0,4.25,3.0,3.0,4.5,3.0,3.0,3.0,3.0,4.75,3.0,3.0,3.75,3.0,3.0,3.0,3.0,4.0,3.0
,evol_instruct,"Provide the final answer as the last part of your response in the format: [Answer: X], where X is the correct letter choice.

Do quaternary sulfur dications with four single bonds to substituents exist?",4.0,4.5,4.5,3.5,4.125,3.0,4.75,2.25,3.0,3.0,3.0,3.0,3.0,3.0,3.0,3.0,3.0,3.0,5.0,4.5,3.0,3.0
,evol_instruct,"Which option is correct?  
The final answer must be placed in \boxed{} format at the end of your response. Adherence to this requirement is mandatory.

What species is this red spider with a white line down its back found in southeastern Texas?",3.5,3.5,3.5,3.25,3.4375,2.25,3.0,3.0,3.75,3.0,3.0,3.0,3.0,3.0,3.0,3.0,4.75,3.0,3.0,3.0,3.0,3.0
,evol_instruct,What is the probability of measuring an electron energy of 13.54 eV in the given rectangular infinite potential well?,4.5,4.5,4.0,4.0,4.25,3.0,3.0,2.75,3.0,5.0,3.0,3.0,3.0,4.75,3.0,3.0,3.0,4.5,3.0,3.0,3.0,3.0
,evol_instruct,Can the clock and shift operators used in qudit codes be physically realized in terms of spin operators in condensed matter systems?,3.5,4.5,4.5,4.75,4.3125,3.0,3.0,3.0,3.0,3.0,4.75,3.0,3.0,3.0,3.0,3.25,3.0,3.0,4.5,4.75,3.0,3.0
,evol_instruct,"Choose the appropriate option from the given choices and provide your final answer at the end of the response, enclosed in single angle brackets as follows: <A>.

What is the approximate speed at which air would escape into space if a bottle of air were opened?",3.25,3.5,3.5,3.25,3.375,3.0,3.0,1.25,3.0,3.0,3.0,3.0,3.0,3.0,3.0,3.0,3.0,2.25,3.0,3.0,5.0,5.0
,evol_instruct,What is the refractive index of poly(methacrylamide)?,4.0,5.0,4.5,4.0,4.375,3.0,4.25,3.0,3.0,3.0,3.0,3.0,4.75,4.0,3.0,3.0,3.0,3.0,3.0,3.0,4.5,3.0
,evol_instruct,What type of sea worm was found in a puddle by the sea in Malta?,4.75,5.0,5.0,3.75,4.625,3.0,3.0,3.0,4.75,3.0,3.0,3.0,3.0,4.75,3.0,3.0,4.5,3.0,3.0,4.5,3.0,3.0
,evol_instruct,What is the expression for \( h_1 \) in terms of the given variables in the string-spring system?,4.5,4.75,5.0,4.25,4.625,3.0,3.0,3.0,4.75,3.0,4.5,4.5,3.0,3.0,3.0,3.0,3.0,3.0,4.75,3.0,3.0,3.0
,evol_instruct,What volume of helium at standard ambient temperature and pressure is needed to lift one kilogram of mass?,3.5,4.25,4.5,3.75,4.0,3.5,4.0,3.0,4.75,3.0,3.0,3.0,3.0,3.0,3.0,3.0,3.0,3.0,3.0,3.0,3.75,3.0
,evol_instruct,What happens to sodium ethoxide when heated beyond its melting point of 260°C?,3.25,3.25,3.0,3.75,3.3125,3.0,2.6666666666666665,3.0,5.0,3.0,3.0,3.0,3.0,3.0,3.0,2.6666666666666665,3.0,3.0,3.0,3.0,3.0,3.333333333333333
,evol_instruct,"A multiple-choice question follows. Choose the most appropriate option.  
Provide your final answer at the end of the response as: Answer: *X*, where X is the letter corresponding to the correct choice.

How much memory is required to represent all atoms in a human being?",4.5,5.0,5.0,3.0,4.375,4.0,3.0,3.0,3.0,3.0,3.0,3.0,3.0,3.0,3.0,3.0,3.0,3.0,3.0,5.0,4.25,4.25
,evol_instruct,"Choose the correct option, and conclude your response by enclosing the correct answer letter in double brackets: [[A]].

What is the estimated pH of rain water given a 10 ppm concentration of SO₂ in the atmosphere, a solubility of SO₂ in water of 1.3653 mol L⁻¹, and a pKa of H₂SO₃ of 1.92?",4.0,4.5,4.25,4.25,4.25,3.0,3.0,2.5,5.0,3.0,3.0,3.0,3.0,3.0,3.0,3.0,3.0,3.0,4.75,4.75,3.0,3.0
,evol_instruct,"A multiple-choice question follows. Select the most appropriate answer.

What pressure is required to make dry ice at 293K (20 degrees Celsius)?",1.25,2.5,1.75,1.75,1.8125,3.0,3.0,1.25,3.0,3.0,3.0,3.0,3.0,2.0,1.75,3.0,3.0,3.0,2.25,3.0,3.0,3.0
,evol_instruct,What is the moment of inertia of a triangular loop made of rods about an axis passing through one vertex and parallel to the base?,4.5,5.0,5.0,3.5,4.5,4.25,3.0,3.0,4.75,3.0,3.0,3.0,3.0,3.0,3.0,3.0,4.25,3.0,4.75,3.0,3.0,3.0
,evol_instruct,At what speed would the cosmic microwave background be blueshifted into the visible light spectrum?,3.0,4.5,4.5,4.0,4.0,3.0,3.5,3.0,5.0,3.0,3.0,3.0,3.0,3.0,3.0,3.5,3.0,3.0,3.0,4.0,3.0,3.0
,evol_instruct,"What is the specific weight of humid air at 293.15 K, 101325 Pa, and 10% relative humidity?",4.75,5.0,4.5,4.25,4.625,3.0,3.0,3.0,3.0,3.0,3.0,3.0,4.75,4.75,3.0,4.0,3.0,3.0,3.0,3.0,5.0,3.0
,evol_instruct,What is the minimum value that \((\Delta x')^2\) can take given that \(\Delta s^2 = \Delta x^2 - (c\Delta t)^2 > 0\)?,3.0,3.75,3.0,2.5,3.0625,1.5,3.0,3.0,3.0,3.0,3.0,3.0,3.0,4.0,3.0,3.0,3.0,3.0,4.25,3.0,3.0,2.5
,evol_instruct,Do the matrix elements $\langle211|x|200\rangle$ and $\langle21-1|x|200\rangle$ have a sign difference in the $n=2$ shell of the hydrogen atom?,4.0,4.0,4.0,4.0,4.0,3.0,3.0,3.0,3.0,4.25,4.75,3.0,3.0,3.0,3.0,3.0,3.0,3.0,3.0,4.0,3.0,3.0
,evol_instruct,What is the work done by the nitrogen gas when it leaks reversibly and isothermally from a 20 L cylinder initially at 20 atm to a jar where the final pressure is 1.19 atm?,3.5,4.75,3.75,3.0,3.75,3.0,3.0,3.0,4.25,3.0,3.0,4.0,2.75,3.0,3.0,3.0,3.0,3.0,3.0,4.0,3.0,3.0
,evol_instruct,"At the end of your response, provide the final answer in this exact format: Selected Option -> X. Answer the following question by carefully considering all options and selecting the most appropriate choice.

What is the value of $x$ in the equilibrium concentration calculation for the reaction between $\ce{CO}$ and $\ce{H2O}$?",3.75,4.0,4.0,4.0,3.9375,4.25,3.0,3.0,3.0,3.0,3.0,3.0,3.0,3.75,3.0,3.0,3.0,3.0,3.0,4.75,3.0,3.0
,evol_instruct,"If you travel away from Earth at the speed of the fastest existing spacecraft for twenty years and then return, how much younger would you be compared to people who stayed on Earth?",2.5,4.0,3.5,2.5,3.125,3.0,3.0,3.0,3.0,3.0,2.75,3.0,3.0,3.0,3.0,3.0,3.25,3.0,4.5,3.0,3.0,2.0
,evol_instruct,Do quaternary sulfur dications with four single bonds to substituents exist?,4.5,5.0,5.0,4.0,4.625,4.5,4.75,4.5,3.0,3.0,3.0,3.0,3.0,3.0,3.0,3.0,3.0,4.75,3.0,3.0,3.0,3.0
,evol_instruct,"Which option best answers the question?  
At the end, choose one option and state: Option Selected: A/B/C/D/...

What is the speed of the train rounding a curve of radius 235 m with a lamp inside making a 17.5-degree angle to the vertical?",4.25,4.5,4.0,3.0,3.9375,3.0,4.5,3.0,3.0,3.0,2.25,3.0,3.0,4.5,3.0,3.0,4.5,3.0,3.0,3.0,3.0,3.0
,evol_instruct,What is the pressure of the system when one flask is immersed in ice water and the other in boiling water?,4.0,4.0,4.25,4.25,4.125,3.0,3.0,3.0,5.0,3.0,4.5,3.0,2.75,4.25,3.0,3.0,3.0,3.0,3.0,3.0,3.0,3.0
,evol_instruct,"Choose the correct option, and conclude your response by enclosing the correct answer letter in double brackets: [[A]].

What is the concentration of H3O+ in a solution prepared by mixing equal volumes of 0.2M HCl and 0.6M H2SO4?",3.5,2.75,3.75,3.75,3.4375,2.0,4.0,3.0,3.0,3.0,3.0,3.0,3.0,3.0,3.0,3.0,3.0,3.0,3.0,3.75,4.0,3.0
,evol_instruct,What is the standard number of seconds used for a year in nuclear physics calculations?,2.75,4.0,4.25,4.5,3.875,3.0,5.0,3.0,3.0,3.0,3.0,3.25,3.0,3.0,3.0,3.0,3.0,3.0,3.0,3.0,3.5,3.75
,evol_instruct,What is the condition for overshooting in an over-damped system?,3.5,4.5,4.25,3.75,4.0,3.0,3.0,2.0,4.75,3.0,3.0,3.0,3.0,3.0,3.0,3.0,3.0,3.0,4.75,3.0,4.5,3.0
,evol_instruct,What is the result of applying the CNOT gate to the qubits \(a = (|0⟩ - |1⟩)\) and \(b = (|0⟩ + |1⟩)\)?,4.25,3.75,4.75,4.5,4.3125,3.0,3.5,3.0,3.0,4.75,3.0,4.75,3.0,4.25,3.0,3.0,3.0,3.0,3.0,3.0,3.0,3.0
,evol_instruct,"Which option best answers the question?  
At the end, choose one option and state: Option Selected: A/B/C/D/...

What is the concentration of \([\ce{H+}]\) in a \(0.20~\mathrm{M}\) solution of \(\ce{Na3PO4}\) given the \(K_\mathrm{b}\) of \(\ce{HPO4^2-}\) is \(2.22 \times 10^{-2}\)?",4.75,5.0,5.0,4.25,4.75,3.0,3.0,3.0,3.0,3.0,4.75,3.0,3.0,3.0,3.0,3.0,4.5,3.0,3.0,4.75,5.0,3.0
,evol_instruct,What will be the new equilibrium concentration of CO after the volume is halved?,3.0,2.5,2.5,2.5,2.625,3.0,3.0,3.0,3.0,3.0,3.0,3.0,1.75,3.0,3.0,3.0,1.5,4.5,3.0,3.0,2.75,3.0
,evol_instruct,What formula or method can be used to determine the force required to crush an object into a black hole?,3.25,2.0,3.0,2.5,2.6875,3.0,3.0,3.0,3.75,3.5,3.0,3.0,3.0,3.0,3.0,3.0,1.25,3.0,3.0,3.0,2.25,3.0
,evol_instruct,"What is the minimum initial velocity required for a stone to clear two walls of height \( h \) meters, separated by a distance \( d \) meters, assuming no air resistance?",3.25,3.5,4.5,3.25,3.625,3.0,3.0,3.0,3.0,3.0,4.0,3.0,3.0,3.0,3.0,3.333333333333333,3.0,3.75,3.0,3.0,3.0,3.0
,evol_instruct,"A multiple-choice question follows. Select the most appropriate answer.

What is the risk of asteroid 2012 DA14 hitting the moon or a geostationary satellite?",4.25,4.25,4.5,4.25,4.3125,3.0,4.0,3.0,5.0,3.0,5.0,3.0,3.0,3.0,3.0,3.25,3.0,3.0,3.0,3.0,3.0,3.0
,evol_instruct,"Which option best answers the question?  
At the end of your response, put the final answer in this exact format: Selected Option -> X.

What is the pH of water at 25°C given the specific conductance and molar conductivities of H+ and OH-?",4.0,4.25,3.0,3.5,3.6875,3.0,2.333333333333333,3.0,4.333333333333333,3.0,3.0,4.333333333333333,3.0,3.0,3.0,3.0,3.0,3.0,3.0,4.666666666666667,3.0,3.0
,evol_instruct,How is the formula in equation (19.26) of Peskin & Schroeder derived?,3.5,4.5,4.25,3.25,3.875,3.25,3.0,3.0,4.75,3.0,3.0,4.5,3.0,3.0,3.0,3.0,3.0,3.0,3.0,3.0,3.0,3.0
,evol_instruct,Which semiconductor material would experience a resistance drop factor of 3.5 when cooled from 300K to 273K?,4.0,4.5,4.0,4.0,4.125,3.0,3.0,3.0,3.0,4.0,4.25,3.0,3.0,4.75,3.0,3.0,3.0,3.0,3.0,3.0,3.0,3.5
,evol_instruct,What is the pH when 150 ml of 1 M NaOH is added to 100 ml of 1 M H3PO4?,3.75,3.75,3.25,3.75,3.625,1.75,3.75,4.0,3.0,3.0,5.0,3.0,3.0,3.0,3.0,3.0,3.0,3.0,3.0,3.0,3.0,3.0
,evol_instruct,What describes the equilibrium state of a charge placed at the center of a square with four equal point charges at its corners?,4.75,4.75,4.75,4.5,4.6875,3.0,3.0,3.0,3.0,3.0,5.0,4.75,4.5,3.0,3.0,3.0,3.0,3.0,3.0,3.0,3.0,4.5
,evol_instruct,"What is the pH of a solution containing 20 mL of 10 mmol/L NaOH, 10 mL of 10 mmol/L HCl, 10 mL of 10 mmol/L NaH2PO4, and 5 mL of 10 mmol/L Na3PO4?",3.0,2.75,3.5,3.75,3.25,3.0,3.0,3.0,3.0,3.0,3.75,3.25,3.0,3.0,3.0,3.0,2.75,3.0,3.0,3.0,3.25,3.0
,evol_instruct,How does the Reynolds number formula change for a partially filled pipe compared to a fully filled pipe?,4.5,4.5,5.0,4.5,4.625,3.0,3.0,3.0,3.0,3.0,3.0,5.0,5.0,4.25,3.0,3.0,3.0,4.25,3.0,3.0,3.0,3.0
,evol_instruct,What is the approximate empirical formula for kerosene in terms of carbon and hydrogen ratios?,4.5,5.0,4.5,4.0,4.5,3.0,3.0,3.0,3.0,3.0,4.5,3.0,3.0,3.0,3.0,3.0,4.5,4.0,3.0,5.0,3.0,3.0
,evol_instruct,"Provide the selected option in this format: Selected Option -> X.

What is the time it takes for three sinusoidal waves with frequencies 1.3 Hz, 0.8 Hz, and 1.5 Hz to meet at zero amplitude again?",4.5,4.0,4.0,3.5,4.0,3.0,3.0,3.75,3.0,3.0,3.0,4.5,3.0,3.75,3.0,3.0,3.0,3.0,4.0,3.0,3.0,3.0
,evol_instruct,"What symmetry element makes 1,4,6-trichlorodiamantane optically inactive?",2.75,3.25,2.25,3.0,2.8125,3.0,3.0,3.0,4.75,3.0,3.0,3.0,2.0,3.0,3.0,3.0,3.0,3.0,1.5,3.0,3.0,3.0
,evol_instruct,"Which option best answers the question?  
At the end, choose one option and state: Option Selected: A/B/C/D/...

What is the condition for the existence of at least one bound state in the given potential?",4.75,5.0,4.75,5.0,4.875,3.0,3.0,3.0,5.0,3.0,3.0,5.0,3.0,3.0,3.0,4.75,4.75,3.0,3.0,3.0,3.0,3.0
,evol_instruct,What is the energy of the ground state for the given Hamiltonian of a spin 1 particle?,4.25,4.5,4.25,4.25,4.3125,4.5,4.25,3.75,3.0,3.0,3.0,3.0,4.75,3.0,3.0,3.0,3.0,3.0,3.0,3.0,3.0,3.0
,evol_instruct,What is the neutral axis of the given T-shaped beam?,4.25,4.25,4.25,3.75,4.125,3.0,3.0,3.0,3.0,4.75,3.0,3.0,3.0,3.0,3.0,3.0,3.0,4.0,4.75,3.0,3.0,3.0
,evol_instruct,"Which option best answers the question?  
At the end, choose one option and state: Option Selected: A/B/C/D/...

Is Newtonian gravity sufficient for planning a successful Moon voyage, or are there critical predictions where it fails compared to Einstein's theory?",4.25,4.75,4.0,3.75,4.1875,3.75,3.0,3.0,3.0,3.0,4.75,3.0,3.0,3.0,3.0,3.0,3.0,3.0,4.25,3.0,3.0,4.0
,evol_instruct,"Put the correct letter at the end like this: Correct Letter: [X]. For example: Correct Letter: [B]. This is a multiple-choice question—choose the most appropriate option.

How many geometrical isomers are possible for an octahedral complex with all different ligands?",5.0,5.0,5.0,3.5,4.625,4.5,3.0,3.0,4.75,3.0,3.0,3.0,3.0,3.0,3.0,3.0,4.75,3.0,4.5,3.0,3.0,3.0
,evol_instruct,What volume of 0.1 M HCl should be added to 500 mL of 0.5 M HCOOH to achieve a pH of 1.5?,4.25,4.5,4.25,3.5,4.125,3.0,3.0,3.0,3.0,3.0,3.0,3.75,3.0,4.5,3.0,3.0,3.0,3.0,3.0,4.5,3.75,3.0
,evol_instruct,How many joules would a railgun need to shoot a 3-gram bullet at Mach 7?,2.75,2.25,2.75,2.5,2.5625,1.0,3.0,3.0,3.0,5.0,1.75,3.0,3.0,3.0,3.0,3.0,3.0,3.0,3.0,3.0,3.0,2.5
,evol_instruct,What is the mean number of times a player gets the opportunity to pull the trigger in the Russian roulette game?,4.0,4.75,4.75,4.0,4.375,3.0,4.5,3.0,4.5,5.0,3.0,3.0,3.0,3.0,3.0,3.0,3.0,3.0,3.0,3.0,3.0,3.5
,evol_instruct,"Which of the following options is correct? The final answer must be enclosed in \boxed{} at the end of the response.

What was the speed of the uranium projectile in the Little Boy bomb?",3.5,4.0,3.0,2.75,3.3125,3.0,3.0,3.0,3.0,3.0,3.0,3.6666666666666665,2.333333333333333,3.0,3.0,3.0,3.0,3.0,4.666666666666667,3.0,3.0,3.0
,evol_instruct,"What experiment provides evidence that electrons interfere with each other, not just themselves?",3.75,4.0,3.5,3.5,3.6875,3.0,3.0,3.0,3.75,4.75,3.0,3.0,3.0,3.0,3.0,3.0,2.0,3.0,3.0,3.0,4.25,3.0
,evol_instruct,"What is the approximate passive power circulating around a ""classical"" electron in gigawatts (GW)?",3.0,3.75,2.75,3.0,3.125,3.0,3.0,3.0,3.0,3.0,3.0,3.0,3.0,5.0,1.5,3.0,3.0,3.0,3.0,3.0,3.0,3.0
,evol_instruct,How long would it take to travel 40 light years using current space travel technology?,3.5,3.75,4.0,3.75,3.75,3.0,3.0,3.0,3.0,3.0,3.0,3.0,3.0,3.0,3.0,3.0,4.25,3.0,4.0,3.75,3.0,3.0
,evol_instruct,What is the net electric flux through an open-faced cone when the electric field is uniform and points horizontally to the right?,2.0,1.5,2.0,1.5,1.75,3.0,3.0,3.0,3.0,3.0,1.0,3.0,3.0,3.0,1.0,3.0,3.0,3.0,2.5,3.0,3.0,2.5
,evol_instruct,What is the mean lifetime of a positron in the Sun's core?,3.25,3.5,3.0,2.75,3.125,3.0,3.0,3.0,3.0,3.0,4.75,3.0,4.5,3.0,3.0,1.75,3.0,3.0,1.5,3.0,3.0,3.0
,evol_instruct,"Choose the best answer from the options given. End your response by putting the correct option letter in double asterisks, like **A**.

What is the edge length of the aluminum unit cell in cm, given its density is 2.70 g/cm³ and it forms a face-centered cubic unit cell?",3.5,2.75,3.25,3.0,3.125,3.0,3.0,1.25,3.0,3.0,3.0,3.0,3.0,3.0,3.0,3.0,2.5,5.0,3.0,3.75,3.0,3.0
,evol_instruct,What condition minimizes the distance between an object and its image through a convex lens?,4.0,4.25,3.5,3.75,3.875,3.0,3.0,3.0,5.0,3.0,3.0,3.0,4.0,3.0,2.75,3.0,3.0,3.0,3.0,3.0,3.75,3.0
,evol_instruct,What type of addition does hydrogenation with Ni2B typically give?,4.0,4.25,4.0,3.5,3.9375,3.0,3.0,4.25,3.0,5.0,3.0,3.0,3.0,3.0,3.0,4.5,3.0,3.0,2.0,3.0,3.0,3.0
,evol_instruct,"Choose the correct option, and conclude your response by enclosing the correct answer letter in double brackets: [[A]].

What is the correct species epithet for a diatom named in honor of Prof. Vodyanitskiy?",3.5,4.5,4.75,3.5,4.0625,3.25,3.0,3.0,3.0,3.0,3.0,4.75,3.25,3.0,3.0,3.0,3.0,3.0,3.0,3.0,5.0,3.0
,evol_instruct,"What is the correct expression for the force exerted on a point charge +q located at (0,y) by the charge distributions along the x-axis?",4.75,4.75,3.0,4.0,4.125,3.0,3.0,3.0,3.0,3.0,4.0,4.333333333333333,5.0,3.0,3.0,3.0,3.0,3.0,3.0,4.666666666666667,3.0,3.0
,evol_instruct,What velocity would an alpha particle need to overcome the Coulomb potential barrier of gold foil in the Rutherford-Geiger-Marsden experiment?,2.25,3.5,3.5,3.5,3.1875,3.0,3.0,3.0,3.0,3.25,3.0,2.75,3.0,3.0,3.0,3.0,3.0,3.0,3.0,3.75,3.0,3.0
,evol_instruct,"What is the work done on a 3.4 kg object by a single force from \( t = 0 \) to \( t = 6.5 \) seconds, given the position function \( x = 4.2t - 2.1t^2 + 2.5t^3 \)?",4.25,4.5,4.25,3.25,4.0625,3.0,3.0,3.0,3.0,3.0,3.0,4.25,3.0,3.0,3.0,2.75,4.75,3.0,3.0,3.0,3.0,4.5
,evol_instruct,"Put your final answer at the end as: Answer: *X*

What is the E/Z configuration of 1-bromo-3-methylcyclopent-1-ene?",4.75,4.75,4.5,4.0,4.5,4.25,4.75,3.0,3.0,3.0,3.0,3.0,3.0,3.0,3.0,4.5,4.5,3.0,3.0,3.0,3.0,3.0
,evol_instruct,"What is the half-life of the unimolecular reaction \(\ce{H2O2 + M -> OH + OH + M}\) at 1 atm and 1000 K, given \(A = \pu{3E14 1/s}\) and \(E_\mathrm{a} = \pu{305 kJ/mol}\)?",4.0,5.0,4.666666666666667,4.0,4.416666666666667,3.0,3.0,3.0,3.0,3.0,3.0,3.0,3.0,4.25,3.0,3.0,4.333333333333333,3.0,4.75,3.0,4.25,3.0
,evol_instruct,"Which of the following is the best answer? Provide the correct option at the end, enclosed in single angle brackets: <A>.

What species of dragonfly is characterized by a bright bluish-white band on its black body and found in Hsinchu County, Taiwan?",3.25,3.0,3.75,3.75,3.4375,3.0,3.0,3.0,3.0,3.0,3.25,3.0,3.25,3.0,3.0,3.0,3.0,3.0,3.75,3.0,3.5,3.0
,evol_instruct,What distance does an average person travel in their 80-year lifetime considering Earth's movements?,4.25,4.5,4.666666666666667,3.5,4.229166666666667,4.5,4.75,2.333333333333333,3.0,3.0,4.75,3.0,3.0,3.0,3.0,3.0,3.0,3.0,3.0,3.0,3.0,3.0
,evol_instruct,Is there an example of a function in the domain of the self-adjoint momentum operator but not in the domain of the symmetric momentum operator?,3.5,3.5,3.25,3.5,3.4375,3.0,3.0,3.0,4.5,4.0,3.0,3.0,3.0,3.0,3.0,1.0,3.0,3.0,3.0,3.0,4.25,3.0
,evol_instruct,What is the required delta-V to change from a KSC-launched LEO to an equatorial LEO orbit?,3.0,4.25,3.5,3.0,3.4375,2.0,3.0,3.0,3.0,3.0,3.0,4.25,3.0,3.0,3.0,3.0,2.5,3.0,3.0,3.0,5.0,3.0
,evol_instruct,What will happen to superheated water at 250 Celsius when a small hole is made in its high-pressure container?,4.5,4.75,5.0,4.25,4.625,3.0,4.5,3.0,5.0,3.0,3.0,3.0,3.0,3.0,3.0,4.0,5.0,3.0,3.0,3.0,3.0,3.0
,evol_instruct,"How long will it take for a 65 kg parachutist to reach the ground after dropping from 2500 m, given air resistance constants of 20 N-sec/m (chute closed) and 90 N-sec/m (chute open), with the chute opening at 25 m/sec?",4.0,5.0,4.25,4.25,4.375,3.0,3.0,3.0,3.0,3.0,3.0,3.0,3.0,3.0,3.0,3.0,4.5,4.25,3.0,4.25,3.0,4.5
,evol_instruct,What is a modern and accessible textbook on special relativity suitable for high school students?,2.5,3.0,3.0,2.75,2.8125,3.0,3.0,3.0,3.0,3.75,3.0,3.0,1.25,3.0,3.0,2.0,3.0,3.0,3.0,4.25,3.0,3.0
,evol_instruct,What file format does JSkyCat use for local catalogs?,4.25,4.5,4.5,4.0,4.3125,3.5,3.0,3.0,3.0,3.0,3.0,3.0,3.0,3.0,3.0,3.0,4.75,4.0,3.0,3.0,5.0,3.0
,evol_instruct,What is the volume percent of one of the gases in the mixture?,4.5,4.25,4.25,4.25,4.3125,3.0,3.5,3.75,3.0,3.0,5.0,5.0,3.0,3.0,3.0,3.0,3.0,3.0,3.0,3.0,3.0,3.0
,evol_instruct,"What is the reason for the potential lack of covariance in the propagator $\Delta_{lm}(x,y)$ as described in Weinberg's QFT Vol.1?",3.75,3.75,4.5,3.5,3.875,3.0,3.0,2.0,5.0,3.0,3.0,3.0,3.0,3.0,3.0,3.0,3.0,3.0,4.75,3.0,3.0,3.75
,evol_instruct,What is the density of air at 99 kPa and 322.15 K?,4.25,4.75,4.75,4.0,4.4375,3.0,3.0,4.25,3.0,3.0,4.5,3.0,3.0,3.0,3.0,3.0,3.0,4.25,4.75,3.0,3.0,3.0
,evol_instruct,How much work can be obtained when 1 kg of water at 90°C is cooled to 5°C in a constant volume process?,3.0,3.75,3.75,4.25,3.6875,3.0,3.0,3.0,4.25,3.0,3.0,3.0,3.0,3.0,3.0,3.75,3.0,3.0,3.25,3.5,3.0,3.0
,evol_instruct,What is the pH of a 1 M solution of NH4CN given the hydrolysis constants Kh = 5.6 × 10⁻¹⁰ and Kh = 2.5 × 10⁻⁵?,4.0,4.5,4.25,4.25,4.25,3.0,5.0,3.0,3.0,3.0,3.0,3.0,2.75,3.0,3.0,3.0,3.0,3.0,3.0,4.75,4.5,3.0
,evol_instruct,What is the volume (cm³) of hydrogen gas evolved from the hydrolysis of 309 mg of 90% pure ammonia borane at 27 °C and 1.0 bar?,4.75,5.0,5.0,4.75,4.875,3.0,3.0,3.0,5.0,3.0,3.0,4.5,3.0,3.0,3.0,3.0,3.0,3.0,5.0,3.0,5.0,3.0
,evol_instruct,What is the additional mass \( m \) of the block on the inclined plane?,3.5,4.25,4.666666666666667,3.5,3.979166666666667,3.0,3.0,3.0,3.0,3.0,2.0,3.0,3.0,4.75,3.0,3.0,3.0,3.0,3.0,3.0,4.5,4.0
,evol_instruct,What is the initial speed of the bird if it dives 28 meters and reaches a speed of 100 km/h at the water's surface?,3.0,3.75,2.75,3.0,3.125,3.0,3.0,3.0,3.0,3.0,3.0,3.0,3.0,3.0,3.0,2.25,4.5,3.0,2.75,3.0,3.0,3.0
,evol_instruct,"A multiple-choice question follows. Select the most appropriate answer.

What is the partial pressure of Ar (in bar) after the piston is pulled back to fix the gas volume to 15.8 L?",3.25,4.25,4.0,4.5,4.0,3.0,3.0,3.0,3.0,3.0,3.0,3.25,3.0,4.0,3.0,3.0,3.0,3.0,5.0,3.75,3.0,3.0
,evol_instruct,"What are the equilibrium concentrations of $\ce{Ag+}$, $\ce{Cl-}$, and $\ce{Br-}$ after mixing $\pu{500 ml}$ of $\pu{0.01 M}$ $\ce{AgNO3}$ with $\pu{500 ml}$ of a solution containing $\pu{0.1 M}$ $\ce{NaCl}$ and $\pu{0.1 M}$ $\ce{NaBr}$, given $K_\mathrm{sp}$ of $\ce{AgCl}$ is $10^{-10}$ and $K_\mathrm{sp}$ of $\ce{AgBr}$ is $5 \times 10^{-13}$?",4.25,4.0,4.25,4.0,4.125,3.0,3.25,3.0,3.0,4.75,3.0,3.0,3.0,3.0,3.0,3.0,3.0,4.5,3.0,3.0,4.0,3.0
,evol_instruct,"What is the molecular formula of a compound with 67.3% C, 4.62% N, 6.93% H, and O, given its molar mass is 283 g/mol?",3.5,3.0,3.5,3.5,3.375,3.0,3.0,1.5,3.0,3.0,3.0,3.0,4.5,3.0,3.0,3.0,3.0,3.0,3.0,3.0,4.5,3.0
,evol_instruct,Are electrons at the center of the Sun degenerate or non-degenerate?,2.5,2.0,2.25,2.0,2.1875,3.0,3.0,3.0,3.0,3.0,2.75,3.0,2.25,2.25,3.0,3.0,3.0,3.0,3.0,3.0,3.0,1.5
,evol_instruct,What is the mass of 1 liter of ethylene at 2000 bar and 310 Kelvin?,4.25,3.5,4.5,4.0,4.0625,3.0,3.0,3.0,3.0,5.0,3.75,3.0,3.0,4.0,3.0,3.0,3.0,3.0,3.0,3.0,3.0,3.5
,evol_instruct,"Consider the following question carefully, reason through it, and select the most appropriate answer. At the end of your response, select one option and state it as: Option Selected: A/B/C/D/...

What is the smallest possible packing percentage of nitrogen gas in a 1x1x1 meter box at standard temperature and pressure?",3.5,3.5,3.25,3.0,3.3125,3.0,3.0,2.25,3.0,3.0,4.25,4.75,2.0,3.0,3.0,3.0,3.0,3.0,3.0,3.0,3.0,3.0
,evol_instruct,What is the minimum number of CNOT gates required to decompose a parity-preserving two-qubit gate into a sequence of CNOT gates and arbitrary single-qubit gates?,2.25,2.75,2.0,2.25,2.3125,3.0,2.25,3.0,3.0,3.0,3.0,4.25,3.0,3.0,3.0,3.0,1.0,3.0,1.75,3.0,3.0,3.0
,evol_instruct,"Answer the following question, and conclude your response with ""(Answer: X)"", where X is one of [A, B, C, D, ...].

Can the spin +1 state of a spin-1 particle be transferred to the spin 0 state by rotating the frame?",4.25,3.25,4.25,4.0,3.9375,3.0,3.0,3.0,4.0,4.5,3.0,3.0,3.0,4.25,3.0,3.0,3.0,3.0,3.0,3.0,3.0,3.0
,evol_instruct,What is the estimated energy in a single wing beat of a mosquito in eV?,4.5,5.0,5.0,4.25,4.6875,4.75,3.0,3.0,3.0,3.0,3.0,5.0,3.0,3.0,3.0,3.0,3.0,4.5,3.0,3.0,3.0,4.5
,evol_instruct,What is the recoil velocity of a hydrogen atom when an electron jumps from n=1 to n=2?,3.0,3.25,4.666666666666667,3.0,3.479166666666667,3.0,3.0,1.0,3.0,3.0,3.0,3.0,3.0,4.75,3.0,4.25,3.0,3.0,3.0,3.0,3.0,3.0
,evol_instruct,How does $\sigma^2\psi_L^*$ transform under the given conditions?,3.5,2.75,2.75,2.5,2.875,3.0,3.5,3.0,3.0,4.5,3.0,2.0,3.0,3.0,3.0,3.0,3.0,3.0,3.0,3.0,3.0,1.5
,evol_instruct,What is the molarity of 1500 ppm boric acid in water at 300°C and high pressure?,3.75,4.0,4.0,3.25,3.75,4.0,3.0,3.0,3.0,3.0,3.0,3.0,3.0,1.5,3.0,4.75,3.0,3.0,3.0,4.75,3.0,3.0
,evol_instruct,What is the vertical velocity of the ski jumper upon landing after a record 246.5m jump?,4.0,5.0,3.0,4.0,4.0,3.0,3.0,3.0,3.0,4.666666666666667,3.0,3.0,3.0,4.666666666666667,3.0,3.0,3.0,3.0,3.0,3.333333333333333,4.666666666666667,3.0
,evol_instruct,What is the maximum possible accuracy achievable when firing an electron at a target?,4.5,5.0,4.5,4.25,4.5625,3.0,3.0,3.0,3.0,3.0,3.0,3.0,4.5,3.0,3.0,3.0,4.75,3.0,4.75,3.0,3.0,4.25
,evol_instruct,What is the largest known difference between \( r_e \) and \( r_0 \) in a real molecule?,5.0,5.0,4.5,4.25,4.6875,3.0,3.0,3.0,5.0,3.0,4.5,3.0,3.0,3.0,3.0,3.0,3.0,4.5,3.0,3.0,3.0,4.75
,evol_instruct,"Which of the following options is correct? Conclude your response by placing the letter of the correct option between double asterisks, as in **A**.

How many geometrical isomers does the complex [Cr(NH3)2Cl2(en)]+ have?",3.25,3.0,3.5,3.25,3.25,2.5,3.0,3.0,3.0,2.25,3.0,4.5,3.0,3.0,3.0,3.0,3.0,3.0,3.0,3.0,3.0,3.75
,evol_instruct,"What is the equivalent resistance when two resistors, $R_1 = 100\pm 3 \ \Omega$ and $R_2 = 200\pm 4 \ \Omega$, are connected in parallel?",4.0,3.5,3.75,3.75,3.75,3.0,3.0,3.0,3.0,4.5,2.0,3.0,3.0,3.0,3.0,4.0,3.0,3.0,3.0,4.5,3.0,3.0
,evol_instruct,What symmetry factor arises when exchanging $j_1$ with $j_3$ in the given two 3j symbols?,4.25,4.75,4.75,4.25,4.5,3.0,4.25,3.0,5.0,3.0,3.0,3.0,3.0,3.0,3.0,3.0,3.0,3.0,3.0,3.0,4.75,4.0
,evol_instruct,"For the final answer, place it at the end of your response in the format: The answer is: |X|, where X is the letter corresponding to the correct choice. Select the most appropriate answer.

What is the relationship between the impact parameter \( b \) and the scattering angle \( \theta \) for two colliding hard spheres in elastic scattering?",4.0,4.5,4.75,3.75,4.25,3.0,3.0,3.0,3.0,3.0,3.0,5.0,2.75,3.0,3.0,3.0,3.0,4.5,3.0,4.75,3.0,3.0
,evol_instruct,"Which option is correct?  
The final answer must be placed in \boxed{} format at the end of your response. Adherence to this requirement is mandatory.

What is the reorganization energy in kcal/mol for a system solvated in water using Marcus' non-equilibrium approach?",4.75,4.5,4.75,3.75,4.4375,3.0,3.0,3.5,4.75,3.0,3.0,3.0,3.0,4.75,3.0,3.0,3.0,4.75,3.0,3.0,3.0,3.0
,evol_instruct,What additional observable(s) are needed to uniquely label the basis states in an irreducible representation of $SO(N)$ when $N>3$?,4.0,5.0,5.0,3.75,4.4375,3.0,3.0,4.25,3.0,3.0,3.0,3.0,4.5,3.0,3.0,4.5,3.0,3.0,3.0,3.0,4.5,3.0
,evol_instruct,What historical term for an inductor starts with the letter L?,4.0,3.5,4.25,4.0,3.9375,3.0,3.0,3.0,3.0,3.0,5.0,3.0,3.0,3.0,3.0,3.0,3.75,4.0,3.0,3.0,3.0,3.0
,evol_instruct,How can dispersion correction be applied with TPSSh in Gaussian 16?,3.75,4.25,3.25,4.25,3.875,3.0,3.0,3.0,4.25,3.0,3.0,3.0,3.25,3.0,3.0,3.0,4.0,4.0,3.0,3.0,3.0,3.0
,evol_instruct,What is the name of the plant with summer blooms and red seeds that grows in a container in Southern California?,4.5,4.75,4.75,4.0,4.5,4.75,3.0,3.0,3.0,4.75,3.0,3.0,3.0,3.5,3.0,3.0,3.0,3.0,3.0,5.0,3.0,3.0
,evol_instruct,"At the end of your response, put your final answer inside XML-style tags like this: `<final_answer>X</final_answer>`. Choose the most appropriate answer from the options below.

What species of spider is identified by its flat posture, doubled front legs, and brownish-dark gray color found in a New York garage in May?",4.5,4.75,4.0,4.0,4.3125,3.0,3.0,3.0,3.0,3.0,3.0,3.0,3.0,3.0,3.0,3.0,4.75,3.0,4.25,4.5,3.0,3.75
,evol_instruct,At what distance does magnetic attraction between two aligned electrons overcome their electric repulsion?,4.0,3.75,4.0,3.5,3.8125,3.0,3.0,3.0,3.0,3.0,2.5,3.0,3.5,3.0,3.0,3.0,4.25,3.0,3.0,5.0,3.0,3.0
,evol_instruct,"Which bacteria, similar to M. tuberculosis, is known for not having plasmids?",3.25,2.25,3.5,3.25,3.0625,3.0,3.0,3.0,3.0,3.0,3.0,3.0,2.25,3.0,3.0,5.0,2.0,3.0,3.0,3.0,3.0,3.0
,evol_instruct,"What type of fish was caught near San Jose, Cabo San Lucas?",4.25,5.0,4.0,4.75,4.5,4.5,3.0,3.0,4.75,3.0,4.75,3.0,3.0,3.0,3.0,3.0,3.0,3.0,3.0,4.0,3.0,3.0
,evol_instruct,What is the period of a T-shaped pendulum with a center of mass 1/3 the way below the rotation axis?,4.0,4.25,3.0,4.0,3.8125,3.0,5.0,1.75,3.0,3.0,3.0,3.0,5.0,3.0,3.0,3.0,3.0,3.0,3.0,3.0,3.0,5.0
,evol_instruct,How is 2 mbar of atmospheric methane converted to tons?,4.75,4.75,4.75,4.5,4.6875,3.0,3.0,3.0,3.0,5.0,3.0,4.75,4.0,3.0,3.0,3.0,3.0,3.0,5.0,3.0,3.0,3.0
,evol_instruct,What is the weight of V₂O₅ produced from 2 g of VO and 5.75 g of Fe₂O₃?,3.25,4.25,3.5,3.75,3.6875,3.0,3.0,3.0,3.0,3.0,3.0,3.0,3.0,3.0,3.0,3.0,3.0,3.0,4.5,3.0,4.25,3.0
,evol_instruct,"What species are the phytophagous worms that feed on rain lilies in Andhra Pradesh, India?",4.25,4.75,4.666666666666667,3.75,4.354166666666667,3.0,3.0,5.0,3.0,3.0,3.333333333333333,3.0,4.0,3.0,3.0,3.0,3.0,4.75,3.0,3.0,3.0,3.0
,evol_instruct,What is the approximate energy density of the inflaton field in joules per cubic meter during inflation?,4.0,4.0,4.5,4.0,4.125,3.0,3.0,3.0,4.75,3.0,3.0,3.0,3.0,3.0,3.0,3.0,3.5,3.0,3.0,3.0,4.25,4.0
,evol_instruct,What is the average kinetic energy of gas molecules hitting a container's surface?,2.75,3.75,2.5,2.25,2.8125,3.0,3.0,2.25,3.0,3.0,3.0,1.75,3.0,3.0,3.0,3.0,3.0,3.0,3.0,4.25,3.0,3.0
,evol_instruct,"At the end of your response, provide the correct answer choice using the following format: [Answer: X], where X is the corresponding letter of your final answer. Which of the following represents the most appropriate choice?

How much longer would you live on Jupiter compared to Earth due to gravitational time dilation?",3.75,4.0,4.25,3.5,3.875,3.25,3.0,3.0,5.0,5.0,3.0,3.0,3.0,2.25,3.0,3.0,3.0,3.0,3.0,3.0,3.0,3.0
,evol_instruct,"If you were traveling in a spaceship at nearly the speed of light, how long would it take you to travel 1 light year according to your own time?",3.25,4.25,5.0,3.25,3.9375,3.0,3.0,1.6666666666666667,4.5,3.0,3.0,3.0,4.75,4.0,3.0,3.0,3.0,3.0,3.0,3.0,3.0,3.0
,evol_instruct,"The final answer must be placed in \boxed{} format at the end of your response. Ensure strict adherence to this requirement. Choose the most appropriate answer from the options given.

What is the name of the insect species zipping around the flower bed on the coast of Peru?",4.0,5.0,4.0,3.75,4.1875,3.0,3.0,3.0,4.25,3.0,5.0,3.0,3.0,3.0,3.0,4.0,3.0,3.5,3.0,3.0,3.0,3.0
,evol_instruct,What is the activation energy for a reaction where a ten degree rise in temperature approximately doubles the reaction rate?,3.75,4.0,3.5,3.25,3.625,3.0,3.0,3.0,3.0,3.0,3.0,5.0,1.5,3.0,3.0,3.75,4.25,3.0,3.0,3.0,3.0,3.0
,evol_instruct,What oil did Robert A. Millikan use in his oil drop experiment?,2.5,2.25,3.5,2.5,2.6875,1.25,2.25,3.0,3.0,4.75,3.0,2.5,3.0,3.0,3.0,3.0,3.0,3.0,3.0,3.0,3.0,3.0
,evol_instruct,Is the gizzard muscle in birds voluntary or involuntary?,2.75,3.0,3.25,3.5,3.125,3.0,3.0,3.0,3.0,4.75,3.0,3.0,3.0,3.0,3.0,3.0,2.25,2.5,3.0,3.0,3.0,3.0
,evol_instruct,At what distance would a planet need to be from a supernova to avoid destruction by neutrino flux?,4.5,5.0,5.0,4.0,4.625,3.0,4.75,3.0,3.0,3.0,3.0,4.5,3.0,3.0,3.0,3.0,3.0,4.75,3.0,4.333333333333333,3.0,3.0
,evol_instruct,"Which of the following options is correct? The final answer must be enclosed in \boxed{} at the end of the response.

What is the estimated temperature of the Sun based on the duration of sunrise lasting 2.1 minutes?",2.25,3.5,3.25,2.5,2.875,3.0,3.75,1.75,3.0,3.0,3.0,3.0,3.0,3.0,3.0,2.75,3.0,3.25,3.0,3.0,3.0,3.0
,evol_instruct,What is the IUPAC name for the compound shown with a benzene ring and a five-membered ring?,3.75,3.25,4.0,3.5,3.625,3.0,4.25,3.0,3.0,3.0,3.0,3.0,2.5,3.0,3.0,3.0,3.0,3.75,3.0,3.0,3.0,4.0
,evol_instruct,What is the total distance traveled by the particle along the $x$-axis from $t=0$ to $t=4$ seconds?,2.5,3.0,2.75,3.25,2.875,3.0,3.0,3.0,3.0,3.0,3.0,3.0,3.0,4.5,1.25,3.0,3.0,3.0,3.0,3.0,3.0,2.75
,evol_instruct,"Choose the correct option, and conclude your response by enclosing the correct answer letter in double brackets: [[A]].

What is the expression for the natural logarithm of the activity coefficient \(\gamma_1\) in the Margules activity model?",3.75,4.5,4.25,3.25,3.9375,4.0,3.0,2.0,5.0,3.0,3.0,3.0,4.75,3.0,3.0,3.0,3.0,3.0,3.0,3.0,3.0,3.0
,evol_instruct,How much energy in the form of electromagnetic waves passes through a 1 cubic meter volume in intergalactic space per second?,4.5,4.75,4.75,4.0,4.5,3.0,4.25,3.0,3.0,3.0,3.0,3.0,3.0,3.0,3.0,4.25,3.0,3.0,4.75,4.75,3.0,3.0
,evol_instruct,Which gas has the highest value of the van der Waals constant \(a\)?,2.75,3.0,1.0,2.5,2.3125,3.0,3.0,3.0,4.666666666666667,3.0,3.0,3.0,3.0,2.6666666666666665,3.0,3.0,1.75,1.5,3.0,3.0,3.0,3.0
,evol_instruct,What are the volumes of 0.30 M sodium ethanoate and 0.20 M HCl needed to prepare a 1.0 L buffer solution with a pH of 4.43?,4.5,5.0,5.0,4.0,4.625,3.0,5.0,3.0,3.0,4.5,3.0,3.0,4.25,3.0,3.0,3.0,3.0,4.75,3.0,3.0,3.0,3.0
,evol_instruct,Can two billiard balls create a black hole if they collide with sufficient kinetic energy?,4.25,5.0,4.75,4.0,4.5,4.0,3.0,3.0,3.0,3.0,4.5,3.0,3.0,3.0,3.0,4.5,5.0,3.0,3.0,3.0,3.0,3.0
,evol_instruct,What is the effective Coulomb barrier for a deuterium-deuterium fusion reaction?,3.75,4.5,4.25,3.25,3.9375,3.0,4.25,2.0,3.0,5.0,3.0,3.0,3.0,3.0,3.0,3.0,3.0,3.0,3.0,3.0,3.0,4.5
,evol_instruct,What is the concentration of $\ce{Cu^2+}$ in the voltaic cell?,4.25,4.75,4.75,3.5,4.3125,3.0,3.0,3.0,3.0,3.0,3.0,4.75,3.0,4.25,3.0,3.0,3.0,3.0,4.75,3.5,3.0,3.0
,evol_instruct,What is the approximate speed of an electrical current traveling through salt water?,4.0,4.5,4.0,4.25,4.1875,3.0,3.0,3.0,3.0,3.0,3.0,4.5,3.0,3.0,3.0,4.25,3.0,3.0,3.0,5.0,3.0,3.0
,evol_instruct,"What is the name of the strange creature found in a shallow puddle after a thunderstorm in Corpus Christi, Texas?",4.25,4.5,3.25,3.5,3.875,3.0,3.0,3.0,5.0,3.0,3.0,3.0,2.0,3.0,3.0,3.0,3.0,3.0,3.0,4.25,3.0,4.25
,evol_instruct,What is the hardness of water when 1.64 g of Ca(NO3)2 and 0.94 g of MgCl2 are dissolved in 10 L of water?,4.5,5.0,4.75,4.25,4.625,4.5,4.5,3.0,3.0,3.0,3.0,3.0,4.75,3.0,3.0,3.0,3.0,4.75,3.0,3.0,3.0,3.0
,evol_instruct,Which organism most efficiently converts mass into heat through metabolism?,3.75,4.5,4.0,3.25,3.875,4.0,3.0,3.0,4.75,3.0,3.0,3.0,2.25,4.5,3.0,3.0,3.0,3.0,3.0,3.0,3.0,3.0
,evol_instruct,How far does the center of the eardrum move at 100 dB SPL for frequencies of 20 Hz and 20 KHz?,4.5,5.0,4.75,4.25,4.625,3.0,4.75,3.0,3.0,3.0,3.0,4.5,3.0,3.0,3.0,4.5,3.0,4.75,3.0,3.0,3.0,3.0
,evol_instruct,What is the simultaneous solubility of $\ce{SrF2}$ given the $K_{sp}$ values for $\ce{CaF2}$ and $\ce{SrF2}$?,3.5,4.75,4.75,4.25,4.3125,3.0,4.0,3.0,3.0,3.0,4.25,3.0,3.0,3.0,3.0,4.0,3.0,3.0,3.0,3.0,5.0,3.0
,evol_instruct,Was carrying a small amount of uranium for several years likely to cause significant health issues?,3.5,4.5,4.25,4.25,4.125,3.0,3.75,3.0,5.0,3.0,3.0,3.0,3.0,3.0,3.0,3.25,3.0,3.0,3.0,3.0,3.0,4.5
,evol_instruct,"Place your final answer at the end of the response, wrapped in XML-style tags as follows: `<final_answer>X</final_answer>`. Which option most accurately answers the question? Choose the best one.

What is the formula for calculating MR according to Okamoto's description?",5.0,4.0,4.25,4.0,4.3125,3.0,3.0,3.0,4.5,3.0,3.0,3.0,3.0,4.75,3.0,3.0,4.5,3.0,3.0,3.5,3.0,3.0
,evol_instruct,"What is the enthalpy change when a gas expands from 1 L at 10 atm to 4 L at 5 atm against a constant external pressure of 1 atm, given the initial temperature is 300 K and the heat capacity at constant volume is 50 J/°C?",4.5,4.75,3.75,4.0,4.25,4.0,3.0,3.0,5.0,3.0,3.0,3.0,3.0,3.0,3.0,3.5,3.0,3.0,3.0,3.0,4.5,3.0
,evol_instruct,"Given the reaction $$\ce{2NH3 + CO2 -> (NH2)2CO + H2O}$$, how many grams of $\ce{(NH2)2CO}$ can be produced from $637.2\ \mathrm{g}$ of $\ce{NH3}$ and $1142.0\ \mathrm{g}$ of $\ce{CO2}$?",4.75,5.0,3.0,5.0,4.4375,3.0,3.0,3.0,3.0,3.0,3.0,5.0,3.0,3.0,3.0,3.0,5.0,5.0,3.0,4.666666666666667,3.0,3.0
,evol_instruct,"How far from the point vertically below the helicopter does a stone land when dropped from a stationary helicopter 500m above the equator, considering conservation of angular momentum?",4.5,5.0,4.25,4.5,4.5625,3.0,3.0,3.0,3.0,3.0,5.0,3.0,4.5,3.0,3.0,3.0,4.25,3.0,4.5,3.0,3.0,3.0
,evol_instruct,What type of beetle is found in the Zambezi valley near Victoria Falls?,4.0,5.0,2.75,4.0,3.9375,3.0,3.0,3.0,3.0,3.0,3.0,3.0,3.0,3.75,3.0,3.0,3.75,3.0,3.0,3.0,4.5,3.75
,evol_instruct,How much energy is required to compress 0.26 liters of air to 1/8th of its volume?,4.5,4.0,4.25,4.0,4.1875,3.0,3.0,3.0,5.0,3.0,3.0,3.0,3.0,3.75,3.0,3.0,3.0,3.0,3.0,5.0,3.0,3.0
,evol_instruct,What is the centrifugal force (negative G's) on the pilot of an SR-72 flying level at Mach 6 due to the Earth's curvature?,4.0,2.75,3.75,3.5,3.5,3.0,3.0,3.0,3.0,3.0,2.0,4.5,3.0,3.0,3.0,4.5,3.0,3.0,3.0,3.0,3.0,3.0
,evol_instruct,What is the thickness of aluminum that has 40% transparency to visible light?,4.75,5.0,5.0,4.25,4.75,3.0,3.0,3.0,3.0,3.0,3.0,3.0,3.0,4.5,3.0,3.0,3.0,4.75,5.0,3.0,4.75,3.0
,evol_instruct,How many mono chloro substituted products are possible for naphthalene?,4.5,5.0,4.5,4.25,4.5625,3.0,4.0,3.0,3.0,3.0,3.0,5.0,3.0,3.0,3.0,4.75,3.0,3.0,3.0,3.0,4.5,3.0
,evol_instruct,"Provide the selected option in this format: Selected Option -> X.

What is the appropriate spring constant for the slingshot based on the given force data?",4.75,5.0,4.75,4.0,4.625,3.0,3.0,3.0,3.0,4.75,3.0,3.0,3.0,3.0,3.0,3.0,4.0,3.0,4.75,3.0,5.0,3.0
,evol_instruct,"Conclude your response by enclosing the correct answer choice in double asterisks, for example: **A**.

Which book offers a technical history of Quantum Mechanics using the language of its time and includes explanations of key experiments?",3.75,3.0,3.0,3.5,3.3125,3.0,3.0,3.0,5.0,3.0,3.0,3.0,3.0,3.0,3.0,2.25,3.0,3.0,3.0,3.0,3.0,3.0
,evol_instruct,What species of spider is depicted in the images found in the western Pacific Northwest of North America?,4.5,4.0,4.5,4.0,4.25,3.0,3.75,3.75,3.0,3.0,3.0,3.0,3.0,3.0,3.0,3.0,3.0,3.0,4.5,5.0,3.0,3.0
,evol_instruct,What is the state of equilibrium for a charge placed at the center of a square with equal positive charges at each vertex?,4.25,3.5,3.25,3.75,3.6875,3.0,3.0,3.0,4.75,3.0,3.0,3.5,3.0,2.5,3.0,3.0,3.0,3.0,4.0,3.0,3.0,3.0
,evol_instruct,"What is the maximum amount of $\ce{AgNO3}$ that can be dissolved in 1 liter of solvent without precipitating $\ce{AgCl}$, given $M_{\ce{\,Cl-}} = 0.1\,{\rm M}$, $M_{\ce{\,NH3}} = 1.00\,{\rm M}$, $K_{\text{sp}_{\Large\ce{AgCl(s)}}} = 1.8\times 10^{-10}$, and $K_{\mathrm{f}_{\Large\ce{[Ag(NH3)2]+}}} = 1.6 \times 10^7$?",4.25,4.75,4.25,4.25,4.375,3.0,3.0,3.5,3.0,3.0,3.0,3.0,3.0,3.0,3.0,4.0,3.0,5.0,3.0,3.0,5.0,3.0
,evol_instruct,Which clock runs faster: the one held in your hand or the one thrown into the air and caught later?,3.5,3.5,3.75,4.0,3.6875,3.0,3.0,2.75,3.0,3.0,3.75,4.5,3.75,3.0,3.0,3.0,3.0,3.0,3.0,3.0,3.0,3.0
,evol_instruct,What is the highest precision to which Coulomb's law has been verified?,3.75,4.5,4.0,2.75,3.75,4.25,2.25,3.0,3.0,3.0,3.0,4.25,3.0,3.0,3.0,3.0,3.0,3.0,3.0,3.0,3.0,4.25
,evol_instruct,How many possible independent permutations of indices are there for the term \(g^{ab}g^{cd}g^{ef}g^{ij}g^{kl}g^{mn}g^{op}g^{rs}\)?,3.25,4.0,3.0,3.25,3.375,3.0,3.0,3.0,5.0,3.0,3.0,2.25,2.0,4.25,3.0,3.0,3.0,3.0,3.0,3.0,3.0,3.0
,evol_instruct,What is the approximate percentage error when using the De Broglie equation for an object traveling at 0.02c?,3.25,3.5,3.25,3.25,3.3125,2.25,3.0,3.0,5.0,3.0,3.0,3.0,1.0,3.0,3.0,3.0,3.0,3.0,5.0,3.0,3.0,3.0
,evol_instruct,How much nitrogen (in kg) is contained in a 2 kg fertilizer sample that is 39.7% (NH4)2SO4 and 15.2% NH4NO3 by mass?,4.0,4.25,5.0,2.75,4.0,3.0,3.0,1.3333333333333333,3.0,3.0,3.0,3.0,3.0,3.0,3.0,3.0,3.0,4.5,3.0,4.75,4.5,3.0
,evol_instruct,What is the percent purity of lactic acid in the given titration experiment?,2.75,3.75,3.25,2.5,3.0625,2.25,3.0,3.0,3.0,5.0,3.0,3.25,1.75,3.0,3.0,3.0,3.0,3.0,3.0,3.0,3.0,3.0
,evol_instruct,What is the net force that the southern hemisphere of a uniformly charged sphere exerts on the northern hemisphere?,3.25,3.25,3.25,3.25,3.25,1.5,3.0,3.0,3.0,3.0,3.0,4.75,3.0,3.0,3.0,3.0,3.0,3.0,3.0,1.75,5.0,3.0
,evol_instruct,"Provide the final answer as the last part of your response in the format: [Answer: X], where X is the correct letter choice.

What is Earth's true anomaly from J2000 on January 3, 2019?",3.25,3.75,4.75,3.0,3.6875,3.0,3.25,3.0,3.0,4.5,3.0,3.0,3.0,3.0,3.0,3.0,3.0,3.0,3.0,4.5,2.5,3.0
,evol_instruct,Which container will initially cool faster: one filled with hot water in outer space or one on Earth?,3.75,3.75,3.0,3.75,3.5625,3.0,4.0,3.0,3.0,3.0,3.0,3.0,1.75,4.75,3.0,3.0,3.0,3.0,3.0,3.0,3.75,3.0
,evol_instruct,"Choose the best answer from the options given. Put the final answer at the end like this: Answer is [X].

Will CaSO4 precipitate when 105 mg of Na2SO4 is added to 100.0 mL of 0.025 M Ca2+ tap water?",4.0,4.0,4.25,4.5,4.1875,3.0,3.0,3.0,3.0,5.0,3.0,3.0,3.0,3.0,3.0,3.0,3.5,3.0,3.0,3.0,4.25,4.0
,evol_instruct,What precision is necessary to measure the gravitational contribution to the binding energy of atoms?,4.5,4.75,4.75,4.0,4.5,4.25,3.0,3.0,3.0,3.0,3.0,3.0,4.0,3.0,3.0,4.75,3.0,3.0,3.0,3.0,5.0,3.0
,evol_instruct,What is the formula to estimate the moment of inertia of the rotating nucleus $^{232}_{90}Th$ assuming it does not change shape at high rotational angular momentum?,4.0,4.0,3.25,4.0,3.8125,3.0,3.0,3.0,3.0,4.5,3.0,3.0,3.0,3.0,3.0,2.5,3.25,3.0,5.0,3.0,3.0,3.0
,evol_instruct,Where can I find papers with numerical simulations and plots of particle motion in Schwarzschild geometry?,3.5,3.5,4.666666666666667,3.5,3.791666666666667,3.0,4.75,1.0,3.0,3.0,3.5,3.0,3.0,3.0,3.0,3.0,3.0,3.0,5.0,3.0,3.0,3.0
,evol_instruct,What is the minimum acceleration a balloon would need to exhibit relative to the ISS due to atmospheric drag at 400 km altitude?,3.5,5.0,4.0,4.25,4.1875,3.0,3.0,3.5,3.0,3.0,3.0,3.0,4.0,4.5,3.0,3.0,3.0,3.0,4.75,3.0,3.0,3.0
,evol_instruct,How many optically active isomers does [Co(NH3)2Cl2(NO)(OH)] have?,3.75,4.5,4.0,3.75,4.0,3.0,3.0,3.0,3.0,3.0,3.0,3.0,3.0,3.0,3.0,4.5,3.0,4.5,2.75,4.25,3.0,3.0
,evol_instruct,"What is the final product of the reaction series involving 1,3-dithiane, 1-chloro-3-iodopropane, and butyllithium?",3.25,4.0,3.0,2.75,3.25,3.0,3.0,1.0,4.666666666666667,3.0,3.0,3.0,3.0,3.0,3.0,3.0,3.0,3.6666666666666665,4.0,3.0,3.0,3.0
,evol_instruct,What is the expression for the $C_3$ Rotation matrix in the sublattice basis of Graphene?,2.75,4.0,3.75,3.5,3.5,3.0,3.0,3.0,3.0,5.0,3.0,3.0,2.5,3.0,3.0,3.0,3.0,3.0,3.0,3.75,3.0,2.75
,evol_instruct,What is the speed of the train rounding a curve of radius 235 m with a lamp inside making a 17.5-degree angle to the vertical?,3.5,3.25,3.0,3.0,3.1875,3.0,3.0,2.0,3.0,4.75,3.0,3.0,3.0,3.0,3.0,3.0,4.25,3.0,3.0,1.75,3.0,3.0
,evol_instruct,What is the pH after titrating 25 mL of 0.024 M HCl into 45 mL of 0.034 M Ba(OH)₂?,4.0,3.25,4.0,3.25,3.625,3.0,3.0,3.0,3.0,3.0,2.5,4.75,3.0,3.0,3.0,3.0,3.0,3.0,3.0,3.0,3.0,4.25
,evol_instruct,"Which option best answers the question?  
At the end of your response, put the final answer in this exact format: Selected Option -> X.

What is the leaf venation pattern of a scuppernong vine leaf?",3.5,4.0,4.75,3.25,3.875,3.0,3.0,2.5,3.0,3.0,4.25,3.0,3.0,3.0,3.0,3.0,4.5,3.0,4.25,3.0,3.0,3.0
,evol_instruct,"Which of the following options is correct? Conclude your response by placing the letter of the correct option between double asterisks, as in **A**.

What is the name of the flower that grew from seeds possibly dispersed by birds in Sao Paulo, Brazil?",4.0,4.75,4.5,4.25,4.375,3.0,3.0,4.25,3.0,3.0,3.0,3.0,3.0,3.0,3.0,3.0,4.25,3.0,3.0,3.0,4.75,4.25
,evol_instruct,"What is the momentum variation of a charged particle moving in the magnetic field of a dipole, to lowest order?",4.25,5.0,4.75,4.25,4.5625,3.0,3.0,3.0,3.0,4.75,4.25,3.0,3.0,3.0,3.0,4.5,4.75,3.0,3.0,3.0,3.0,3.0
,evol_instruct,Do any alloys or ceramics have a higher density than their densest elemental component?,4.0,4.75,4.25,3.75,4.1875,3.0,4.25,3.5,4.5,3.0,3.0,3.0,3.0,3.0,3.0,3.0,3.0,3.0,3.0,3.0,4.5,3.0
,evol_instruct,"What arthropod with yellow and black coloring was found on a clothes peg in Bangalore, India?",4.75,5.0,5.0,4.25,4.75,3.0,4.75,3.0,3.0,3.0,4.75,3.0,4.5,3.0,3.0,3.0,3.0,3.0,3.0,3.0,5.0,3.0
,evol_instruct,"What is the dipole moment of the most stable conformer of 1,1,2,2-tetrafluoroethane?",4.25,4.5,4.25,4.0,4.25,3.0,4.5,3.0,3.0,3.0,4.5,3.0,3.0,3.0,3.0,3.0,5.0,3.0,3.0,3.0,3.0,3.0
,evol_instruct,"How many possible isomers, including optical and geometric ones, are there for the molecular formula C4H8O?",4.25,4.0,3.75,4.0,4.0,3.0,3.0,2.75,3.0,4.75,3.75,4.75,3.0,3.0,3.0,3.0,3.0,3.0,3.0,3.0,3.0,3.0
,evol_instruct,"Which option do you think is the most accurate?

What mass is required for an artificial planet to curve spacetime and attract a smaller artificial moon?",4.25,5.0,4.0,4.25,4.375,3.0,3.0,3.0,3.0,3.0,3.0,4.0,3.0,3.0,3.0,3.0,3.0,3.0,3.0,4.5,4.5,4.5
,evol_instruct,"What does ""UDH"" represent in the name ""5UDH-2 Tandem accelerator""?",4.25,5.0,4.5,4.0,4.4375,3.0,3.0,3.0,3.0,3.0,4.5,3.0,5.0,4.5,3.0,3.75,3.0,3.0,3.0,3.0,3.0,3.0
,evol_instruct,"Is trans-1,2-dimethylcyclobutane chiral or achiral?",4.0,4.5,4.25,4.25,4.25,3.0,2.25,3.0,5.0,3.0,3.0,3.0,3.0,3.0,3.0,3.0,4.75,3.0,3.0,3.0,3.0,5.0
,evol_instruct,"Conclude your response with: Correct Answer >> [A/B/C/D/...]. Select the correct option from those provided.

How will the length of the day be affected if the polar ice caps melt?",3.5,3.25,2.75,4.25,3.4375,3.0,4.0,3.25,3.0,3.0,3.0,3.0,3.0,3.0,3.0,3.75,3.0,2.75,3.0,3.0,3.0,3.0
,evol_instruct,What speed and duration would achieve weightlessness inside a 4000 km long evacuated tube on Earth?,4.5,5.0,4.75,4.0,4.5625,4.25,3.0,4.5,5.0,3.0,3.0,3.0,3.0,3.0,3.0,3.0,3.0,3.0,3.0,3.0,3.0,4.5
,evol_instruct,"What is the observed wavelength of the absorption line produced by a moving hydrogen gas cloud between a receding star and a stationary observer, given the rest wavelength is 6563 Angström?",3.75,4.0,3.5,3.5,3.6875,3.0,3.0,3.0,3.0,5.0,3.0,4.25,3.0,2.5,3.0,3.0,3.0,3.0,3.0,3.0,3.0,3.0
,evol_instruct,"Provide the final answer as a single letter at the end of your response in the format: [Answer: X].

How did Michael Faraday melt sodium chloride?",3.25,3.25,2.75,2.25,2.875,3.0,3.0,3.0,3.0,3.0,1.25,4.5,3.0,3.0,3.0,4.25,1.5,3.0,3.0,3.0,3.0,3.0
,evol_instruct,What is the fidelity of the resulting Werner state after entanglement swapping of two Werner states?,3.5,4.25,3.75,3.5,3.75,3.0,5.0,3.0,3.0,3.0,3.0,3.0,3.0,3.0,3.0,2.0,3.0,3.0,3.0,3.75,3.0,4.25
,evol_instruct,What material has been found to have a higher density than osmium under high pressure and low temperature conditions in a lab setting?,4.25,4.5,4.25,4.0,4.25,3.25,3.0,3.0,5.0,3.0,3.0,3.0,3.0,4.5,3.0,3.0,3.0,3.0,3.0,4.25,3.0,3.0
,evol_instruct,Is the 1PI function for 3 bosonic fields in pseudoscalar Yukawa theory zero?,5.0,5.0,4.75,4.0,4.6875,3.0,3.0,3.0,3.0,4.75,5.0,3.0,3.0,4.5,3.0,3.0,3.0,4.5,3.0,3.0,3.0,3.0
,evol_instruct,"What is the mass deficit between the sum of the masses of two isolated hydrogen atoms and one isolated oxygen atom, and the mass of one molecule of H2O?",4.5,4.75,4.75,4.5,4.625,4.75,3.0,3.0,3.0,3.0,4.75,3.0,3.0,3.0,3.0,4.0,3.0,3.0,5.0,3.0,3.0,3.0
,evol_instruct,What is the annual net time dilation effect on Earth due to its motion around the Sun and the Sun's gravitational field?,4.0,4.75,4.25,4.0,4.25,3.0,3.75,4.25,3.0,3.0,4.0,3.0,3.0,3.0,3.0,5.0,3.0,3.0,3.0,3.0,3.0,3.0
,evol_instruct,What is the highest occupied angular momentum quantum number \( m_l \) for 22 electrons in a conjugated system on a ring?,4.0,4.5,3.0,3.5,3.75,3.0,4.0,3.0,4.666666666666667,3.0,3.333333333333333,3.0,3.0,4.0,3.0,3.0,3.0,3.0,3.0,3.0,3.0,3.0
,evol_instruct,"At the end of your response, select exactly one option and state it clearly using the format: Option Selected: A/B/C/D/...

What is the correct value of the coefficient \( c_1 \) for the given wave function in the ground state?",2.5,3.0,3.25,2.5,2.8125,4.0,3.0,3.0,3.0,3.0,3.0,3.0,1.0,3.0,3.0,3.0,3.0,3.0,3.0,3.0,2.5,3.75
,evol_instruct,Where can chlorinated paraffin be purchased for lab use in small quantities?,3.0,2.5,3.0,2.0,2.625,3.0,3.0,3.0,3.0,3.0,3.0,2.5,1.25,3.0,3.0,3.0,3.0,3.0,3.0,3.0,3.0,3.75
,evol_instruct,"What geometric form, if any, can be used to classify the equipotential curves generated by two equal point charges?",4.0,3.5,3.25,3.5,3.5625,3.0,3.0,3.0,4.75,3.0,3.0,3.0,3.0,4.0,3.0,3.0,3.0,3.0,3.0,3.25,3.0,2.25
,evol_instruct,"Answer the following question by thinking through it step by step and choosing the most appropriate option. Make sure to put your final answer in \boxed{} format at the end of your response. This is important—always use this format for the last answer.

What is the mass of p-nitrophenol required to prepare 250 mL of an 11 mM solution, rounded to 3 significant figures?",2.75,3.0,3.5,2.5,2.9375,3.0,3.0,2.25,3.0,4.0,3.0,3.0,3.0,3.0,3.0,3.0,3.0,3.0,3.0,3.25,2.25,3.0
,evol_instruct,"Which of the following options is correct? Place the final answer at the end in the format: Answer is [X].

What type of fields are described in problem 3 of chapter 2 of Landau Lifshitz ""Mechanics""?",4.0,4.25,4.0,4.0,4.0625,2.0,4.25,3.0,3.0,3.0,5.0,3.0,3.0,3.0,3.0,3.0,5.0,3.0,3.0,3.0,3.0,3.0
,evol_instruct,"What type of creature is featured in the video shot near the Hooghly river in Kolkata, India?",3.75,3.0,3.5,4.0,3.5625,3.0,3.5,3.0,3.0,3.0,3.0,3.0,3.0,3.0,3.0,3.0,3.0,3.0,3.0,4.0,3.0,3.75
,evol_instruct,"At the conclusion of your response, select exactly one option and state it in the format: Option Selected: A/B/C/D/...

What is the rotation angle of the null points of the magnetic field when a bar magnet is rotated by an angle θ in a horizontal plane on Earth?",4.0,4.5,4.5,4.0,4.25,3.0,3.0,3.0,3.0,3.0,4.5,3.25,3.0,3.0,3.0,4.5,3.0,4.75,3.0,3.0,3.0,3.0
,evol_instruct,"What is the identity of the orangish-colored organism found in 5-year-old wood chips in Cleveland, Tennessee?",3.25,3.75,3.25,3.5,3.4375,1.5,3.0,2.25,5.0,5.0,3.0,3.0,3.0,3.0,3.0,3.0,3.0,3.0,3.0,3.0,3.0,3.0
,evol_instruct,What is the impedance value associated with gravitational waves?,4.0,4.25,4.0,3.5,3.9375,3.0,3.0,3.0,4.5,4.5,2.75,3.0,3.0,3.0,3.0,3.0,3.0,3.0,3.0,3.0,4.0,3.0
,evol_instruct,How many moles of phosphorus are in 15.95 g of tetraphosphorus decaoxide (P4O10)?,3.5,2.75,3.5,1.75,2.875,3.0,3.0,3.0,3.0,3.0,3.0,4.0,3.0,3.0,3.0,3.0,1.75,2.75,3.0,3.0,3.0,3.0
,evol_instruct,What is the correct syntax for including EmpiricalDispersion=GD3BJ in the Gaussian/DMACRYS command for B3LYP with the 6-311G** basis set?,2.5,2.25,3.0,2.0,2.4375,3.0,3.75,3.0,3.0,3.0,3.0,3.0,3.0,1.0,3.0,3.0,3.0,3.0,3.0,3.0,3.0,2.0
,evol_instruct,What is the equilibrium partial pressure of NOBr given the equilibrium constant \( K_p \) and initial partial pressures?,2.0,3.0,2.25,2.0,2.3125,3.0,3.0,1.5,3.0,4.25,3.0,3.0,3.0,2.0,3.0,1.5,3.0,3.0,3.0,3.0,3.0,3.0
,evol_instruct,How many occurrences of the genotype abc would you expect in a population of 1000 individuals?,3.25,2.75,3.0,2.75,2.9375,3.0,3.0,3.0,4.5,3.0,3.0,3.0,3.0,3.0,3.0,1.75,3.0,3.0,3.0,3.5,2.0,3.0
,evol_instruct,What is the video demonstrating the experiment with two snug-fitting glass tubes and a line of red dye?,4.0,4.25,4.25,3.75,4.0625,3.0,3.0,3.0,5.0,3.0,3.0,3.0,3.0,3.0,3.0,2.0,3.0,3.0,4.5,3.0,4.75,3.0
,evol_instruct,What is the $\ce{[H+]}$ needed to just prevent precipitation of $\ce{Ca(H2PO4)2}$ in a $\pu{0.25 M}$ $\ce{H3PO4}$ solution with $\ce{[Ca^2+]} = \pu{0.15 M}$?,4.25,4.5,4.25,4.5,4.375,3.0,3.0,3.0,3.0,3.0,3.0,5.0,3.0,3.0,3.0,5.0,3.0,3.0,3.0,3.0,4.5,3.0
,evol_instruct,How many kilograms of Cl will be emitted into the atmosphere each year if a leak releases 12 kg of CHF2Cl per month?,2.5,5.0,4.5,4.0,4.0,3.0,4.75,4.0,3.0,3.0,3.0,3.0,3.0,3.25,3.0,4.0,3.0,3.0,3.0,3.0,3.0,3.0
,evol_instruct,What is the mass of lead produced in grams when one cell produces 100 cm³ of oxygen at 273 K and 1.01 × 10⁵ Pa?,4.5,4.5,4.75,4.75,4.625,3.0,3.0,3.0,5.0,3.0,4.25,4.75,3.0,3.0,3.0,3.0,3.0,3.0,4.5,3.0,3.0,3.0
,evol_instruct,What is the equivalence ratio of a mixture containing 4g of butane and 75 grams of air?,3.5,3.25,3.0,3.0,3.1875,3.0,3.0,1.0,3.0,3.0,3.0,3.0,3.0,3.0,3.0,3.0,5.0,3.0,3.333333333333333,3.6666666666666665,3.0,3.0
,evol_instruct,"Choose the best answer from the options given, and provide your final answer as '<Answer: X>', where X is the correct option letter.

Will formic acid and phosphorus pentoxide react to produce CO at room temperature?",4.0,4.25,4.0,3.75,4.0,3.0,3.0,2.25,5.0,3.0,3.0,3.0,4.0,3.0,3.0,3.0,3.0,3.0,3.0,4.75,3.0,3.0
,evol_instruct,"What is the moment of inertia of an equilateral triangular plate with mass \( M \) and side length \( L \), rotating about an axis perpendicular to the plate and passing through its center?",4.5,5.0,4.75,4.25,4.625,3.0,3.0,3.0,3.0,3.0,5.0,3.0,3.0,4.25,3.0,3.0,3.0,4.5,4.75,3.0,3.0,3.0
,evol_instruct,"Consider the following question carefully, reason through it, and select the most appropriate answer. At the end of your response, select one option and state it as: Option Selected: A/B/C/D/...

What is the identity of the orangish-colored organism found in 5-year-old wood chips in Cleveland, Tennessee?",4.0,3.0,4.0,3.75,3.6875,3.0,3.0,3.0,3.0,3.0,3.0,3.75,3.75,3.0,3.0,3.0,3.0,3.0,3.0,4.25,3.0,3.0
,evol_instruct,"At the end of your response, select exactly one option and state it clearly using the format: Option Selected: A/B/C/D/...

What is the surface area of the water after the ice cube has melted in a gravity-free room?",3.0,3.75,3.5,3.25,3.375,3.0,3.0,2.75,4.5,3.0,3.0,2.0,3.0,3.0,3.0,3.0,3.0,3.0,4.25,3.0,3.0,3.0
,evol_instruct,What is the osmotic pressure in mm of H2O of a solution containing 125 micrograms of vitamin B12 in 2.50 mL of water at 25 degrees Celsius?,3.0,3.75,3.0,3.0,3.1875,3.0,3.0,1.5,3.0,3.0,3.0,5.0,3.0,3.0,3.0,3.0,2.0,4.25,3.0,3.0,3.0,3.0
,evol_instruct,"At the conclusion of your response, select exactly one option and state it in the format: Option Selected: A/B/C/D/...

What is the lowest CAS Registry Number on record?",3.25,4.75,3.25,3.25,3.625,3.5,3.0,3.0,3.0,3.0,3.0,3.0,3.0,3.0,3.0,2.25,3.0,4.25,3.0,3.0,4.5,3.0
,evol_instruct,What will happen when two identical solenoids with current flowing in the same direction are placed next to each other?,4.5,4.5,4.5,4.0,4.375,3.0,3.0,3.0,3.0,4.75,4.0,4.5,3.0,4.25,3.0,3.0,3.0,3.0,3.0,3.0,3.0,3.0
,evol_instruct,What is the transcendental equation derived from the continuity conditions for the particle in the spherical shell with \( l=1 \)?,3.75,4.25,4.0,3.75,3.9375,3.0,3.0,2.5,3.0,4.5,4.5,4.25,3.0,3.0,3.0,3.0,3.0,3.0,3.0,3.0,3.0,3.0
,evol_instruct,"What is the motion of points A, B, and C on a ball rolling down a hill?",3.75,4.0,4.666666666666667,4.0,4.104166666666667,3.0,4.0,3.0,3.0,3.0,4.0,5.0,3.0,3.0,3.0,3.0,3.0,3.0,3.0,3.0,3.0,3.0
,evol_instruct,"What species is this mostly black snail found in Bangkok, Thailand?",4.75,4.5,4.75,4.0,4.5,3.0,4.75,3.0,3.75,3.0,3.0,3.0,3.0,3.0,3.0,3.0,4.75,3.0,4.75,3.0,3.0,3.0
,evol_instruct,What is the molality of the resulting solution when 10 mL of 96% $H_2SO_4$ with a density of 1.84 g/cm³ is diluted to 0.5 L with distilled water?,2.75,3.0,2.25,2.5,2.625,3.0,4.75,3.0,3.0,3.0,3.0,3.0,2.5,3.0,3.0,1.75,3.0,3.0,3.0,3.0,3.0,1.5
,evol_instruct,What is the frictional force required for a cylinder to roll down an inclined plane without slipping?,4.25,4.25,4.0,4.0,4.125,3.0,3.0,3.0,4.75,3.0,4.0,3.0,3.0,3.0,3.0,4.75,3.0,3.0,3.0,3.0,3.0,3.0
,evol_instruct,What is the concentration of the original ammonia solution in the cleaning product?,4.0,3.5,3.25,4.0,3.6875,3.0,3.0,3.0,4.5,3.0,3.0,3.0,3.0,3.0,3.0,3.0,3.0,3.0,4.25,3.0,3.0,3.0
,evol_instruct,"Which option do you think is the most accurate?

What would be the equivalent flat mile time for a runner who maintains the same effort level after running 1 mile uphill with a +236 feet elevation gain in 6 minutes and 55 seconds?",3.25,3.75,3.25,3.25,3.375,3.0,3.0,3.0,4.25,3.0,3.0,3.0,2.25,3.0,3.0,3.0,3.0,3.0,3.0,3.0,4.0,3.0
,evol_instruct,"Select the correct option by choosing A, B, C, D, or the corresponding letter as applicable. Conclude your response with the final answer formatted as: **Selected answer is: X**, where X is the letter corresponding to the correct option.

What are the frictional conditions required for a heap of identical hard spheres to maintain static equilibrium?",4.75,5.0,4.0,3.75,4.375,4.0,3.0,3.0,5.0,3.0,3.0,3.0,3.0,3.0,3.0,3.0,3.0,4.0,3.0,3.0,3.0,4.5
,evol_instruct,What is the molar solubility multiplier of CaF₂ at pH 3 given its molar solubility at pH 7 and the pKa of HF?,4.25,4.5,4.0,4.5,4.3125,3.0,4.5,3.0,3.0,3.0,3.0,3.0,3.0,3.0,3.0,3.0,4.75,3.0,5.0,3.0,3.0,3.0
,evol_instruct,What is the amount of energy that can be extracted from hydrogen?,4.25,5.0,4.25,4.0,4.375,3.0,3.0,3.75,3.0,5.0,3.0,3.0,3.0,3.0,3.0,3.0,3.0,3.0,4.5,3.0,3.0,4.25
,evol_instruct,What is the normal force from the system (triangle plus two blocks) to the table when two blocks of equal mass m slide down the frictionless sides of the triangle?,3.75,4.5,4.0,3.5,3.9375,3.0,3.0,3.0,4.75,3.0,3.0,3.0,2.0,4.75,3.0,3.0,3.0,3.0,3.0,4.25,3.0,3.0
,evol_instruct,What is the correct IUPAC name for the given cyclohexyl ether compound?,2.75,2.75,2.25,2.5,2.5625,3.0,3.0,1.5,3.0,4.5,3.0,2.25,2.0,3.0,3.0,3.0,3.0,3.0,3.0,3.0,3.0,3.0
,evol_instruct,"Answer the following question. Place the final answer at the end of your response, enclosed in double parentheses: ((A)).",4.25,4.75,4.5,3.5,4.25,3.0,3.0,3.0,3.0,3.0,4.25,4.5,3.0,3.0,3.0,3.0,4.5,3.0,3.0,3.75,3.0,3.0
,evol_instruct,Answer the following multiple choice question. The last line of your response should be in the following format: 'Answer: A/B/C/D/E/F/G/H/I/J' (e.g. 'Answer: A').,4.0,4.25,3.75,3.0,3.75,3.0,3.0,3.0,3.0,3.0,3.0,4.0,3.0,3.0,2.5,3.0,3.0,3.0,4.75,3.0,3.75,3.0
,evol_instruct,What is the optimal total cooking time for a 900-Watt microwave based on the given wattage and time data?,4.25,4.5,4.5,4.0,4.3125,3.0,3.0,3.0,3.0,3.0,3.0,3.0,5.0,3.0,3.0,4.0,3.0,4.5,3.0,3.0,3.0,3.75
,evol_instruct,What is the name of the organism that created this cocoon-like structure found in upstate New York?,3.5,3.0,4.25,3.0,3.4375,3.0,3.0,3.0,3.0,4.0,3.0,3.0,3.0,3.0,3.0,3.0,3.0,3.0,3.0,3.0,4.0,2.75
,evol_instruct,"What is the largest angle of the triangle formed by three positively charged particles with charge/mass ratios of 1:2:3, given that their positions always form a triangle similar to the initial triangle?",3.5,3.5,3.75,3.5,3.5625,3.0,5.0,3.0,3.0,3.0,3.0,3.0,3.0,4.0,3.0,1.0,4.25,3.0,3.0,3.0,3.0,3.0
,evol_instruct,What is the concentration of the deprotonated adipic acid anion ($\ce{−OOC(CH2)4COO−}$) in a saturated $\pu{0.10 M}$ adipic acid solution?,3.5,3.25,3.25,3.0,3.25,3.0,3.0,4.75,5.0,3.0,3.0,3.0,1.0,3.0,3.0,3.0,2.25,3.0,3.0,3.0,3.0,3.0
,evol_instruct,What is the correct IUPAC name for the given dispiroalkane compound?,4.5,5.0,4.75,4.25,4.625,3.0,3.0,3.0,3.0,5.0,3.0,4.5,3.0,3.0,3.0,3.0,3.0,3.0,3.0,4.75,3.0,4.25
,evol_instruct,What chemical can be used to neutralize the strong odor of formaldehyde in a chicken farm?,3.5,3.25,3.0,3.25,3.25,3.0,3.0,1.25,5.0,3.0,3.0,3.0,3.0,3.0,3.0,3.0,3.0,3.75,3.0,3.0,3.0,3.0
,evol_instruct,"Choose the best answer from the options given. Put the final answer at the end like this: Answer is [X].

What is the approximate percentage of mass lost due to binding energy in a neutron star?",4.0,4.0,4.0,4.25,4.0625,2.0,3.0,3.0,5.0,3.0,4.75,3.0,3.0,3.0,3.0,3.0,3.0,3.0,3.0,4.5,3.0,3.0
,evol_instruct,"What is the approximation of the force expression when $H \gg R,L$ and $R,H \ll L$?",3.75,3.75,3.5,3.5,3.625,1.75,3.75,3.0,3.0,3.0,3.0,4.25,3.0,3.0,3.0,3.0,3.0,3.0,3.0,3.0,3.0,4.75
,evol_instruct,What is the lifetime of sodium atoms in the 3p state given the FWHM linewidth of the sodium atomic absorption spectrum?,2.5,3.25,2.25,1.75,2.4375,1.25,3.0,3.0,3.0,3.25,3.0,3.0,3.0,3.0,3.0,3.0,3.0,3.0,3.5,3.0,3.0,1.75
,evol_instruct,What does the designation 34/70 refer to in Saccharomyces pastorianus Weihenstephan 34/70?,3.75,3.75,3.0,3.75,3.5625,3.0,3.0,3.0,4.666666666666667,3.0,3.0,3.0,3.6666666666666665,3.0,3.0,2.6666666666666665,3.0,3.0,4.0,3.0,3.0,3.0
,evol_instruct,Which book provides a clear and accessible introduction to atomic physics and the development of the standard model without using specialist vocabulary or equations?,2.25,2.25,2.25,2.25,2.25,3.0,3.0,3.0,3.0,3.0,3.0,3.0,3.0,2.0,3.0,3.0,1.0,1.0,3.0,5.0,3.0,3.0
,evol_instruct,What are the radius of curvature \( r \) and the refractive index \( n \) of a biconvex lens floating on liquid mercury when a point object coincides with its image at a distance \( u \) from the lens?,4.5,5.0,5.0,4.25,4.6875,3.0,5.0,3.0,5.0,3.0,3.0,3.0,3.0,3.0,3.0,3.0,3.0,4.25,3.0,3.0,3.0,4.5
,evol_instruct,What is the minimum angle to the horizon at which the boy must pull the rope to move the box?,3.75,3.75,4.25,3.5,3.8125,3.0,3.0,3.0,4.75,3.0,4.0,3.0,3.0,4.75,3.0,1.75,3.0,3.0,3.0,3.0,3.0,3.0
,evol_instruct,"What species of beetle is shown in the image found near Portland, Oregon?",2.5,2.5,2.75,3.0,2.6875,3.0,3.0,1.5,4.0,3.0,3.0,3.0,3.0,3.0,3.0,2.5,3.0,2.75,3.0,3.0,3.0,3.0
,evol_instruct,How many years until hydrogen is no longer the most abundant nucleus in the universe?,3.5,3.5,4.25,3.25,3.625,3.5,5.0,3.0,3.0,3.0,3.0,3.0,2.5,3.0,3.0,3.5,3.0,3.0,3.0,3.0,3.0,3.0
,evol_instruct,"Are there updated versions of Tom Lehrer's ""The Elements"" song that include all 118 elements?",3.25,3.75,3.25,3.5,3.4375,3.0,3.0,3.0,4.75,3.0,3.0,3.0,2.0,3.0,3.0,3.0,3.0,3.0,4.0,3.0,3.0,3.0
,evol_instruct,"Answer the following question, and conclude your response with ""(Answer: X)"", where X is one of [A, B, C, D, ...].

Given the reaction $$\ce{2NH3 + CO2 -> (NH2)2CO + H2O}$$, how many grams of $\ce{(NH2)2CO}$ can be produced from $637.2\ \mathrm{g}$ of $\ce{NH3}$ and $1142.0\ \mathrm{g}$ of $\ce{CO2}$?",4.25,5.0,4.75,3.75,4.4375,3.75,3.0,3.0,3.0,3.0,3.0,3.0,4.75,3.0,3.0,3.0,3.0,3.0,3.0,4.75,3.0,4.5
,evol_instruct,Do any of Faraday's original gold colloids still exist today?,3.5,4.75,4.5,4.5,4.3125,3.0,4.0,3.0,3.0,5.0,3.0,3.0,3.0,3.0,3.0,3.0,4.25,3.0,3.0,3.0,4.0,3.0
,evol_instruct,What is the depth of the well if a rock is dropped into it and the total time from release to hearing the impact is measured?,4.0,4.5,4.0,3.5,4.0,3.0,3.0,4.5,3.0,3.0,4.5,3.0,3.0,3.0,3.0,3.0,3.0,4.0,3.0,3.0,3.0,3.0
,evol_instruct,How many degrees of freedom does the covariant derivative of the Riemann tensor have in 3+1 dimensions?,3.5,5.0,4.75,3.75,4.25,3.0,3.0,3.0,3.0,3.0,3.0,3.25,3.0,4.25,3.0,4.75,3.0,3.0,3.0,4.75,3.0,3.0
,evol_instruct,How many photons are estimated to be in the universe?,3.5,2.5,2.75,3.5,3.0625,3.0,3.0,2.75,3.0,3.0,3.0,3.0,3.0,3.0,1.75,3.0,3.0,4.25,3.5,3.0,3.0,3.0
,evol_instruct,What is the molar mass of a 35 w/w% HClO4 solution with a density of 1.3 g/mL?,3.5,3.25,3.5,3.0,3.3125,3.0,3.0,3.0,3.0,3.0,2.75,3.0,3.0,5.0,3.0,3.0,3.0,2.0,3.0,3.5,3.0,3.0
,evol_instruct,What is the electric current flowing through a person with a resistance of 2476 ohms when in contact with a conductor having a resistance of 1.22 ohms/km over 0.1 km?,3.0,3.5,3.6666666666666665,2.5,3.1666666666666665,3.0,3.0,3.0,3.0,3.0,3.0,4.25,3.0,3.0,3.0,1.0,2.333333333333333,3.0,3.0,4.75,3.0,3.0
,evol_instruct,What are the half-lives for the two gamma emissions following the formation of magnesium-24 from sodium-24 decay?,4.25,4.5,4.5,4.0,4.3125,3.0,3.0,3.75,3.0,3.0,3.0,3.0,4.5,3.0,3.0,4.0,3.0,3.0,5.0,3.0,3.0,3.0
,evol_instruct,What is the density of the crown based on its weight measurements above and below water?,4.0,4.75,4.75,4.5,4.5,3.0,4.25,3.0,5.0,3.0,3.0,3.75,3.0,3.0,3.0,3.0,3.0,3.0,5.0,3.0,3.0,3.0
,evol_instruct,"How many stereo isomers does 3,6-dimethylpiperazine-2,5-dione have?",4.75,4.25,4.0,4.0,4.25,3.0,3.0,3.0,5.0,5.0,3.0,3.0,2.75,3.0,3.0,3.0,3.0,3.0,3.0,3.0,3.0,4.25
,evol_instruct,What is the maximum acceleration of the mass attached to the spring?,3.5,3.75,3.25,3.5,3.5,2.0,3.0,3.0,3.0,3.0,3.0,3.0,3.0,3.0,2.75,4.5,4.75,3.0,3.0,3.0,3.0,3.0
,evol_instruct,"Put the correct letter at the end like this: Correct Letter: [X]. For example: Correct Letter: [B]. This is a multiple-choice question—choose the most appropriate option.

Why is it claimed that an electron, if considered a particle, would spiral into the nucleus and disintegrate in approximately 10^-14 seconds?",3.5,4.5,4.75,3.5,4.0625,3.0,3.0,2.75,3.0,3.0,3.0,3.0,3.0,3.0,3.0,4.0,3.0,3.0,3.0,5.0,3.0,4.5
,evol_instruct,"Choose the most appropriate option from the choices provided. At the end of your response, provide the selected option in this exact format: Selected Option -> X.

How many measurements are needed to detect a 2% difference in probability between two outcomes?",2.5,2.0,3.6666666666666665,3.0,2.7916666666666665,3.0,3.0,1.0,3.0,3.0,3.0,4.75,3.0,3.0,3.0,1.75,3.0,3.0,3.0,3.0,3.0,3.0
,evol_instruct,What is the correct energy used in kWh for the electrolysis of NaCl to produce 100 m³ of HCl at standard conditions?,4.25,4.75,4.75,4.5,4.5625,3.0,4.25,3.0,4.75,3.0,3.0,3.0,3.0,3.0,3.0,3.0,5.0,3.0,3.0,3.0,3.0,4.25
,evol_instruct,How many moles of OH- must be added per liter to change the pH from 3.15 to 3.65?,2.75,2.5,2.25,2.25,2.4375,1.5,3.0,3.0,4.25,3.0,3.0,3.0,3.0,3.0,3.0,3.0,3.0,1.0,3.0,3.0,3.0,3.0
,evol_instruct,How long would it take to heat a 5300-liter pool from 19°C to 30°C using a heating element that takes 1 minute and 17 seconds to heat 10 liters of water from 22°C to 30°C?,4.0,4.5,4.25,3.5,4.0625,3.0,3.0,3.0,3.0,3.0,5.0,3.0,4.5,3.0,3.0,3.0,3.0,3.0,3.0,2.5,3.0,4.25
,evol_instruct,"Does a Thermos bottle's contents cool down faster, slower, or equally when the bottle is not completely full?",4.0,3.75,3.5,3.75,3.75,3.0,3.0,3.0,3.0,3.0,3.0,3.5,3.0,3.0,3.0,3.0,4.75,3.0,4.75,3.0,3.0,2.0
,evol_instruct,What is the wavelength of an electron with a kinetic energy of $1.67 \times 10^{-17}\mathrm{J}$?,3.5,4.25,3.5,3.25,3.625,3.25,3.0,3.0,3.0,3.0,3.0,3.0,3.0,4.25,3.0,3.0,3.0,3.0,3.0,4.0,3.0,3.0
,evol_instruct,What is the name of this colorful insect with a large thorn?,4.0,4.5,4.0,3.5,4.0,2.25,3.0,3.0,4.5,3.0,3.0,5.0,3.0,3.0,3.0,3.0,3.0,4.25,3.0,3.0,3.0,3.0
,evol_instruct,"What species of spider is shown in the image taken in Assam, India?",3.25,3.75,3.25,3.5,3.4375,2.0,3.0,3.0,5.0,3.0,3.0,1.75,3.0,5.0,3.0,3.0,3.0,3.0,3.0,3.0,3.0,3.0
,evol_instruct,What is the final molarity of nitrate ions in the resulting solution after mixing 16.3 mL of 1.23 M sodium nitrate with 6.28 mL of 0.823 M calcium nitrate?,3.0,3.5,2.75,3.0,3.0625,3.0,2.5,2.25,3.0,3.0,3.0,3.0,3.0,3.0,3.0,3.0,4.0,3.0,3.5,3.0,3.0,3.0
,evol_instruct,"What arthropod was found climbing the wall in Lapland, Finland?",4.0,4.25,4.5,4.0,4.1875,3.0,3.0,3.0,4.5,3.0,4.75,3.0,3.0,3.0,3.0,3.0,3.25,3.0,3.0,3.0,3.0,4.25
,evol_instruct,What is the structure of the molecule with the formula C₉H₁₀ based on the given IR and NMR data?,4.0,4.5,4.0,2.75,3.8125,3.0,3.0,3.0,3.0,3.0,2.25,3.0,3.0,3.0,3.0,3.0,3.0,3.0,4.75,4.25,3.0,4.0
,evol_instruct,"Consider the following question carefully, reason through it, and select the most appropriate answer. At the end of your response, select one option and state it as: Option Selected: A/B/C/D/...

What will be the height of the solution in the cylinder after equilibrium is reached?",3.5,3.0,3.5,3.5,3.375,3.0,3.0,3.0,3.0,3.0,2.5,3.0,3.0,3.0,3.0,2.5,3.0,4.75,3.0,3.0,3.0,3.75
,evol_instruct,What species of spider is this nocturnal spider found in northern Switzerland?,4.25,4.75,4.0,3.75,4.1875,3.0,3.0,3.25,3.0,4.75,3.0,3.0,3.0,3.0,3.0,3.0,4.25,3.0,3.0,4.5,3.0,3.0
,evol_instruct,"What will happen to an electron with the same charge as a charged, non-rotating black hole when it is initially at rest near the event horizon?",4.25,3.0,3.5,3.25,3.5,3.0,3.0,3.0,3.0,5.0,3.0,3.0,3.0,3.0,3.0,3.0,3.0,2.5,3.0,3.5,3.0,3.0
,evol_instruct,What is the weakest magnetic field that can be practically measured?,4.25,4.25,4.0,4.25,4.1875,3.0,3.0,3.0,3.0,3.0,4.75,4.5,3.25,3.0,3.0,3.0,4.25,3.0,3.0,3.0,3.0,3.0
,evol_instruct,What is the probability that the first pup from mating brother #6 and sister #7 will be albino?,4.5,5.0,4.75,4.5,4.6875,3.0,3.0,3.0,4.75,5.0,3.0,3.0,3.0,3.0,3.0,4.25,3.0,3.0,3.0,3.0,4.75,3.0
,evol_instruct,"Answer the following question by thinking through it step by step and choosing the most appropriate option. Make sure to put your final answer in \boxed{} format at the end of your response. This is important—always use this format for the last answer.

What weight of NaH2PO4 was originally present if 1.054 grams of Mg2P2O7 was obtained?",4.0,5.0,4.5,4.0,4.375,3.0,4.5,3.0,3.0,3.0,3.0,4.5,3.0,3.0,3.0,3.0,3.0,3.0,3.0,4.25,4.25,3.0
,evol_instruct,What is the correct value of the coefficient \( c_1 \) for the given wave function in the ground state?,3.5,4.5,3.75,3.0,3.6875,3.0,3.0,3.0,3.0,3.0,3.75,3.0,3.0,4.75,3.0,3.0,3.0,3.0,3.0,3.0,4.5,1.75
,evol_instruct,What is the Hermitian conjugate of the operator $\hat{B}=i\frac{d}{dr}$ in spherical coordinates?,3.0,3.5,2.5,3.5,3.125,3.0,3.0,3.0,3.0,3.75,3.0,3.0,3.0,3.0,3.0,3.0,3.0,2.75,3.0,3.0,3.0,3.0
,evol_instruct,How much irradiance does Phobos receive from Mars in watts per square meter?,3.75,3.25,3.75,3.25,3.5,3.0,4.0,2.0,5.0,3.0,3.0,3.0,3.0,3.0,3.0,3.0,3.0,3.0,3.0,3.0,3.0,3.0
,evol_instruct,What is the correct expression for \( G_{13} \) in a non-linear triatomic molecule?,3.5,4.5,4.0,4.0,4.0,3.5,3.0,3.0,5.0,3.0,3.6666666666666665,3.0,3.0,3.0,3.0,3.0,3.0,3.0,3.0,3.0,3.75,3.0
,evol_instruct,What happens to the kinetic energy and De Broglie wavelength of an electron and a proton when the same voltage is applied to both?,4.0,5.0,4.0,3.75,4.1875,3.0,3.5,3.0,5.0,3.0,3.0,3.0,3.0,3.0,3.0,3.0,3.0,3.0,3.0,4.25,4.0,3.0
,evol_instruct,"Which option is correct?  
Place your final answer at the end of the response, enclosed in XML-style tags as follows: `<final_answer>X</final_answer>`.

What is the name of the insect species zipping around the flower bed on the coast of Peru?",3.5,3.5,3.5,3.5,3.5,3.0,3.0,1.0,3.0,5.0,3.0,3.0,3.0,3.0,3.0,3.0,3.0,3.0,3.0,3.0,5.0,3.0
,evol_instruct,How much 50% NaOH solution should be added to 100g of sodium silicate (SiO2/Na2O = 2.34) to achieve a final SiO2/Na2O ratio of 1.9?,4.5,5.0,4.75,4.0,4.5625,3.0,3.0,3.0,5.0,3.0,4.0,3.0,4.5,3.0,3.0,3.0,3.0,3.0,3.0,3.0,4.75,3.0
,evol_instruct,What is the correct value for the 7th column in the 2nd row of the survival estimates table?,2.25,2.0,2.25,2.5,2.25,3.0,4.25,3.0,3.0,3.0,3.0,3.0,2.0,3.0,3.0,1.25,3.0,3.0,3.0,3.0,3.0,1.5
,evol_instruct,"Choose the appropriate option from the given choices and provide your final answer at the end of the response, enclosed in single angle brackets as follows: <A>.

What is the result of the expression $(a - a^t)e^{\frac{1}{2} a^ta^t} | 0 \rangle$?",4.25,4.25,4.0,4.0,4.125,3.0,3.0,2.75,3.0,3.0,3.0,3.0,3.0,3.0,3.0,4.5,3.0,3.0,4.5,3.0,4.75,3.0
,evol_instruct,What is the expression for \(\rho - 3P\) in the ultra-relativistic regime according to standard thermodynamics?,3.5,3.0,3.5,3.75,3.4375,3.0,3.0,3.0,3.0,3.0,3.0,3.0,3.0,3.0,3.0,3.5,3.0,3.5,3.0,3.75,3.0,3.0
,evol_instruct,"Does 1,4-dimethylcyclohexane have a chiral center?",3.75,4.5,5.0,4.5,4.4375,3.0,3.0,3.0,3.0,5.0,3.6666666666666665,3.0,3.0,3.0,3.0,3.0,3.333333333333333,3.0,5.0,3.0,3.0,3.0
,evol_instruct,What is the approximate self-capacitance of a typical metal spoon?,4.25,5.0,4.75,4.25,4.5625,3.0,3.0,3.0,5.0,3.0,4.25,3.0,3.0,3.0,3.0,3.0,3.0,4.5,3.0,3.0,4.5,3.0
,evol_instruct,What is the approximate pH of a cubic box with side length 12.42 Å containing 60 water molecules and 1 H+ ion?,4.25,5.0,4.75,4.5,4.625,4.0,3.0,3.0,3.0,3.0,5.0,5.0,3.0,3.0,3.0,3.0,3.0,3.0,3.0,3.0,3.0,4.5
,evol_instruct,What is the process to convert barbituric acid to veronal?,3.5,4.75,4.25,3.75,4.0625,3.0,3.0,3.0,3.0,4.25,3.0,3.0,3.0,3.5,3.0,3.0,3.0,3.0,3.0,4.5,4.0,3.0
,evol_instruct,At what temperature are most elements in a liquid state under standard pressure?,3.75,4.0,4.25,4.0,4.0,3.0,4.75,3.0,3.0,3.0,3.0,3.0,4.5,3.0,3.0,3.0,2.75,4.0,3.0,3.0,3.0,3.0
,evol_instruct,What is the ionization constant ($K_a$) of a weak acid $\ce{HX}$ given that a $\pu{0.45 M}$ solution has a $\pu{pH}$ of $4.5$?,4.0,3.5,3.75,4.0,3.8125,3.0,3.0,3.0,3.0,3.0,3.0,3.0,3.75,3.0,3.0,3.5,3.0,3.0,4.25,3.0,3.0,3.75
,evol_instruct,What is the noise floor of air due to thermal motion of air molecules in a perfectly isolated room?,4.5,5.0,4.75,4.0,4.5625,3.0,4.5,3.75,5.0,3.0,3.0,3.0,3.0,3.0,3.0,3.0,3.0,3.0,3.0,5.0,3.0,3.0
,evol_instruct,What reagent can be used to reduce boronic acids to boranes?,2.75,4.25,3.5,3.0,3.375,3.25,3.0,3.0,3.0,3.0,3.0,1.5,3.0,3.0,3.0,3.0,3.75,3.0,3.0,5.0,3.0,3.0
,evol_instruct,"Provide the final answer as a single letter at the end of your response in the format: [Answer: X].

What is the configuration of the stereocenter in 2-methyl-1-penten-4-yn-3-ol?",3.0,4.0,3.75,3.5,3.5625,3.0,3.0,3.0,5.0,3.0,3.0,3.0,3.0,3.0,3.0,2.5,3.0,3.0,3.0,3.0,4.5,2.25
,evol_instruct,What is the maximum pressure difference a balloon can withstand before popping?,4.0,3.5,4.25,3.0,3.6875,3.0,3.0,3.0,3.0,3.0,3.25,4.0,3.0,3.0,3.0,3.0,3.0,4.25,3.0,3.0,3.25,3.0
,evol_instruct,What does the red highlight indicate for compound C00003 in the KEGG Module search?,3.75,4.5,4.0,3.5,3.9375,3.0,3.0,3.0,5.0,4.75,3.0,2.25,3.0,3.0,3.0,3.0,3.0,3.0,3.0,3.0,3.75,3.0
,evol_instruct,How many mutated genes are indicated by the complementation test results?,4.5,4.5,4.25,4.0,4.3125,3.0,3.0,4.0,5.0,3.0,3.0,5.0,3.0,3.0,3.0,3.0,3.0,3.0,3.25,3.0,3.0,3.0
,evol_instruct,"Choose the best answer from the options given, and provide your final answer as '<Answer: X>', where X is the correct option letter.

How many symmetry operations do Wigner's 3j symbols have?",4.5,5.0,4.5,3.75,4.4375,3.0,3.0,3.0,3.0,5.0,3.0,4.0,3.0,3.0,3.0,3.0,4.75,4.0,3.0,3.0,3.0,3.0
,evol_instruct,"Select the correct option by choosing A, B, C, D, or the corresponding letter as applicable. Conclude your response with the final answer formatted as: **Selected answer is: X**, where X is the letter corresponding to the correct option.

How can you ensure molecules are displayed at the correct angle when using RDKit?",3.25,3.75,3.0,3.75,3.4375,1.6666666666666667,3.0,3.0,3.0,3.0,3.0,3.0,3.333333333333333,3.0,3.0,3.0,3.0,4.333333333333333,3.0,3.0,5.0,3.0
,evol_instruct,What is the current rate of change of the Universe's volume?,4.0,2.0,3.25,3.25,3.125,3.0,3.0,3.0,3.0,3.0,3.0,3.0,3.0,3.0,3.0,3.0,3.5,2.5,3.75,3.0,3.0,2.75
,evol_instruct,Does the difference in gravitational time dilation between a person's head and feet have any noticeable effects?,4.5,4.0,3.5,3.75,3.9375,3.0,3.0,3.25,3.0,3.0,3.0,3.0,3.5,3.0,3.0,4.25,3.0,3.0,3.0,3.0,4.75,3.0
,evol_instruct,What is the symbol used to represent the unit phon?,5.0,5.0,5.0,4.25,4.8125,3.0,4.75,3.0,5.0,3.0,3.0,3.0,3.0,3.0,3.0,3.0,4.75,4.75,3.0,3.0,3.0,3.0
,evol_instruct,What is the average rate of time passage in the observable universe relative to Earth's time?,3.5,3.0,3.75,4.0,3.5625,3.0,3.75,3.0,4.5,3.0,3.5,3.0,3.0,3.0,3.0,3.0,2.5,3.0,3.0,3.0,3.0,3.0
,evol_instruct,At what fraction of the speed of light does the classical kinetic energy formula introduce a 1% error compared to the relativistic formula?,4.5,4.5,4.25,3.75,4.25,3.0,3.0,3.0,4.75,3.0,5.0,3.0,3.0,3.0,3.0,3.0,3.75,3.5,3.0,3.0,3.0,3.0
,evol_instruct,Is stable orbit possible inside the ergosphere of a spinning black hole?,5.0,5.0,4.75,4.25,4.75,3.0,3.0,3.0,5.0,3.0,3.0,3.0,3.0,4.75,3.0,3.0,4.75,3.0,3.0,3.0,3.0,4.5
,evol_instruct,What is the pH of the solution when 75.0 mL of 0.275 M HCl is added to 50.0 mL of 0.275 M Na2HPO4?,4.75,5.0,4.75,4.75,4.8125,3.0,3.0,3.0,3.0,5.0,3.0,3.0,4.5,5.0,3.0,3.0,3.0,3.0,3.0,3.0,4.75,3.0
,evol_instruct,What is the probability that a pair of siblings will appear the same when the frequencies of alleles A and a are both 0.5?,3.75,4.0,4.0,4.75,4.125,3.0,3.75,3.0,3.0,3.0,4.0,4.25,4.5,3.0,3.0,3.0,3.0,3.0,3.0,3.0,3.0,3.0
,evol_instruct,Is it possible for the product of two gamma matrices in any basis to yield a matrix with i on the diagonal and zero elsewhere?,4.0,4.25,4.25,4.25,4.1875,3.0,4.5,3.0,3.0,3.0,3.0,4.75,3.0,3.0,3.0,3.0,3.5,3.0,3.0,3.0,3.0,4.0
,evol_instruct,What is the correct electron configuration for nickel (Ni-28)?,4.5,4.75,4.75,4.25,4.5625,4.0,3.0,3.0,5.0,3.0,3.0,3.0,3.0,3.0,3.0,3.0,3.0,3.0,3.0,4.25,5.0,3.0
,evol_instruct,"Which option best answers the question?  
At the end of your response, put the final answer in this exact format: Selected Option -> X.

What is the second moment of the position, $\langle x(t)^2 \rangle$, for the given dynamical system?",3.25,3.0,2.75,3.25,3.0625,1.75,3.0,3.0,3.0,4.75,3.0,3.0,3.25,3.0,3.0,3.0,3.0,3.0,3.0,2.5,3.0,3.0
,evol_instruct,"Which of the following options is correct?  
Indicate the correct letter at the end of your response, formatted as `Correct Letter: [X]`. For example: Correct Letter: [B].

What is the integral of \( r \) over the square area of the capacitor plates?",2.75,2.75,3.5,2.75,2.9375,3.0,3.0,2.25,3.0,5.0,3.0,3.0,1.5,3.0,3.0,3.0,3.0,3.0,3.0,3.0,3.0,3.0
,evol_instruct,"The final answer must be placed in \boxed{} format at the end of your response.

What should be the length of a 1.22 mm diameter steel wire to create a flat coil with a surface area of 10 cm²?",3.75,4.0,4.0,4.25,4.0,2.5,3.0,3.0,3.0,3.0,3.0,3.0,3.0,3.0,3.0,4.5,5.0,3.0,3.0,4.0,3.0,3.0
,evol_instruct,"What is the name of the roadside plant identified in Montserrat, Spain?",2.5,2.5,2.5,1.75,2.3125,1.5,3.0,3.0,3.0,3.0,3.0,3.0,3.0,2.0,3.0,3.0,2.0,3.0,3.75,3.0,3.0,3.0
,evol_instruct,What is the systematic name of carbonyl sulfide (OCS)?,3.5,3.5,3.5,2.75,3.3125,3.0,3.0,3.0,3.0,3.0,3.0,3.0,3.0,3.0,3.0,3.0,3.0,3.25,2.75,4.5,3.0,2.75
,evol_instruct,"What type of spider is shown in the picture taken in Ohrid, Macedonia?",3.0,3.5,4.25,3.25,3.5,4.25,5.0,3.0,3.0,3.0,3.0,3.0,3.0,3.0,3.0,3.25,3.0,3.0,3.0,3.0,3.0,1.5
,evol_instruct,"What species of butterfly is shown in the picture taken near Mount Helena, Montana, in September 2018?",3.0,4.5,4.0,3.25,3.6875,3.0,3.0,3.0,4.5,3.0,2.25,3.0,3.75,3.0,3.0,3.0,3.0,4.25,3.0,3.0,3.0,3.0
,evol_instruct,How many linearly independent sets of four vectors can be used as a basis for quantum electrodynamics?,4.0,4.25,3.5,4.25,4.0,3.0,3.0,3.0,4.25,4.5,3.0,3.0,3.0,3.0,3.0,3.0,3.0,4.0,3.0,3.25,3.0,3.0
,evol_instruct,What fraction of the orbital period is the time for a free fall?,4.0,4.25,4.25,4.5,4.25,3.0,3.0,3.0,3.0,3.0,3.0,4.0,3.0,3.0,3.0,4.0,3.0,4.75,3.0,3.0,3.0,4.25
,evol_instruct,"What is the molar mass of a gas with a volume of $255\ \mathrm{mL}$, a pressure of $733\ \mathrm{mmHg}$, a temperature of $548\ \mathrm{^\circ C}$, and a mass of $1.22\ \mathrm{g}$?",4.5,5.0,4.5,4.5,4.625,4.75,3.0,3.0,3.0,3.0,3.0,3.0,3.0,3.0,3.0,3.0,5.0,4.5,3.0,3.0,3.0,4.25
,evol_instruct,What condition must be met for the rotated Hamiltonian to have squared integrable eigenfunctions?,4.0,4.5,4.25,3.75,4.125,3.0,3.0,3.0,3.0,5.0,3.0,5.0,3.0,3.0,3.0,3.0,4.25,3.0,2.25,3.0,3.0,3.0
,evol_instruct,What will keep your tea hottest after an interruption: adding milk immediately or adding it later?,4.0,4.25,4.0,4.0,4.0625,2.75,3.0,3.0,5.0,4.5,3.0,4.0,3.0,3.0,3.0,3.0,3.0,3.0,3.0,3.0,3.0,3.0
,evol_instruct,"What are the stereochemical outcomes of adding hydrogen from the si and re faces of acetaldehyde, respectively?",4.0,3.5,3.5,4.5,3.875,3.0,3.0,3.0,3.0,5.0,3.0,3.0,3.0,4.0,3.0,3.25,3.0,3.0,3.25,3.0,3.0,3.0
,evol_instruct,What is the identity of the creature found in the backyard of a Michigan resident?,3.5,4.0,3.0,4.0,3.625,3.0,3.0,3.0,3.0,3.0,3.6666666666666665,3.6666666666666665,3.0,3.0,3.0,3.0,3.0,3.0,3.0,5.0,3.0,3.0
,evol_instruct,What is the percentage by mass of CaCl2 in the original 110.0g mixture?,3.75,2.75,3.5,4.0,3.5,3.0,3.0,3.0,3.0,5.0,3.0,3.25,2.25,3.0,3.0,3.0,3.0,3.0,3.5,3.0,3.0,3.0
,evol_instruct,"Place your final answer at the end of the response, wrapped in XML-style tags as follows: `<final_answer>X</final_answer>`. Which option most accurately answers the question? Choose the best one.

What distance in light years corresponds to a redshift of z = 1?",5.0,5.0,5.0,4.5,4.875,3.0,3.0,3.0,3.0,5.0,3.0,3.0,3.0,3.0,3.0,3.0,3.0,4.75,4.75,5.0,3.0,3.0
,evol_instruct,"How should the mean and its uncertainty be reported for the dataset 16, 15, 14, 14, 16, 17?",3.5,5.0,4.666666666666667,4.0,4.291666666666667,3.0,3.0,3.0,3.0,3.0,4.666666666666667,3.0,3.0,3.0,3.0,3.0,4.75,3.0,3.0,3.0,4.0,3.75
,evol_instruct,What is the expected Q-value for the alpha decay of \(^{213}At\) to \(^{209}Bi\)?,4.0,4.25,4.5,4.25,4.25,3.0,3.0,3.0,3.0,3.0,3.0,3.0,4.25,3.0,3.0,3.0,4.25,4.5,4.0,3.0,3.0,3.0
,evol_instruct,What is the percentage error in the measurement of the time period \( T \) given the measurements and least count?,3.75,3.5,3.25,3.5,3.5,3.0,3.0,3.0,3.0,3.0,3.0,3.0,3.0,3.0,3.0,3.0,3.5,3.0,4.0,3.0,3.5,3.0
,evol_instruct,How many measurements are needed to detect a 2% difference in probability between two outcomes?,4.0,5.0,4.75,4.25,4.5,3.0,4.75,3.0,4.25,3.0,3.0,3.0,3.0,3.0,3.0,3.0,4.25,4.75,3.0,3.0,3.0,3.0
,evol_instruct,What is the pH of water at 25°C given the specific conductance and molar conductivities of H+ and OH-?,4.5,4.5,4.666666666666667,4.25,4.479166666666667,4.5,3.0,3.0,5.0,3.0,4.75,3.0,3.0,3.0,3.0,3.0,3.75,3.0,3.0,3.0,3.0,3.0
,evol_instruct,"Which of the following options best answers the question presented? Select the single most appropriate choice, and place the letter corresponding to your final answer at the end of your response as: Answer: *X*.

What is the name of the insect found in the basement in Canada?",4.75,5.0,4.75,4.0,4.625,4.0,3.0,3.0,3.0,3.0,3.0,3.0,3.0,3.0,3.0,3.0,3.0,3.0,3.0,5.0,4.75,4.75
,evol_instruct,"What is the minimum constant acceleration required for a Cessna 150 to become airborne after a 129 m take-off run, given its lift-off speed is 125 km/h?",4.0,5.0,4.5,3.75,4.3125,3.0,4.0,3.0,3.0,3.0,3.75,3.0,3.0,4.75,3.0,3.0,3.0,3.0,3.0,3.0,4.75,3.0
,evol_instruct,What is the correct expression for \( |\bar{F}|^2 \) after transforming the sum into a trace and substituting \( P_L = \frac{1-\gamma^5}{2} \)?,4.0,4.25,4.75,4.25,4.3125,3.0,3.0,3.75,3.0,5.0,3.0,3.0,3.0,3.0,3.0,3.0,4.5,3.0,3.0,4.0,3.0,3.0
,evol_instruct,What is the projected area of a 3-D cube when oriented at an angle such that the flow velocity vector passes through one of its vertices and its geometric center?,4.0,4.25,4.0,3.0,3.8125,3.0,3.0,1.5,3.0,3.0,3.0,3.0,3.0,4.75,3.0,3.0,3.0,3.0,4.25,4.75,3.0,3.0
,evol_instruct,What is the product when manganese(II) chloride is exposed to oxygen when dried?,4.0,3.75,3.5,2.75,3.5,4.25,3.0,3.0,3.0,2.25,4.5,3.0,3.0,3.0,3.0,3.0,3.0,3.0,3.0,3.0,3.0,3.0
,evol_instruct,What is the genuine ultraviolet degree of divergence for the four-photon vertex according to François Gelis's textbook?,3.75,4.25,3.5,3.5,3.75,3.0,3.0,3.0,3.0,3.0,3.0,3.25,3.0,3.0,3.0,3.0,4.25,3.0,4.5,3.0,3.0,3.0
,evol_instruct,What percentage of water evaporates before freezing in a vacuum at 0.03 atm pressure?,3.5,3.75,3.5,4.0,3.6875,3.0,3.0,3.0,3.0,5.0,3.0,3.0,1.75,4.75,3.0,3.25,3.0,3.0,3.0,3.0,3.0,3.0
,evol_instruct,Does a pin head heated to 15 million degrees Celsius kill everyone in a 1000 mile radius?,3.5,3.75,4.25,3.75,3.8125,3.0,3.0,4.25,3.0,3.0,3.25,3.0,3.0,3.0,3.0,3.0,3.0,3.0,3.0,3.0,4.75,3.0
,evol_instruct,How many photons are emitted by an electron during one period of a radio generator's operation?,5.0,5.0,5.0,4.75,4.9375,3.0,3.0,3.0,5.0,5.0,4.75,3.0,3.0,3.0,3.0,3.0,3.0,3.0,3.0,3.0,5.0,3.0
,evol_instruct,How many carbon atoms does the largest known cycloalkane contain?,3.75,4.5,4.5,4.0,4.1875,3.0,3.0,3.0,3.0,4.5,3.0,3.0,3.25,3.0,3.0,3.0,3.0,4.25,3.0,4.75,3.0,3.0
,evol_instruct,"Which option do you think is the most accurate?

When the astronauts on the ISS pass over Kansas, how will their clock compare to the Great Atomic Clock of Kansas?",3.5,2.75,3.5,3.25,3.25,3.0,3.0,3.0,3.0,3.0,3.5,3.0,3.0,4.0,3.0,2.5,3.0,3.0,3.0,3.0,3.0,3.0
,evol_instruct,What will be the $\ce{PO4^3-}$ concentration when $\ce{CuC2O4}$ begins to precipitate?,3.25,2.25,3.25,3.0,2.9375,3.0,3.75,3.0,3.0,3.0,3.0,3.0,3.0,1.75,3.0,3.0,3.0,3.0,3.0,2.5,3.0,3.75
,evol_instruct,How many grams of water are needed to make a 4.00% solution with 15.0 g of copper(II) sulfate pentahydrate?,5.0,5.0,5.0,3.75,4.6875,3.0,4.75,3.0,4.75,3.0,3.0,4.5,3.0,3.0,3.0,3.0,4.75,3.0,3.0,3.0,3.0,3.0
,evol_instruct,"What species of ant is found in the highrise apartment in Ottawa, Ontario?",4.0,5.0,4.75,4.25,4.5,3.0,3.0,3.0,3.0,4.5,3.0,3.0,3.0,5.0,3.0,3.0,3.0,3.0,4.5,4.0,3.0,3.0
,evol_instruct,What is the pH of the solution prepared by mixing 25.00 mL of 1 mol/L NaOH and 10.00 mL of 2.5 mol/L acetic acid to give a final volume of 250 mL?,4.25,4.75,4.25,4.5,4.4375,3.0,3.0,3.0,5.0,3.0,4.25,3.0,3.0,3.0,3.0,3.0,4.0,3.0,3.0,3.0,3.0,4.5
,evol_instruct,What is the preferred IUPAC name of the given fused tricyclic hydrocarbon?,3.75,4.0,3.5,3.0,3.5625,3.75,3.0,3.0,3.0,3.0,3.0,3.0,2.75,4.0,3.0,3.0,3.0,3.0,3.75,3.0,3.0,3.0
,evol_instruct,"Put your final answer at the end as: Answer: *X*

What is the normal force from the system (triangle plus two blocks) to the table when two blocks of equal mass m slide down the frictionless sides of the triangle?",4.0,4.5,4.75,4.0,4.3125,3.0,3.0,3.0,4.75,3.0,3.0,3.0,3.0,3.0,3.0,3.0,3.5,3.0,3.0,4.75,3.0,4.25
,evol_instruct,"What is the object found in a field near Braga, Portugal in October 2018?",4.25,4.5,4.5,4.25,4.375,3.0,3.0,3.0,3.0,3.0,3.0,5.0,4.75,3.0,3.0,3.0,3.0,4.75,3.0,3.0,3.0,3.0
,evol_instruct,"What is the correct flux \( J \) through a pore given \( d = 4 \, \text{nm} \), \( D = 10^{-5} \, \text{cm}^2/\text{s} \), and \( [C]_1 - [C]_2 = 100 \, \mu \text{M} \)?",3.75,3.0,3.5,4.0,3.5625,3.0,3.0,3.0,3.0,5.0,3.25,3.0,3.0,3.0,3.0,3.0,3.0,3.0,3.0,3.0,3.0,3.0
,evol_instruct,"What is the head acting on the turbine given its rating of 650 hp, a water flow of 0.85 m³/sec, and an efficiency of 84%?",3.5,2.75,2.75,3.5,3.125,2.5,3.25,3.0,3.0,3.0,3.0,3.0,3.0,3.75,3.0,3.0,3.0,3.0,3.0,3.0,3.0,3.0
,evol_instruct,What is the solubility product ($K_\mathrm{sp}$) of $\ce{PbS}$ at 25 °C given the EMF of the galvanic cell is 0.413 V?,4.25,4.25,4.0,3.75,4.0625,3.0,3.0,3.75,3.0,3.0,3.0,3.0,3.0,3.0,3.0,3.0,3.0,3.0,3.0,3.25,4.75,4.5
,evol_instruct,"Consider the following question carefully and select the correct response. Provide the selected option at the end of your response in this exact format: Selected Option -> X.

Where along the axis between the two rings is the magnetic field at a maximum?",4.25,4.0,4.75,4.75,4.4375,3.0,5.0,3.0,3.0,4.75,4.25,3.0,3.0,3.0,3.0,3.0,3.75,3.0,3.0,3.0,3.0,3.0
,evol_instruct,"Conclude your response with: Correct Answer >> [A/B/C/D/...]. Select the correct option from those provided.

How long would it take to travel 40 light years using current space travel technology?",3.5,4.25,4.0,4.0,3.9375,2.5,3.0,3.0,3.0,3.0,3.0,4.25,3.0,3.0,3.0,3.0,3.0,3.0,4.75,3.0,3.0,4.25
,evol_instruct,"What is the equilibrium concentration of $\ce{[Ag+]}$ when equal volumes of $\pu{0.02M}$ $\ce{AgNO3}$ and $\pu{0.02M}$ $\ce{HCN}$ are mixed, assuming no cyano-complex formation?",4.25,4.25,3.5,4.0,4.0,3.0,3.0,3.0,3.0,3.0,3.0,4.75,4.0,3.0,3.0,4.0,3.0,3.25,3.0,3.0,3.0,3.0
,evol_instruct,What is the relative speed of an electron moving at 99.99% of the speed of light when observed from a frame moving at 0.01% of the speed of light in the opposite direction?,5.0,5.0,4.75,4.0,4.6875,3.0,4.75,3.0,3.0,3.0,3.0,3.0,4.75,4.5,3.0,3.0,3.0,4.75,3.0,3.0,3.0,3.0
,evol_instruct,What is the name of this sand-covered insect found in the mountains of central Spain?,3.75,3.0,4.25,3.75,3.6875,3.0,3.0,3.0,3.0,3.0,3.0,3.0,3.75,3.0,3.0,3.0,3.0,3.5,3.0,4.5,3.0,3.0
,evol_instruct,"What type of tree is pictured in the image taken from the Nepenthe restaurant in Big Sur, California?",3.75,3.75,3.5,3.25,3.5625,3.0,3.0,3.0,3.0,3.0,4.75,4.75,2.25,3.0,3.0,2.5,3.0,3.0,3.0,3.0,3.0,3.0
,evol_instruct,"Which of the following options is correct?  
Indicate the correct letter at the end of your response, formatted as `Correct Letter: [X]`. For example: Correct Letter: [B].

What is the general solution of the ODE \( m\frac{d^2x}{dt^2} = -3kx|x| \) for the given oscillatory motion?",3.25,3.5,3.6666666666666665,3.25,3.4166666666666665,3.0,3.0,2.5,3.0,3.0,3.0,3.0,3.0,3.0,3.0,3.0,3.0,4.5,3.0,5.0,1.0,3.0
,evol_instruct,"What is the charge passed through the electrolysis cell given the volume, temperature, and pressure of hydrogen produced?",3.0,3.75,3.75,3.25,3.4375,3.0,4.5,3.0,3.0,3.0,3.0,3.0,1.25,3.0,3.0,3.0,3.0,3.0,5.0,3.0,3.0,3.0
,evol_instruct,How are Zero Diffraction Plates made to produce extremely low diffraction signals in XRD instruments?,3.75,4.25,4.0,3.75,3.9375,3.0,3.0,3.0,3.0,5.0,2.0,3.0,3.0,3.0,3.0,3.0,3.0,4.5,3.0,3.0,4.25,3.0
,evol_instruct,"What is the equivalent resistance between points A and B in the given circuit with resistors R1, R2, R3, and R4 along the diagonals?",3.75,4.5,4.25,3.5,4.0,3.0,5.0,2.25,3.0,3.0,4.0,3.0,3.0,3.0,3.0,3.0,3.0,3.0,3.0,3.0,4.75,3.0
,evol_instruct,What are some online lecture resources for thermal/finite temperature quantum field theory?,5.0,4.75,4.0,4.25,4.5,4.25,5.0,3.0,3.0,3.0,3.0,3.0,3.0,3.0,3.0,3.0,3.0,4.5,4.25,3.0,3.0,3.0
,evol_instruct,What is the number of moles of the limiting reagent in the reaction between 0.1 g of calcium nitrate and 1.5 g of sodium phosphate?,3.75,3.75,3.75,3.0,3.5625,3.0,2.5,3.0,4.25,3.0,3.0,3.0,3.0,3.0,3.0,3.0,3.0,3.0,3.0,3.25,3.0,4.25
,evol_instruct,"Conclude your response with: Correct Answer >> [A/B/C/D/...]. Select the correct option from those provided.

What is the enthalpy of nitrogen gas at 295.15 K and 0.5 bar pressure?",3.5,3.5,3.25,2.75,3.25,1.25,4.25,3.0,3.0,3.0,3.0,3.0,3.0,3.0,3.0,4.0,3.0,3.5,3.0,3.0,3.0,3.0
,evol_instruct,"What is the rotational speed at equilibrium for a motor with 97 turns, each of area 190 cm², rotating in a 0.33 T magnetic field with a 24 V potential difference applied?",4.75,5.0,4.75,4.25,4.6875,3.0,3.0,3.0,3.0,3.0,4.25,3.0,3.0,3.0,3.0,3.0,3.0,5.0,3.0,4.75,3.0,4.75
,evol_instruct,What is the current passing through wire AB as a function of angle θ?,4.0,3.5,3.5,4.0,3.75,3.0,3.0,3.0,3.0,3.0,3.75,4.25,3.0,3.0,3.0,3.0,3.0,3.0,4.0,3.0,3.0,3.0
,evol_instruct,Which arrow represents the direction of the impulse exerted on ball B by ball A?,3.5,4.25,3.75,4.5,4.0,2.75,3.0,3.0,5.0,4.75,3.0,3.5,3.0,3.0,3.0,3.0,3.0,3.0,3.0,3.0,3.0,3.0
,evol_instruct,"What is the correct IUPAC name for the given benzene derivative with Cl, CH3, and NO2 substituents?",3.75,3.75,2.5,3.25,3.3125,3.0,3.0,3.0,3.0,3.0,3.5,3.75,3.0,3.0,3.0,3.0,3.0,3.0,3.25,3.0,3.0,2.75
,evol_instruct,What is the time it takes for a boulder to travel through a tunnel dug through the center of the Earth starting at rest?,4.75,5.0,5.0,3.75,4.625,4.25,3.0,3.0,3.0,3.0,3.0,3.0,3.0,4.5,3.0,3.0,5.0,3.0,3.0,4.75,3.0,3.0
,evol_instruct,Is there a correction factor needed for the force between the plates of a finite-sized parallel plate capacitor?,4.25,4.0,4.666666666666667,4.0,4.229166666666667,3.0,3.0,3.0,3.0,3.0,3.0,4.75,3.0,4.5,3.0,3.0,3.0,3.0,3.0,3.0,3.0,4.25
,evol_instruct,What is the correct mole ratio of Cu to HNO3 in the balanced equation?,4.25,4.0,4.5,4.0,4.1875,4.5,3.0,3.0,3.0,3.0,3.0,4.75,3.0,3.0,3.0,3.0,3.0,4.0,3.0,3.0,3.5,3.0
,evol_instruct,"At the end of your response, provide the final answer in this exact format: Selected Option -> X. Answer the following question by carefully considering all options and selecting the most appropriate choice.

What is the activation energy for a reaction that doubles its rate for every 10°C increase in temperature?",4.0,4.0,4.25,4.25,4.125,3.0,3.0,3.0,3.0,3.0,3.0,3.0,4.25,3.0,3.0,3.0,4.0,3.0,3.0,3.0,4.5,3.75
,evol_instruct,Will adding more NO2 to the equilibrium reaction always result in a higher equilibrium pressure of NO2?,4.25,3.75,4.0,3.5,3.875,3.0,4.75,3.0,3.0,3.0,3.0,3.0,3.25,5.0,3.0,3.0,2.5,3.0,3.0,3.0,3.0,3.0
,evol_instruct,What are the equilibrium concentrations of all components in the water gas shift reaction when 0.3815 mol of CO and H2O are mixed in a 250 mL flask at a temperature where Kc = 3.491?,4.5,4.75,4.5,4.0,4.4375,3.0,3.0,3.0,3.0,3.0,3.0,3.0,4.25,4.5,3.0,3.0,3.0,3.0,3.0,3.0,4.75,4.25
,evol_instruct,What simplifying assumption can be made to evaluate the integral in Peskin and Schroeder's Quantum Field Theory on P.201?,5.0,5.0,5.0,4.25,4.8125,3.0,3.0,3.0,4.75,3.0,3.0,3.0,3.0,4.75,3.0,3.0,3.0,4.75,5.0,3.0,3.0,3.0
,evol_instruct,What is the average rate of reaction of HCl in mol/L/s when a 3.45 g piece of marble reacts completely in 1.00 L of hydrochloric acid over 4.50 minutes?,4.0,3.0,4.25,3.5,3.6875,3.0,3.25,3.0,3.0,3.0,3.0,3.0,3.0,3.0,3.0,3.0,4.25,3.0,3.0,3.5,3.0,3.75
,evol_instruct,"What was the atomic mass of <span class=""math-container"">$\ce{^{12}C}$</span> prior to 1961 if the atomic mass of oxygen was defined as exactly <span class=""math-container"">$\pu{16 amu}$</span>?",4.25,4.75,5.0,3.5,4.375,3.0,3.0,3.0,3.0,4.75,3.0,4.75,3.75,3.0,3.0,4.25,3.0,3.0,3.0,3.0,3.0,3.0
,evol_instruct,"What is the constant number of $_{93}^{239}Np$ nuclei present when the rate of formation equals the rate of decay, given its half-life and constant production rate?",3.25,3.5,4.5,4.0,3.8125,3.0,4.0,3.0,3.0,4.25,3.0,3.0,3.0,3.75,3.0,3.0,3.0,3.25,3.0,3.0,3.0,3.0
,evol_instruct,What is the light flux of Earth as observed from 50 light years away in the plane of the solar system?,3.25,3.5,3.25,2.75,3.1875,1.25,5.0,3.0,3.0,3.0,3.0,2.0,3.0,3.0,3.0,3.0,3.0,3.0,3.0,3.0,4.5,3.0
,evol_instruct,What are the equilibrium concentrations of $\ce{N2O4}$ and $\ce{NO2}$ given the initial conditions and $K_c=5.9 \times 10^{-3}$?,3.75,4.0,4.0,4.25,4.0,3.0,3.0,4.0,3.0,3.0,3.0,4.25,3.0,3.0,3.0,3.0,3.0,3.0,3.0,4.5,3.0,3.25
,evol_instruct,What is the minimum length of DNA strings not found in any known human genome?,4.0,4.5,4.75,4.5,4.4375,3.0,5.0,3.0,3.0,3.0,3.0,3.0,3.0,3.0,3.0,3.0,3.0,5.0,3.0,3.0,3.0,4.75
,evol_instruct,"Choose the best answer from the options given. End your response by putting the correct option letter in double asterisks, like **A**.

What is the mass percent of sucrose in a 4 g mixture of sucrose and zinc nitrate dissolved in 150 g of water, given the freezing point of the solution is -0.768°C?",4.25,5.0,5.0,4.75,4.75,4.75,3.0,3.0,3.0,3.0,3.0,4.75,4.5,3.0,3.0,5.0,3.0,3.0,3.0,3.0,3.0,3.0
,evol_instruct,How do you determine the numerical factor in front of a term in the expansion of the transition amplitude using Feynman diagrams?,3.5,4.0,3.25,3.75,3.625,3.0,3.0,1.75,4.25,3.0,3.0,3.0,3.0,3.0,3.0,3.5,3.0,3.0,3.0,3.0,5.0,3.0
,evol_instruct,What is the coefficient of δη in the shift of G^(n) according to the equation below 12.37 in Peskin and Schroeder?,4.75,5.0,4.5,4.0,4.5625,3.0,3.0,4.25,3.0,3.0,4.5,3.0,3.0,3.0,3.0,3.0,3.0,3.0,3.0,3.0,4.75,4.75
,evol_instruct,At what redshift value does the velocity of galaxies start to appear lower now compared to when the light was emitted?,3.0,3.5,3.75,2.75,3.25,3.0,3.0,4.0,3.0,3.0,3.0,3.0,2.5,3.0,3.0,3.0,3.0,2.75,3.0,3.0,3.75,3.0
,evol_instruct,How much 10 M NaOH should be added to 100 ml of a pH 3.7 HCl solution to achieve a pH of 4.5?,4.25,3.25,3.0,3.0,3.375,3.0,3.0,2.75,5.0,3.0,3.0,3.0,3.0,3.0,3.0,3.0,3.0,3.0,3.0,3.0,3.0,2.75
,evol_instruct,"The final answer must be placed in \boxed{} format at the end of your response.

What is the molar mass of an unknown substance that raises the boiling point of benzene by 2.3% in a 1.55% mass percent mixture?",2.75,3.0,3.25,3.0,3.0,3.0,3.0,3.0,3.0,5.0,3.0,2.5,3.0,3.0,3.0,3.0,3.0,1.75,2.75,3.0,3.0,3.0
,evol_instruct,What is the maximum velocity a mushroom can reach before it starts to burn up in the atmosphere?,3.75,4.5,4.0,3.75,4.0,3.0,3.0,3.0,5.0,4.5,3.0,4.25,3.0,2.25,3.0,3.0,3.0,3.0,3.0,3.0,3.0,3.0
,evol_instruct,"At the end of your response, provide the final answer in this exact format: Selected Option -> X. Answer the following question by carefully considering all options and selecting the most appropriate choice.

Can all atoms in 1 kg of radioactive material decay within a minute, despite the half-life being 5 years?",3.5,4.25,4.25,3.5,3.875,3.0,3.5,3.0,3.0,4.75,3.0,3.0,3.0,3.0,3.0,3.0,2.75,3.0,4.5,3.0,3.0,3.0
,evol_instruct,"Which of the following options is correct? The final answer must be enclosed in \boxed{} at the end of the response.

What function best approximates the atomic mass from the atomic number?",3.5,3.75,4.0,3.0,3.5625,3.0,3.0,3.0,3.0,3.0,3.0,3.0,2.0,4.25,3.0,5.0,3.0,3.0,3.0,3.0,3.0,3.0
,evol_instruct,What is the equivalent resistance between points A and B in the given circuit?,3.75,3.25,3.0,3.25,3.3125,3.0,3.0,3.0,3.0,3.0,3.0,3.0,2.75,3.0,3.0,3.0,3.0,2.75,3.0,3.0,3.0,4.75
,evol_instruct,What is the speed of a proton with a mass energy of 7 TeV?,3.5,4.0,3.5,4.0,3.75,3.0,3.0,3.0,3.0,3.0,3.0,3.0,3.0,4.25,3.0,3.0,3.0,4.0,3.0,3.0,3.25,3.5
,evol_instruct,What is the force exerted by a slipping tire on the ground?,4.25,4.0,4.25,3.5,4.0,3.0,5.0,3.0,3.0,3.0,3.5,3.0,3.0,3.0,3.0,3.0,3.0,4.5,3.0,3.0,3.0,3.0
,evol_instruct,"Provide the final answer as a single letter at the end of your response in the format: [Answer: X].

What would you likely feel if you were exposed to space without a spacesuit?",4.25,5.0,4.25,4.5,4.5,3.0,3.0,3.75,3.0,3.0,5.0,3.0,5.0,4.25,3.0,3.0,3.0,3.0,3.0,3.0,3.0,3.0
,evol_instruct,"Put the correct letter at the end like this: Correct Letter: [X]. For example: Correct Letter: [B]. This is a multiple-choice question—choose the most appropriate option.

What species of insect is depicted in the images from Cambridge, UK?",4.0,4.5,4.5,4.0,4.25,3.0,3.0,3.0,3.0,3.0,3.0,3.0,3.0,3.0,3.0,4.5,4.75,3.0,4.75,3.0,3.0,3.0
,evol_instruct,"What is the name of the blueish, purplish insect found in Hungary that is about 4-5 cm in size?",3.5,3.75,4.25,4.25,3.9375,2.5,3.0,3.0,5.0,3.0,4.75,3.0,3.0,3.0,3.0,3.0,3.0,3.0,3.0,3.0,3.0,3.5
,evol_instruct,What is the percentage of excess air in the combustion process?,5.0,5.0,4.75,4.5,4.8125,3.0,3.0,3.0,3.0,3.0,3.0,3.0,5.0,4.5,3.0,3.0,3.0,3.0,4.75,3.0,5.0,3.0
,evol_instruct,"Consider the following question carefully and select the most appropriate answer.


What wind speed is needed to knock over an average glass of milk?",3.0,3.25,3.0,2.5,2.9375,3.0,3.0,1.0,3.0,5.0,3.75,3.0,3.0,3.0,3.0,3.0,3.0,3.0,3.0,2.0,3.0,3.0
,evol_instruct,What weight of NaH2PO4 was originally present if 1.054 grams of Mg2P2O7 was obtained?,3.5,3.0,2.75,2.5,2.9375,3.0,3.0,3.0,3.0,4.75,3.0,3.25,3.0,3.0,3.0,2.25,3.0,3.0,3.0,3.0,1.5,3.0
,evol_instruct,"Which of the following options is correct? Place the final answer at the end in the format: Answer is [X].

What is the volume charge density inside a charged cloud 200 meters thick, located 600 meters above the sea surface, producing an electric field of 16000 V/m perpendicular to the sea surface?",4.0,4.25,4.0,4.25,4.125,3.0,3.0,3.75,4.75,3.0,3.75,3.0,3.0,3.0,3.0,3.0,3.0,3.0,3.0,3.0,4.25,3.0
,evol_instruct,What is the error associated with the mean value of 1000 obtained from the two measurements?,4.75,4.25,4.5,4.25,4.4375,3.0,3.0,3.0,3.0,4.75,3.0,3.0,4.25,4.25,3.0,3.0,3.0,3.0,3.0,4.5,3.0,3.0
,evol_instruct,What is the probability that a molecule with 12 carbon atoms and 2 nitrogen atoms contains exactly 1 carbon-13 and 1 nitrogen-15?,3.25,4.5,3.75,3.5,3.75,2.0,5.0,3.0,3.0,3.0,3.25,3.0,3.0,3.0,3.0,3.0,3.0,3.0,3.0,4.75,3.0,3.0
,evol_instruct,Which textbook explicitly states that four-momentum is conserved at each vertex in Feynman diagrams?,4.75,5.0,4.75,4.5,4.75,3.0,3.0,3.0,3.0,4.75,3.0,3.0,4.5,3.0,3.0,3.0,4.75,3.0,5.0,3.0,3.0,3.0
,evol_instruct,"What is the quickest possible time to suck up Earth's entire atmosphere through a 1000 ft wide hose, assuming it is being pushed through at half the speed of light?",3.5,3.0,4.0,3.0,3.375,3.0,3.0,3.0,3.0,3.0,2.25,3.0,3.0,3.75,3.0,3.0,3.0,3.0,3.0,3.0,4.5,3.0
,evol_instruct,Does a functioning pocket watch have more mass than an identical broken one due to a broken gear?,3.5,3.5,3.5,4.5,3.75,3.0,3.0,2.75,3.0,3.0,5.0,3.0,3.0,3.0,3.0,3.5,3.75,3.0,3.0,3.0,3.0,3.0
,evol_instruct,What is the order of the process based on the given Nyquist plot?,4.0,3.5,3.75,4.0,3.8125,3.0,3.0,2.75,3.0,5.0,3.0,3.0,4.0,3.0,3.0,3.0,3.0,3.0,3.5,3.0,3.0,3.0
,evol_instruct,"What species of beetle is described with a long, slender iridescent green body and orange legs?",4.5,4.5,4.0,4.25,4.3125,3.0,4.5,3.0,5.0,3.0,3.0,3.0,3.0,3.0,3.0,4.5,3.25,3.0,3.0,3.0,3.0,3.0
,evol_instruct,What is the leaf venation pattern of a scuppernong vine leaf?,3.5,4.0,4.5,3.75,3.9375,3.0,4.25,3.0,3.0,3.0,3.0,3.25,3.0,3.0,3.0,3.0,3.25,3.0,3.0,3.0,5.0,3.0
,evol_instruct,"What kind of fish was caught in the canal in Cape Coral, Florida?",4.75,4.5,4.75,3.75,4.4375,3.0,4.75,3.0,3.0,4.75,3.0,3.0,3.5,3.0,3.0,3.0,3.0,3.0,4.75,3.0,3.0,3.0
,evol_instruct,How can the amplitude ratio \( \frac{E}{A} \) be determined from the given system of boundary conditions?,4.25,4.75,4.75,4.0,4.4375,3.0,3.0,3.0,4.75,3.0,4.5,3.0,4.0,3.0,3.0,3.0,3.0,3.0,3.0,3.0,3.0,4.5
,evol_instruct,What is the value of $V_\infty$ given the conditions of the problem?,4.75,5.0,4.75,4.0,4.625,3.0,3.0,3.0,3.0,3.0,4.5,5.0,3.0,4.75,3.0,4.25,3.0,3.0,3.0,3.0,3.0,3.0
,evol_instruct,"What is the final velocity of a 1500kg race car after 8 seconds, if its engine produces 150,000 Watts of power with 75% efficiency converted to kinetic energy?",4.25,5.0,4.5,4.0,4.4375,3.75,3.0,3.0,3.0,5.0,4.75,3.0,3.0,3.0,3.0,3.0,3.0,3.0,3.0,4.25,3.0,3.0
,evol_instruct,What is the assumed value of the distance |r| from the wire in Griffiths Example 5.5?,4.0,4.5,4.75,3.5,4.1875,3.0,3.0,3.0,3.0,4.75,3.0,3.0,3.0,3.0,3.0,3.0,4.75,3.0,3.0,3.0,3.0,4.25
,evol_instruct,What is the moment of inertia of a regular tetrahedron with side length \(a\) about an axis passing through the center of one of its faces and perpendicular to it?,4.25,3.75,3.5,4.0,3.875,3.0,3.0,3.0,4.5,4.5,3.0,3.0,3.0,3.0,3.0,3.0,3.0,3.0,3.0,3.0,4.25,2.25
,evol_instruct,What size would an artificial satellite need to be to cause a measurable change in tides?,3.75,4.25,3.75,3.25,3.75,3.0,3.0,3.0,3.0,4.25,3.0,3.0,4.5,3.0,3.0,2.75,3.0,3.5,3.0,3.0,3.0,3.0
,evol_instruct,Will the Sun's red giant phase melt a significant portion of the ice on Jupiter and Saturn's moons?,3.5,4.25,4.25,3.75,3.9375,3.0,3.0,3.0,3.0,3.0,4.75,3.0,3.0,3.0,3.0,3.0,3.0,4.0,3.75,3.25,3.0,3.0
,evol_instruct,What is the pressure inside a 20 L container holding 0.8 kg of ethane at 373.15 K according to the van der Waals equation?,4.75,5.0,5.0,3.0,4.4375,4.5,3.0,4.25,4.5,4.5,3.0,3.0,3.0,3.0,3.0,3.0,3.0,3.0,3.0,3.0,3.0,3.0
,evol_instruct,Will the solid formed after dehydration of a disodium hydrogen phosphate and sodium hydroxide solution be hygroscopic at STP?,4.25,5.0,4.5,5.0,4.6875,3.0,3.0,3.0,3.0,3.0,5.0,3.0,4.5,3.0,3.0,4.5,3.0,3.0,3.0,3.0,4.75,3.0
,evol_instruct,How many 4th nearest neighbors are there in an hcp lattice?,4.0,5.0,4.75,4.0,4.4375,3.0,3.0,3.75,3.0,3.0,3.0,3.0,3.0,3.0,3.0,4.5,5.0,3.0,3.0,4.5,3.0,3.0
,evol_instruct,What is the expected irradiance reading from the light detector given the LED's radiant flux and the detector's specifications?,2.75,3.5,2.75,2.5,2.875,3.5,1.25,3.0,4.5,3.0,2.25,3.0,3.0,3.0,3.0,3.0,3.0,3.0,3.0,3.0,3.0,3.0
,evol_instruct,"Which of the following is the least dense fluid under any environmental condition, excluding supercritical fluids and gases?",3.5,3.0,4.0,3.5,3.5,3.0,3.0,3.0,3.0,4.75,3.0,3.0,3.0,3.0,3.0,3.0,3.0,3.0,3.0,4.25,3.0,2.0
,evol_instruct,What is the experimentally confirmed melting point of 3-methylpentane?,3.75,4.25,3.75,3.75,3.875,3.0,3.0,3.0,5.0,5.0,3.0,3.0,3.0,3.0,1.25,4.25,3.0,3.0,3.0,3.0,3.0,3.0
,evol_instruct,What is the energy of each neutron in a monoenergetic beam undergoing first-order diffraction at 58° from the normal in a crystal with atomic spacing of 159 pm?,4.5,5.0,4.75,4.25,4.625,4.0,3.0,3.0,5.0,5.0,3.0,3.0,4.5,3.0,3.0,3.0,3.0,3.0,3.0,3.0,3.0,3.0
,evol_instruct,"Which option is correct? At the end of your response, clearly state the final answer by enclosing the correct option letter in double asterisks, for example: **A**.

What is the specific heat capacity of liquid iron?",4.0,4.5,4.25,4.25,4.25,3.0,3.0,3.0,4.25,3.0,5.0,3.0,3.0,3.0,3.0,4.0,3.0,3.0,3.0,3.0,3.0,3.75
,evol_instruct,"What species is the large beige beetle seen on a pine cone in Hsinchu county, Taiwan?",4.5,4.75,4.75,3.75,4.4375,3.5,3.0,3.0,4.75,3.0,4.75,3.0,4.75,3.0,3.0,3.0,3.0,3.0,3.0,3.0,3.0,3.0
,evol_instruct,"Consider the following question carefully, reason through it, and select the most appropriate answer. At the end of your response, select one option and state it as: Option Selected: A/B/C/D/...

Are electrons at the center of the Sun degenerate or non-degenerate?",3.25,3.5,2.75,2.75,3.0625,3.0,3.0,3.0,3.0,3.0,3.0,3.0,3.0,3.0,3.0,3.0,3.0,3.0,3.0,3.25,3.0,3.0
,evol_instruct,Are degenerate states possible when \( \frac{L_x}{L_y} \) is irrational but \( \left(\frac{L_x}{L_y}\right)^2 \) is rational?,3.75,4.25,3.0,3.25,3.5625,3.0,4.0,2.0,3.0,3.0,3.0,4.333333333333333,3.0,4.666666666666667,3.0,3.0,3.0,3.0,3.0,3.0,3.0,3.0
,evol_instruct,"At the conclusion of your response, select exactly one option and state it in the format: Option Selected: A/B/C/D/...

What would happen to a space rock at 10 Pluto distances from a supernova?",3.0,4.0,4.0,3.75,3.6875,3.0,3.0,3.0,3.0,3.0,3.0,2.75,3.0,3.0,3.0,4.5,2.5,5.0,3.0,3.0,3.0,3.0
,evol_instruct,Which factor appears in the asymptotic formula for the number of open string states in bosonic string theory?,4.0,3.75,3.75,3.75,3.8125,3.0,4.0,3.0,3.0,4.25,3.75,3.0,3.0,3.0,3.0,3.0,3.0,3.0,3.0,3.25,3.0,3.0
,evol_instruct,What is the mass of phosgene (COCl₂) present in a 5.69 L flask at equilibrium given the concentrations of CO and Cl₂ and the equilibrium constant?,4.75,5.0,4.5,4.0,4.5625,3.0,4.0,3.0,5.0,3.0,3.0,3.0,3.0,3.0,3.0,3.0,4.75,3.0,3.0,3.0,3.0,4.5
,evol_instruct,What is the smallest possible packing percentage of nitrogen gas in a 1x1x1 meter box at standard temperature and pressure?,4.5,5.0,4.75,4.25,4.625,3.0,3.0,3.0,3.0,3.0,3.0,3.0,3.0,4.5,3.0,3.0,3.0,4.5,3.0,4.5,5.0,3.0
,evol_instruct,Can a set of bosonic gate operations map $|C_{\alpha}^{+}\rangle = | + \alpha\rangle + | - \alpha\rangle$ to $|C_{\alpha}^{-}\rangle = |+ \alpha\rangle - |- \alpha\rangle$?,3.5,3.75,3.75,3.0,3.5,3.0,3.25,3.0,5.0,3.0,3.0,4.25,3.0,1.5,3.0,3.0,3.0,3.0,3.0,3.0,3.0,3.0
,evol_instruct,What reference lists the next-to-leading order ${\cal O}(h^3)$ terms in the linearized gravity Lagrangian?,4.25,4.25,4.75,4.5,4.4375,3.0,3.0,3.0,3.0,5.0,3.5,3.0,3.0,3.0,3.0,3.0,3.0,3.0,3.0,4.75,3.0,4.5
,evol_instruct,How many neutrinos per second would be needed to significantly accelerate a 75kg human?,3.5,3.5,3.5,3.75,3.5625,2.75,3.0,2.75,3.0,3.0,3.0,4.0,3.0,4.75,3.0,3.0,3.0,3.0,3.0,3.0,3.0,3.0
,evol_instruct,What is the maximum speed an invulnerable human or a highly heat-resistant object can achieve while moving through air on Earth's surface?,4.0,4.75,4.25,3.5,4.125,3.0,3.0,3.0,4.75,3.0,4.0,3.0,3.0,3.5,3.0,3.0,4.25,3.0,3.0,3.0,3.0,3.0
,evol_instruct,"What are the allele frequencies of A1, A2, and A3, respectively, in a triploid species?",3.25,1.5,2.25,2.5,2.375,3.0,3.0,3.0,3.0,4.0,3.0,3.0,3.0,3.0,3.0,1.5,3.0,3.0,3.0,2.0,3.0,2.0
,evol_instruct,"Conclude your response with: Correct Answer >> [A/B/C/D/...]. Select the correct option from those provided.

What is the IUPAC name of phthalic anhydride?",3.75,4.0,3.75,2.5,3.5,3.0,3.0,3.0,4.5,3.0,3.0,3.0,3.0,3.0,3.0,1.75,3.0,3.0,3.25,3.0,3.0,4.5
,evol_instruct,What is the pressure threshold at which a single atom collapses?,4.0,5.0,4.5,3.75,4.3125,3.0,3.0,3.75,3.0,3.0,3.0,5.0,4.5,3.0,3.0,3.0,3.0,3.0,3.0,3.0,4.0,3.0
,evol_instruct,What percentage of calcium hydroxide will precipitate when 0.10 mol of solid NaOH is added to 1.00 L of a saturated Ca(OH)2 solution (Ksp = 8.0 × 10^-6)?,4.5,5.0,3.0,4.0,4.125,3.0,4.0,3.0,3.0,4.666666666666667,3.0,3.0,3.0,3.0,3.0,3.0,3.0,3.0,3.0,5.0,3.0,4.333333333333333
,evol_instruct,"End your response with the correct choice enclosed like this: <<A>>.

What is the approximate bond angle around the nitrogen atom in methyl isocyanate?",2.75,2.75,4.0,3.25,3.1875,2.5,3.0,3.0,3.0,5.0,3.0,3.0,3.0,3.0,3.0,3.0,3.0,3.0,3.0,1.3333333333333333,3.0,3.25
,evol_instruct,"Answer the following question by selecting the most appropriate option after careful consideration. At the end, select one option and write: Option Selected: A/B/C/D/...

Which paper supports the thesis that one bit of information allows to perform $kT \cdot \ln2$ Joules of work?",4.25,4.5,4.25,3.5,4.125,3.0,3.0,3.0,3.0,4.25,3.75,4.0,3.0,3.0,3.0,4.5,3.0,3.0,3.0,3.0,3.0,3.0
,evol_instruct,Where can I find the SBML model of the human erythrocyte metabolic network?,4.25,4.25,4.0,4.0,4.125,3.0,3.25,3.0,3.0,3.0,4.25,3.0,3.0,3.0,3.0,3.0,3.0,4.25,4.75,3.0,3.0,3.0
,evol_instruct,What appendage do mantis shrimp use to rub their eyes?,4.75,5.0,4.75,4.0,4.625,3.0,3.0,4.0,3.0,4.75,3.0,3.0,3.0,3.0,3.0,3.0,3.0,3.0,5.0,3.0,4.75,3.0
,evol_instruct,What would happen if a teaspoon of neutron star material were brought to Earth?,4.75,5.0,4.75,4.25,4.6875,3.0,3.0,3.0,3.0,3.0,3.0,3.0,4.75,3.0,3.0,3.0,4.25,3.0,5.0,3.0,4.75,3.0
,evol_instruct,"Answer the following question, and conclude your response with ""(Answer: X)"", where X is one of [A, B, C, D, ...].

What species of tree has tiny dark flowers, 4-5 cm long leaves, and tumor-like growths at the base of its branches, typically growing to 7-9 meters in urban Pamplona, Spain?",4.25,4.25,4.25,4.0,4.1875,3.0,3.0,3.0,3.0,5.0,3.0,5.0,3.0,3.0,3.0,1.75,3.0,3.0,3.0,3.0,3.0,5.0
,evol_instruct,What would happen to the Moon's orbit if its orbital plane were perpendicular to Earth's orbital plane?,3.5,3.75,3.25,3.75,3.5625,3.0,3.0,3.5,3.0,3.0,2.75,3.0,3.0,3.0,3.0,3.0,3.0,3.0,3.25,3.0,4.75,3.0
,evol_instruct,What is the average resistive force exerted by the wooden block on the bullet?,4.25,5.0,4.75,4.25,4.5625,3.0,3.0,3.0,4.75,3.0,4.5,3.0,3.0,4.5,3.0,3.0,3.0,3.0,3.0,3.0,4.5,3.0
,evol_instruct,"What is the correct rearrangement product of 8a-ethyl-1,3,4,8a-tetrahydronaphthalen-4a(2H)-ol?",3.75,4.0,3.25,4.0,3.75,3.0,3.0,3.0,5.0,3.0,3.0,3.0,2.25,3.0,3.0,3.0,4.75,3.0,3.0,3.0,3.0,3.0
,evol_instruct,How many atoms are gravitationally bound to the Sun in our solar system?,4.0,5.0,3.0,4.5,4.125,3.0,3.0,3.0,5.0,3.0,3.0,3.0,3.0,4.333333333333333,3.0,3.0,4.666666666666667,4.0,3.0,3.0,3.0,3.0
,evol_instruct,What recent synthesis work can guide the selection of the best model for a species-area relationship based on plant species richness data?,4.0,4.5,4.25,4.0,4.1875,2.75,3.0,3.0,4.25,3.0,3.0,5.0,3.0,4.75,3.0,3.0,3.0,3.0,3.0,3.0,3.0,3.0
,evol_instruct,When did the official name change from Lactobacillus sanfrancisco to Lactobacillus sanfranciscensis occur?,3.5,3.5,3.75,3.5,3.5625,3.0,3.0,1.75,4.5,3.0,3.25,3.0,3.0,3.0,3.0,3.0,3.0,4.75,3.0,3.0,3.0,3.0
,evol_instruct,What fraction of spacetime volume can we observe within the present particle horizon?,4.0,3.5,4.0,4.5,4.0,3.0,3.75,3.0,3.0,3.0,3.0,3.0,3.0,3.0,3.0,4.5,3.0,3.0,3.0,3.0,3.75,4.0
,evol_instruct,"What is the pH of the mixture when equal volumes of two weak acid solutions, formic acid (pH 2.9) and acetic acid (pH 3.4), are combined?",3.75,3.75,4.0,3.75,3.8125,3.0,3.0,1.5,3.0,5.0,3.0,3.0,3.0,4.5,3.0,4.25,3.0,3.0,3.0,3.0,3.0,3.0
,evol_instruct,"Provide the final answer as the last part of your response in the format: [Answer: X], where X is the correct letter choice.

What type of insect laid the eggs found in a straight line on a window in Johor, Malaysia?",4.75,4.75,4.25,4.25,4.5,3.0,3.0,3.0,3.0,3.0,3.0,3.0,3.0,3.0,3.0,3.0,3.0,3.0,4.5,4.5,4.5,4.5
,evol_instruct,What is the correct formula for the effective mass of an electron near the Brillouin zone edge?,4.5,4.5,4.5,4.0,4.375,3.0,3.0,3.0,3.0,3.0,3.0,4.75,5.0,3.0,3.0,3.0,3.0,3.0,3.0,3.0,4.75,3.0
,evol_instruct,"Check out the multiple-choice question below and pick the best answer by selecting the corresponding letter. Choose just one option.

Which electrodes are the negative terminals in the electrolytic cell?",4.0,4.25,4.25,4.0,4.125,3.0,3.0,3.0,5.0,4.25,3.0,3.0,3.0,3.0,3.0,3.0,3.0,3.75,3.0,3.0,3.5,3.0
,evol_instruct,"What is the force exerted on your head when a 0.280 kg volleyball, initially moving at 95.0 km/h, bounces back with the same speed after 12.0 ms of contact?",5.0,5.0,5.0,5.0,5.0,3.0,3.0,5.0,3.0,3.0,3.0,3.0,3.0,5.0,3.0,3.0,3.0,5.0,3.0,3.0,3.0,5.0
,evol_instruct,"What is the correct order of heat of hydrogenation for 3-methylcycloprop-1-ene, methylenecyclopropane, and 1-methylcycloprop-1-ene?",4.25,4.25,4.0,3.75,4.0625,3.0,3.0,2.0,3.0,3.0,4.5,5.0,3.0,4.75,3.0,3.0,3.0,3.0,3.0,3.0,3.0,3.0
,evol_instruct,What is the simplified form of the given sum involving the products of four Clebsch-Gordan coefficients?,4.5,4.5,4.75,4.25,4.5,3.0,3.0,3.0,4.0,3.0,3.0,5.0,3.0,4.5,3.0,3.0,3.0,3.0,3.0,4.5,3.0,3.0
,evol_instruct,What will be the speed of a 1 kg object after 20 years if it experiences a constant 1 N force in space?,4.5,5.0,5.0,3.75,4.5625,4.25,3.0,3.0,4.75,3.0,3.0,4.75,3.0,3.0,3.0,3.0,3.0,3.0,3.0,3.0,3.0,4.5
,evol_instruct,What happens to the O(ε) terms in the derivation of Eq. 14.34 in Srednicki's QFT textbook?,4.5,2.75,3.5,3.5,3.5625,3.0,3.25,3.0,4.75,3.0,2.5,3.0,3.0,3.0,3.0,3.0,3.0,3.0,3.75,3.0,3.0,3.0
,evol_instruct,What is the temperature of the isotherm for water where the local minimum occurs at 100 Pa?,4.75,4.5,4.75,4.0,4.5,3.0,3.0,4.25,3.0,3.0,3.0,3.0,3.0,4.75,3.0,3.0,4.0,3.0,5.0,3.0,3.0,3.0
,evol_instruct,"End your response with the correct choice enclosed like this: <<A>>.

What are the known predators of Glaucus atlanticus?",4.75,4.75,4.5,4.0,4.5,3.0,3.0,3.75,3.0,3.0,3.0,3.0,3.0,5.0,3.0,3.0,3.0,3.0,3.0,3.0,4.5,4.75
,evol_instruct,What method is used to remove caffeine from Nescafe Gold to create its decaffeinated version?,4.0,4.0,4.25,3.5,3.9375,3.0,3.0,3.0,3.0,3.0,3.0,3.25,3.0,3.0,3.0,3.0,3.0,4.0,3.0,3.0,4.25,4.25
,evol_instruct,"Which option is correct?

What is the correct IUPAC name for the given compound?",5.0,5.0,3.0,4.0,4.25,3.0,3.0,3.0,3.0,3.0,3.0,5.0,5.0,3.0,3.0,3.0,3.0,3.0,4.333333333333333,4.333333333333333,3.0,3.0
,evol_instruct,Does STRING differentiate between allelic variants and splice variants by using different IDs?,4.0,3.5,4.5,3.5,3.875,3.0,3.0,3.0,3.0,3.5,3.75,3.0,4.25,3.0,3.0,3.0,3.0,3.0,4.0,3.0,3.0,3.0
,evol_instruct,What is the area of the charged metal sheet placed in a uniform electric field?,5.0,5.0,4.75,3.25,4.5,3.0,3.0,3.0,3.0,4.5,3.0,4.5,3.0,3.0,3.0,3.0,3.0,4.5,3.0,3.0,3.0,4.5
,evol_instruct,What is the estimated temperature of the Sun based on the duration of sunrise lasting 2.1 minutes?,2.5,3.0,2.75,2.25,2.625,3.0,3.0,3.0,3.0,3.25,3.0,2.0,1.75,3.0,3.0,3.0,3.0,3.0,3.5,3.0,3.0,3.0
,evol_instruct,"What type of spider is identified in the images from Toronto, Ontario?",2.75,3.25,3.0,3.25,3.0625,1.0,3.0,3.0,3.0,3.0,3.0,3.0,2.25,3.0,3.0,3.0,3.0,3.0,4.5,3.0,3.0,4.5
,evol_instruct,What is the concentration of a specific promoter in a cell?,3.75,4.0,3.75,3.5,3.75,3.0,4.0,1.0,3.0,3.0,3.0,3.0,3.0,3.0,3.0,3.0,3.0,3.0,3.0,3.0,5.0,5.0
,evol_instruct,"A multiple-choice question follows. Choose the most appropriate option.  
Provide your final answer at the end of the response as: Answer: *X*, where X is the letter corresponding to the correct choice.

What is the energy output in kWh for 1 kg of ⁹⁹Tc?",4.25,4.5,4.0,4.25,4.25,3.0,4.25,3.75,3.0,3.0,3.0,5.0,3.0,3.0,3.0,3.0,4.0,3.0,3.0,3.0,3.0,3.0
,evol_instruct,"What is the eccentricity of the orbit for a satellite with a velocity of 45,000 ft/sec and a radius of 4,000 n mi at a polar angle of 90°?",3.5,3.0,3.0,2.75,3.0625,3.0,4.75,3.0,3.0,3.0,1.75,3.0,3.0,3.0,3.0,2.25,3.0,3.0,3.0,3.5,3.0,3.0
,evol_instruct,What is the charge of an object of mass 1g suspended vertically in an electric field $\overrightarrow{E}=(2\sqrt{3}\overrightarrow{i}+1\overrightarrow{j}).,4.75,5.0,4.75,3.5,4.5,3.0,3.0,4.0,3.0,3.0,3.0,4.75,4.75,4.5,3.0,3.0,3.0,3.0,3.0,3.0,3.0,3.0
,evol_instruct,"What is the delta-v required to reach Medium Earth Orbit (MEO) at an altitude of 7,000 km?",3.75,4.75,4.75,3.25,4.125,3.0,3.0,3.0,3.0,3.0,3.0,4.5,3.0,4.25,3.0,3.0,3.0,3.0,3.5,4.25,3.0,3.0
,evol_instruct,What is the numerical value of \( G \) in natural units where \( \hbar = c = 1 \)?,4.25,4.75,5.0,3.0,4.25,3.0,3.0,3.5,3.0,3.0,3.0,3.0,3.0,3.0,3.0,3.0,3.0,4.5,3.0,3.0,4.5,4.5
,evol_instruct,"Choose the best answer from the options given. Put the final answer at the end like this: Answer is [X].

What is the total magnetic flux through the x-y plane due to a circular loop of radius R carrying current I centered at the origin?",4.5,5.0,4.75,4.0,4.5625,3.0,4.25,4.25,5.0,3.0,3.0,3.0,3.0,3.0,3.0,3.0,3.0,4.75,3.0,3.0,3.0,3.0
,evol_instruct,What is the magnetic potential at the center of a square wire configuration?,3.5,2.75,3.5,3.5,3.3125,3.0,3.75,3.0,3.25,3.0,3.0,3.0,3.0,3.0,3.0,3.0,3.0,3.0,4.25,3.0,3.0,2.0
,evol_instruct,"What is the species of the teardrop-shaped, orange-brown insect found indoors in central Europe?",5.0,5.0,4.75,4.0,4.6875,3.0,3.0,3.0,5.0,5.0,3.0,3.0,3.0,4.25,3.0,3.0,3.0,3.0,3.0,3.0,4.5,3.0
,evol_instruct,What is the mRNA sequence transcribed from the DNA sequence 5'-GGATCGTGCCACCATCCACCATCGTTA-3' after removing the introns at bases 3-9 and 15-22?,3.75,4.5,3.75,3.25,3.8125,3.0,3.0,1.75,3.0,3.0,3.0,3.0,3.0,4.0,3.0,4.5,3.0,5.0,3.0,3.0,3.0,3.0
,evol_instruct,What is the cell potential for a galvanic cell consisting of a standard hydrogen electrode and a copper electrode immersed in a 0.100 M NaOH solution saturated with Cu(OH)2?,3.25,3.75,3.0,4.0,3.5,2.5,3.0,2.5,3.0,5.0,3.0,3.0,3.0,3.0,3.0,3.0,3.0,3.0,4.0,3.0,3.0,3.0
,evol_instruct,What is the adiabatic compressibility factor of ethyl alcohol at 15 degrees Celsius?,4.5,5.0,4.75,4.75,4.75,3.0,3.0,4.25,3.0,3.0,3.0,3.0,3.0,5.0,3.0,3.0,4.75,3.0,3.0,5.0,3.0,3.0
,evol_instruct,When was the Harcourt et al. paper on the first isolation of COVID-19 virus published in a journal?,3.5,3.0,3.75,3.25,3.375,3.5,3.0,1.0,3.0,3.0,3.0,3.0,3.0,3.0,3.0,3.0,4.0,3.0,3.0,3.0,5.0,3.0
,evol_instruct,What is the amount of UVA light energy that reaches the ground per square meter from the sun?,4.5,4.5,4.75,4.25,4.5,3.25,3.0,3.0,3.0,3.0,3.0,5.0,3.0,3.0,3.0,3.0,3.0,3.0,3.0,5.0,3.0,4.75
,evol_instruct,"Choose the appropriate option from the given choices and provide your final answer at the end of the response, enclosed in single angle brackets as follows: <A>.

How much heat (in J) is required to produce 2.0 L of N2(g) at 77.36 K and 1.0 atm, given the enthalpy of vaporization for N2(l) is 5.56 kJ/mol?",3.5,4.0,4.0,3.5,3.75,3.0,3.0,3.0,3.0,4.0,3.0,3.0,3.0,3.0,3.0,3.75,3.0,3.0,3.0,4.25,3.0,3.0
,evol_instruct,What is the height above the top of the window from which the stone fell?,3.5,4.0,3.5,4.0,3.75,3.0,3.0,2.75,4.5,4.75,3.0,3.0,3.0,3.0,3.0,3.0,3.0,3.0,3.0,3.0,3.0,3.0
,evol_instruct,How much additional time could the Titanic have stayed afloat if it had jettisoned its 116-ton anchor and chain immediately after hitting the iceberg?,3.5,4.25,3.0,2.5,3.3125,3.0,3.0,2.333333333333333,3.0,3.0,3.0,3.0,4.333333333333333,4.333333333333333,3.0,3.0,3.0,3.0,2.6666666666666665,3.0,3.0,3.0
,evol_instruct,"Which option is correct?  
Place your final answer at the end of the response, enclosed in XML-style tags as follows: `<final_answer>X</final_answer>`.

What is the formula to estimate the moment of inertia of the rotating nucleus $^{232}_{90}Th$ assuming it does not change shape at high rotational angular momentum?",4.75,4.75,4.75,4.5,4.6875,4.5,3.0,3.0,3.0,3.0,4.5,3.0,4.75,3.0,3.0,3.0,3.0,3.0,3.0,3.0,5.0,3.0
,evol_instruct,What depth is required for Ice VII to form at the bottom of Earth's oceans?,5.0,5.0,4.5,4.5,4.75,3.0,3.0,3.0,3.0,3.0,3.0,5.0,3.0,4.5,3.0,3.0,3.0,4.75,3.0,4.75,3.0,3.0
,evol_instruct,"Does 1,3-dichloroallene have a C2 axis of symmetry?",3.25,4.25,4.0,3.5,3.75,3.0,3.0,3.0,4.5,3.0,3.0,1.75,3.0,3.0,3.0,3.0,3.0,3.0,4.25,3.0,4.5,3.0
,evol_instruct,"What species of insect is depicted in the images from Cambridge, UK?",4.0,4.5,4.25,4.25,4.25,3.0,3.0,3.0,3.0,5.0,3.0,3.0,3.0,3.0,3.0,3.0,4.25,3.0,3.0,4.75,3.0,3.0
,evol_instruct,Is the composition of two mixing CPTP maps always a mixing CPTP map?,2.5,3.0,2.75,2.75,2.75,2.0,3.0,3.0,3.0,3.0,3.0,2.25,3.0,3.0,3.0,1.75,3.0,5.0,3.0,3.0,3.0,3.0
,evol_instruct,"At the end of your response, provide the correct answer choice using the following format: [Answer: X], where X is the corresponding letter of your final answer. Which of the following represents the most appropriate choice?

What does the light ray connecting the events $(t' = 0, x' = a)$ and $(t' = a, x' = 0)$ imply about the relationship between $\alpha$ and $\sigma$?",3.0,3.0,3.25,3.0,3.0625,3.0,5.0,3.0,3.0,3.0,3.0,1.0,3.25,3.0,3.0,3.0,3.0,3.0,3.0,3.0,3.0,3.0
,evol_instruct,What would happen after quickly melting extremely cold para-water ice to 0°C?,3.0,3.5,3.5,3.25,3.3125,3.0,3.0,3.0,3.0,3.0,3.0,3.75,3.0,3.0,3.0,3.25,3.0,3.0,3.0,3.25,3.0,3.0
,evol_instruct,At what distance would an inactive stellar black hole become detectable as it approaches our solar system?,4.0,5.0,4.25,3.25,4.125,3.0,3.0,3.0,3.0,4.0,4.75,4.75,3.0,3.0,3.0,3.0,3.0,3.0,3.0,3.0,3.0,3.0
,evol_instruct,"Choose the appropriate option from the given choices and provide your final answer at the end of the response, enclosed in single angle brackets as follows: <A>.

What minimum speed is required for a baseball to cause nuclear fusion in air?",4.25,4.5,4.25,3.75,4.1875,3.0,3.0,3.0,3.0,3.0,3.0,3.0,3.0,3.0,3.0,3.0,4.0,3.0,4.0,4.25,4.5,3.0
,evol_instruct,"A multiple-choice question follows. Select the most appropriate answer.

What is the final temperature and pressure after removing the diaphragm in a cylinder divided into two equal volumes, each containing air at different initial pressures?",4.0,3.25,4.0,3.75,3.75,2.75,5.0,3.0,3.0,3.0,3.0,3.0,3.5,3.0,3.0,3.0,3.0,3.0,3.0,3.75,3.0,3.0
,evol_instruct,What is the line of action for the net force resulting from the two given forces?,3.25,3.0,3.5,3.5,3.3125,3.0,3.0,3.0,3.0,3.0,3.75,3.0,3.5,3.0,3.0,2.0,3.0,4.0,3.0,3.0,3.0,3.0
,evol_instruct,Where can I find raw data for long-term natural background radiation measurements?,5.0,5.0,4.5,4.5,4.75,3.0,4.5,3.0,3.0,3.0,4.75,3.0,3.0,3.0,3.0,3.0,4.75,3.0,3.0,5.0,3.0,3.0
,evol_instruct,Has a Finnish research group found evidence for exotic quark matter inside neutron stars?,3.75,4.0,4.0,3.75,3.875,3.0,3.0,3.0,3.0,3.0,3.0,1.75,3.0,4.75,3.0,4.25,3.0,3.0,3.0,3.0,4.75,3.0
,evol_instruct,How many optical isomers are there for the coordination compound $\ce{[CoCl2(en)2]^+}$?,2.75,3.0,2.5,2.5,2.6875,3.0,4.5,1.75,3.0,3.0,2.25,3.0,3.0,3.0,3.0,3.0,3.0,3.0,3.0,2.25,3.0,3.0
,evol_instruct,"What is the approximate wet bulb temperature for an ambient temperature of 300 K, 50% relative humidity, and 1 atm pressure?",4.5,5.0,4.75,4.5,4.6875,3.0,3.0,4.25,3.0,3.0,3.0,3.0,3.0,3.0,3.0,3.0,5.0,4.5,3.0,3.0,5.0,3.0
,evol_instruct,How many mosquito bites would it take to remove enough blood to put a person into shock?,3.5,3.0,4.25,3.0,3.4375,2.0,3.0,3.0,3.0,3.0,2.75,4.5,3.0,3.0,3.0,3.0,3.0,3.0,4.5,3.0,3.0,3.0
,evol_instruct,What is the mass defect (Δm) in atomic mass units (u) when $\ce{^131_53I}$ decays into $\ce{^131_54Xe}$?,3.5,2.75,2.5,2.5,2.8125,3.0,3.0,3.0,3.0,3.0,4.5,3.0,1.25,3.0,3.0,3.0,2.5,3.0,3.0,3.0,3.0,3.0
,evol_instruct,"What is the correct expression for $\left[ \vec{L}^2, x_i \right]$?",3.25,3.75,3.25,3.25,3.375,3.0,3.0,3.0,3.0,3.0,3.0,1.25,3.0,3.0,3.0,3.0,4.25,3.0,3.0,3.0,5.0,3.0
,evol_instruct,How many universal proteins are shared by all life forms?,3.75,3.5,4.25,4.0,3.875,2.75,3.0,3.0,3.0,4.5,3.5,3.0,3.0,3.0,3.0,3.0,3.0,3.0,3.0,3.0,4.75,3.0
,evol_instruct,"Check out the multiple-choice question below and pick the best answer by selecting the corresponding letter. Choose just one option.

What is the scientific name of the plant commonly referred to as ""ogre ears""?",3.75,4.5,4.0,4.25,4.125,3.0,3.0,3.0,5.0,3.0,3.0,3.0,3.0,3.0,3.0,4.5,3.0,2.5,3.0,3.0,4.5,3.0
,evol_instruct,"End your response with the correct choice enclosed like this: <<A>>.

How many slip systems of the <span class=""math-container"">$\{123\} \left&lt;111\right&gt;$</span> type are present in a BCC crystal structure?",4.25,4.0,4.25,3.75,4.0625,3.25,3.0,3.0,3.0,3.0,3.0,3.0,3.0,3.75,3.0,3.0,4.5,4.75,3.0,3.0,3.0,3.0
,evol_instruct,What is the approximate total amount of positive energy in the observable universe?,3.0,5.0,4.75,4.0,4.1875,3.0,3.0,3.0,4.25,3.0,3.0,3.0,4.25,3.0,3.0,4.0,3.0,3.0,3.0,3.0,4.25,3.0
,evol_instruct,At what angle θ is the distance traveled by a projectile maximized for a fixed initial velocity v?,4.0,4.5,4.25,3.25,4.0,3.0,3.0,3.0,3.0,4.25,3.0,3.0,3.0,3.0,3.0,3.0,3.0,3.0,3.0,3.0,4.25,4.5
,evol_instruct,"Select one option from the choices given.


What is the percentage mass of NaNO3 in a 5.37 gram mixture of NaNO3 and Na2SO4, given that the mass of Na is 1.61 grams?",3.5,3.75,4.25,3.5,3.75,3.5,3.0,3.0,3.0,3.0,3.0,3.0,3.0,4.5,3.0,4.25,3.0,3.0,3.0,3.0,3.0,2.75
,evol_instruct,What family does this large spider from New Zealand belong to?,2.75,2.75,3.0,3.25,2.9375,3.0,3.0,2.25,3.0,2.25,3.0,3.0,3.25,3.0,3.0,3.0,4.0,3.0,3.0,3.0,3.0,3.0
,evol_instruct,"Conclude your response by enclosing the correct answer choice in double asterisks, for example: **A**.

What is the horizontal speed required to throw an object so that it orbits the Earth, given the Earth curves down 1 meter for every 3,570 meters walked?",4.25,5.0,4.5,3.75,4.375,3.0,3.0,3.0,3.0,3.0,4.5,3.0,4.0,3.0,3.0,3.0,3.0,3.0,4.5,3.0,3.0,4.5
,evol_instruct,What type of reflection do paraxial rays undergo when they hit the inner surface of a raindrop?,4.5,4.75,4.75,4.0,4.5,3.75,4.5,3.0,3.0,3.0,4.75,3.0,3.0,3.0,3.0,3.0,5.0,3.0,3.0,3.0,3.0,3.0
,evol_instruct,What is the precision required to detect diurnal variations in $g$ due to the Moon's gravitation in a laboratory setting?,3.5,4.0,3.75,3.25,3.625,1.5,4.5,3.0,3.0,3.0,3.0,3.0,3.0,3.0,3.0,3.5,3.0,3.0,3.0,5.0,3.0,3.0
,evol_instruct,What is the calculated mass of water vapor per lbm of dry air at 46.4F and 9.5150 lbf/in2 pressure with 100% humidity?,4.0,4.5,4.25,4.25,4.25,3.0,4.5,3.0,3.0,3.0,3.0,3.0,3.0,5.0,3.0,3.5,3.0,3.0,3.0,4.0,3.0,3.0
,evol_instruct,Can aluminium amalgam be used to deoxygenate carboxylic or amino acids to their corresponding alcohols or alkanes?,3.25,3.25,4.0,3.75,3.5625,2.0,4.5,3.0,3.0,3.0,3.0,3.0,3.0,3.0,3.0,3.0,3.75,3.0,3.0,3.0,3.0,4.0
,evol_instruct,"At the end of your response, select exactly one option and state it clearly using the format: Option Selected: A/B/C/D/...

What is the molar concentration of a solution made by dissolving 2.54 mg of ammonium phosphate in 300 mL of water?",3.5,4.0,3.75,3.0,3.5625,3.0,4.5,3.0,3.0,3.0,5.0,2.0,3.0,3.0,3.0,3.0,2.75,3.0,3.0,3.0,3.0,3.0
,evol_instruct,What is the final concentration of Mn in the sample after accounting for dilution and inweight?,4.25,4.5,3.0,4.0,3.9375,4.0,3.0,3.333333333333333,3.0,3.0,3.0,3.0,3.0,3.0,3.0,4.666666666666667,3.0,3.0,3.0,3.0,3.0,5.0
,evol_instruct,"Is there an equivalence between information, energy, and matter?",4.5,4.75,4.666666666666667,4.5,4.604166666666667,3.0,3.0,3.0,5.0,3.0,3.0,3.0,3.0,3.0,3.0,3.0,4.0,3.0,3.0,3.0,4.5,4.75
,evol_instruct,"Which option best answers the question?  
At the end of your response, put the final answer in this exact format: Selected Option -> X.

What is the identity of the bug found in the apartment in New York?",3.75,4.5,4.5,3.5,4.0625,3.0,4.25,3.0,3.0,4.5,3.0,3.0,5.0,3.0,3.0,3.0,3.0,3.0,3.0,3.0,2.5,3.0
,evol_instruct,What does the Legendre transformation yield for the function \( s = t^3 \) when \( t = 2 \)?,2.5,3.0,3.0,3.25,2.9375,3.0,3.0,2.75,3.0,3.0,3.0,3.0,2.0,3.0,3.0,3.0,3.0,3.25,3.0,3.75,3.0,3.0
,evol_instruct,"What would be the difference in successive measurements of the distance between New York and San Francisco if the precision of a Cesium clock (which gains or loses 1 second in 300,000 years) is applied?",4.75,4.75,4.75,4.5,4.6875,3.0,3.0,3.0,3.0,3.0,3.0,3.0,4.0,3.0,3.0,3.0,3.0,5.0,5.0,3.0,4.75,3.0
,evol_instruct,Can ionizing radiation be used to electrically charge a 1mm water droplet?,3.5,4.5,4.25,4.0,4.0625,2.5,3.0,3.0,3.0,3.0,4.75,3.0,4.25,3.0,3.0,3.0,3.0,3.0,3.0,3.0,4.75,3.0
,evol_instruct,What is the name of the insect feeding on the green bottle fly in southeast Michigan?,4.5,4.5,4.5,4.0,4.375,3.0,3.0,3.0,3.0,5.0,3.0,4.25,3.0,4.25,3.0,3.0,3.0,3.0,3.0,4.0,3.0,3.0
,evol_instruct,How many ammonia and water molecules are needed to achieve a molarity of 15 M in a box containing a total of 512 molecules including 1 glycine molecule?,4.25,4.75,4.75,3.75,4.375,3.0,3.5,3.0,3.0,3.0,3.0,3.0,3.0,3.0,3.0,3.0,4.75,4.75,3.0,3.0,3.0,4.5
,evol_instruct,What is the relationship between the central density \(\rho_c\) and the mean density \(\bar{\rho}\) in a white dwarf modeled with a polytropic equation of state \(P(r) = \rho(r)^\gamma\) where \(\gamma = \frac{5}{3}\)?,4.0,3.75,3.25,3.5,3.625,3.0,3.0,2.0,3.0,4.75,3.0,3.0,4.5,3.0,3.0,3.25,3.0,3.0,3.0,3.0,3.0,3.0
,evol_instruct,What is the equivalent relationship between pKa and pKb in glacial acetic acid?,4.75,5.0,5.0,4.25,4.75,3.0,3.0,3.0,3.0,3.0,3.0,4.5,3.0,4.75,3.0,3.0,3.0,3.0,5.0,3.0,3.0,4.75
,evol_instruct,"Select the most appropriate answer. Select exactly one letter from the given choices and present the final answer at the end of your response as \boxed{X}, where X is the chosen letter.

What is the equilibrium constant, \(K_\mathrm{c}\), for the dissociation of \(\ce{N2O4}\) into \(\ce{NO2}\) at 60 °C and 1 atm total pressure, given the equilibrium mole ratio of \(\ce{NO2}\) to \(\ce{N2O4}\) is 2:1?",4.75,5.0,4.75,5.0,4.875,3.0,3.0,3.0,3.0,3.0,3.0,4.75,3.0,3.0,3.0,4.75,3.0,3.0,3.0,5.0,5.0,3.0
,evol_instruct,What is the source of the well-known figure illustrating nuclear matter distribution?,4.25,4.5,4.25,3.75,4.1875,3.0,3.0,3.0,3.0,3.0,3.0,4.0,3.0,3.25,3.0,3.0,3.0,3.0,3.0,5.0,4.5,3.0
,evol_instruct,What thickness would a high-strength steel sphere need to withstand a Tsar Bomba detonation inside it?,4.25,4.5,4.0,3.75,4.125,3.0,3.0,3.0,3.0,3.0,4.25,3.0,3.0,4.25,3.0,3.5,4.5,3.0,3.0,3.0,3.0,3.0
,evol_instruct,How many times is the gauche correction applied in the calculation of heat of formation for the given isomers?,2.75,2.75,3.5,2.5,2.875,3.0,3.0,3.0,3.0,3.0,3.0,3.0,3.0,3.0,3.0,3.0,2.5,3.0,1.5,2.5,5.0,3.0
,evol_instruct,What is the specific heat ratio (γ) of a gas given a static pressure ratio of 10.6 across a normal shockwave and a downstream Mach number of 0.495?,5.0,5.0,5.0,3.75,4.6875,4.5,5.0,4.5,3.0,3.0,3.0,3.0,3.0,3.0,3.0,3.0,3.0,3.0,3.0,4.75,3.0,3.0
,evol_instruct,How would you calculate the photon-induced thrust of a Peltier device in a perfect vacuum given a temperature difference?,4.5,4.25,3.5,4.25,4.125,3.0,3.0,3.0,5.0,3.0,3.0,3.0,3.0,3.0,3.0,3.75,3.0,3.75,3.0,3.0,3.0,4.0
,evol_instruct,"What is the volume charge density inside a charged cloud 200 meters thick, located 600 meters above the sea surface, producing an electric field of 16000 V/m perpendicular to the sea surface?",4.0,4.0,4.0,3.75,3.9375,1.0,3.0,3.0,3.0,5.0,3.0,3.0,3.0,3.0,3.0,3.0,5.0,3.0,3.0,3.0,4.75,3.0
,evol_instruct,How do you calculate the torque on a rotating conductive loop in a uniform magnetic field?,4.0,3.75,3.5,3.0,3.5625,3.0,5.0,3.0,3.0,3.0,3.0,4.75,2.0,3.0,3.0,3.0,3.0,3.0,2.5,3.0,3.0,3.0
,evol_instruct,"At the end of your response, put your final answer inside XML-style tags like this: `<final_answer>X</final_answer>`. Choose the most appropriate answer from the options below.

What is the pH at the second equivalence point when a 0.100 M solution of oxalic acid is titrated with a 0.100 M solution of NaOH?",4.25,4.25,4.5,4.0,4.25,3.0,3.0,3.0,3.0,4.75,3.0,3.0,3.0,4.0,3.0,3.0,3.0,3.0,3.0,4.5,3.0,3.75
,evol_instruct,What is the time \( t_0 \) when the distance between points \( A \) and \( B \) is minimal?,3.75,4.25,4.0,3.75,3.9375,3.0,4.5,3.0,3.0,3.0,5.0,3.0,3.0,3.0,3.0,2.0,3.0,3.0,3.0,3.0,4.25,3.0
,evol_instruct,What is the recommended concentration of phenolphthalein indicator for titrations?,5.0,5.0,5.0,4.0,4.75,3.0,3.0,3.0,3.0,3.0,3.0,3.0,3.0,4.5,3.0,4.75,3.0,3.0,4.75,5.0,3.0,3.0
,evol_instruct,What causes the neutral $\Xi$ hyperon to live almost twice as long as the charged $\Xi$ hyperon?,3.25,3.5,3.5,3.5,3.4375,3.25,3.0,3.0,3.0,3.0,3.0,1.75,3.0,3.0,3.0,3.0,3.0,3.0,5.0,3.0,3.75,3.0
,evol_instruct,Does the reflected ray ever have a higher intensity than the refracted ray when light moves from a less dense medium to a more dense medium?,4.25,3.5,4.25,4.25,4.0625,3.0,3.0,3.75,3.0,3.0,4.5,3.5,3.0,4.5,3.0,3.0,3.0,3.0,3.0,3.0,3.0,3.0
,evol_instruct,Which nineteenth-century biologist compared developmental biology to crystallography?,4.25,5.0,5.0,3.75,4.5,3.0,3.0,4.25,3.0,3.0,3.0,5.0,3.0,4.5,3.0,4.25,3.0,3.0,3.0,3.0,3.0,3.0
,evol_instruct,What percentage of the gas is argon in a binary mixture with a density of 0.9002 at STP?,3.0,4.0,3.0,4.0,3.5,3.0,3.0,3.75,3.0,3.0,3.0,3.0,3.75,3.0,3.0,3.0,4.0,2.5,3.0,3.0,3.0,3.0
,evol_instruct,"What resources are recommended for understanding complex signals, Fourier analysis, and their connections to quantum information theory?",3.25,4.0,4.0,2.75,3.5,4.0,3.0,3.0,3.0,3.0,3.5,3.0,3.0,3.0,3.0,2.25,3.0,3.0,3.0,4.25,3.0,3.0
,evol_instruct,How can the exposure in Roentgens per hour from a 50 MBq point source of 99m Tc at a distance of 10 cm be estimated?,3.0,3.5,3.5,3.25,3.3125,3.0,3.0,3.0,3.0,5.0,3.0,3.0,1.75,1.75,3.0,4.75,3.0,3.0,3.0,3.0,3.0,3.0
,evol_instruct,"What type of spider matches the description with a whitish top, brown legs, and striped butt, commonly found in Idaho?",4.5,4.25,4.5,3.75,4.25,3.0,3.5,3.0,3.0,3.0,3.0,3.0,3.0,4.5,3.0,3.0,3.0,3.0,3.0,4.75,4.25,3.0
,evol_instruct,"What is the result of the commutator $[e^{i\frac{\sigma_i}{2}w^{i}},\sigma_{k}]$?",4.5,3.75,4.5,3.0,3.9375,3.0,4.5,3.0,3.0,3.0,3.25,3.0,3.0,3.0,3.0,3.0,3.0,3.0,3.0,4.75,3.0,3.25
,evol_instruct,What is the formula for the potential function between two coaxial tubes with uniform conductivity?,4.5,5.0,4.25,4.25,4.5,3.0,4.25,3.0,3.0,3.0,3.0,3.0,3.0,4.0,3.0,3.0,5.0,3.0,3.0,3.0,3.0,4.75
,evol_instruct,What is the electric field at the origin due to a uniformly charged quarter circle of radius \( R \) with total charge \( Q \)?,3.5,3.0,3.75,3.25,3.375,3.0,3.0,1.0,3.0,3.0,3.0,4.25,3.0,5.0,3.0,3.0,3.25,3.0,3.0,3.0,3.0,3.0
,evol_instruct,What is the speed of the arrow when it leaves the bow?,4.25,4.5,4.0,4.25,4.25,3.0,3.75,3.0,3.0,3.0,3.0,4.5,3.0,3.0,3.0,4.25,3.0,3.0,3.0,3.0,3.0,4.5
,evol_instruct,Does Australopithecus afarensis have a hyoid bulla?,3.75,3.25,3.5,3.75,3.5625,3.0,3.0,3.0,3.0,3.0,2.75,3.0,3.0,4.0,3.0,3.0,3.0,3.0,3.0,4.5,3.0,3.0
,evol_instruct,What is the maximum percentage of an object's surface area that can be seen from a single angle?,4.5,5.0,5.0,4.5,4.75,3.0,3.0,3.0,4.75,5.0,3.0,3.0,3.0,4.5,3.0,3.0,3.0,3.0,3.0,3.0,4.75,3.0
,evol_instruct,"Conclude with ""**Selected answer is: X**"", where X is the letter of the answer. Select the most appropriate option from those given.

How long would it take for a bullet shot from the Equator to reach a geostationary orbit, neglecting air friction?",5.0,5.0,4.75,4.75,4.875,3.0,3.0,3.0,3.0,3.0,5.0,3.0,3.0,5.0,3.0,3.0,4.5,3.0,3.0,3.0,5.0,3.0
,evol_instruct,What is the bandwidth of the laser source in Hertz?,3.75,4.0,4.25,4.5,4.125,3.0,3.0,3.0,5.0,3.0,3.0,3.0,3.0,3.0,3.0,3.0,3.0,3.0,3.0,4.25,4.0,3.25
,evol_instruct,What is the precession of Mercury's perihelion due to special relativistic effects?,4.0,3.5,3.25,4.0,3.6875,1.5,3.0,3.5,5.0,3.0,4.75,3.0,3.0,3.0,3.0,3.0,3.0,3.0,3.0,3.0,3.0,3.0
,evol_instruct,"Provide the final answer as the last part of your response in the format: [Answer: X], where X is the correct letter choice.

How long does one orbit of S2 around the supermassive black hole take from the star's reference frame?",5.0,5.0,3.0,4.5,4.375,3.0,3.0,4.333333333333333,5.0,3.0,3.0,3.0,3.0,5.0,3.0,3.0,5.0,3.0,3.0,3.0,3.0,3.0
,evol_instruct,What is the change in entropy (ΔS) when 3 mol of a perfect gas at 298 K and 1 atm is changed to 398 K and 5 atm?,3.75,3.25,3.75,4.25,3.75,3.0,3.0,3.0,4.5,3.0,4.0,3.0,3.0,3.25,3.0,3.0,3.0,3.0,3.0,3.0,3.0,3.25
,evol_instruct,What is the energy of the outgoing muon when a pion at rest decays into a muon and a massless neutrino?,4.75,5.0,4.75,4.5,4.75,3.0,3.0,3.0,5.0,3.0,4.25,3.0,3.0,3.0,3.0,3.0,4.75,3.0,3.0,5.0,3.0,3.0
,evol_instruct,What is the theoretical rate at which Earth moves away from the Sun due to the Sun's mass loss?,4.0,3.5,3.0,4.25,3.6875,3.0,4.333333333333333,3.0,3.0,3.0,3.0,3.0,3.0,3.333333333333333,3.0,3.0,3.0,3.0,3.0,3.0,3.0,5.0
,evol_instruct,Which of the following statements about the reactions of compound X (C2H5NO2) are true?,2.75,2.75,2.25,3.5,2.8125,3.0,3.0,2.75,3.0,3.0,3.0,3.0,3.0,3.0,3.0,3.0,2.25,3.0,3.0,3.0,3.25,3.0
,evol_instruct,What is the wave function of the lowest energy molecular orbital of a hypothetical linear H₃⁺ molecule?,4.5,4.75,5.0,4.0,4.5625,3.0,3.0,3.0,3.0,3.0,3.0,3.0,4.5,3.0,3.0,4.25,4.75,4.75,3.0,3.0,3.0,3.0
,evol_instruct,"Answer the following question by thinking through it step by step and choosing the most appropriate option. Make sure to put your final answer in \boxed{} format at the end of your response. This is important—always use this format for the last answer.

How many grams of water are needed to make a 4.00% solution with 15.0 g of copper(II) sulfate pentahydrate?",4.25,4.0,4.25,4.25,4.1875,3.0,3.0,3.0,3.0,3.0,3.0,5.0,3.0,5.0,3.0,3.5,3.0,3.0,3.0,3.0,3.0,3.25
,evol_instruct,Under what condition will a hexagonal pencil not roll down a slope with inclination angle α?,3.75,4.75,4.25,3.5,4.0625,3.0,3.0,3.0,4.25,3.0,4.25,3.0,3.0,3.0,3.0,3.0,3.0,3.0,3.0,3.0,4.25,3.5
,evol_instruct,What is the approximate distance in light-years within which 90% of the 9096 visible stars are located?,4.25,4.5,4.25,4.0,4.25,3.25,3.0,3.0,3.0,3.0,3.0,5.0,3.0,4.25,3.0,3.0,4.5,3.0,3.0,3.0,3.0,3.0
,evol_instruct,What is the freezing point of water when 10.11 g of magnesium chloride is dissolved in 86.03 g of water?,4.75,5.0,4.75,4.0,4.625,3.0,3.0,3.0,3.0,4.75,5.0,3.0,3.0,3.0,3.0,4.0,3.0,3.0,4.75,3.0,3.0,3.0
,evol_instruct,How long does it take for a 540 kg car with a 60 kW engine to reach 27.7 m/s with constant acceleration?,4.75,5.0,5.0,4.25,4.75,3.0,3.0,3.0,3.0,3.0,3.0,3.0,4.75,3.0,3.0,4.5,5.0,3.0,3.0,4.75,3.0,3.0
,evol_instruct,What is the force with which two hemispheres of a charged hollow sphere repel each other if one hemisphere has a charge density of \(+\sigma_1\) and the other has \(+\sigma_2\)?,4.0,4.0,3.25,3.5,3.6875,4.0,3.0,3.75,3.0,3.0,3.0,3.0,3.0,3.0,3.0,2.75,3.0,4.25,3.0,3.0,3.0,3.0
,evol_instruct,How many grams of oxygen are in 7 grams of magnesium nitrate (Mg(NO3)2)?,4.25,4.5,4.0,4.0,4.1875,3.0,3.0,3.0,3.0,4.75,4.25,3.0,3.0,3.0,3.0,3.0,3.0,3.0,3.0,3.0,4.75,3.0
,evol_instruct,What medical procedure did Dr. Livesey perform on Billy Bones?,3.5,3.5,3.0,3.5,3.375,4.75,3.0,2.25,3.0,3.0,3.0,2.0,3.0,3.0,3.0,3.0,3.0,3.0,3.0,3.0,4.5,3.0
,evol_instruct,What is the pH of a 0.05 M Na2CO3 solution given Ka1 = 4 × 10^-7 and Ka2 = 4.7 × 10^-11 for H2CO3?,3.5,4.0,4.25,3.25,3.75,2.5,3.0,3.0,3.0,3.0,3.0,5.0,3.0,3.0,3.0,4.5,3.0,3.0,3.0,3.0,3.0,3.0
,evol_instruct,What is the molecular formula of the catalyst given the masses of Co and Cl and the molar mass of the compound?,3.25,4.5,4.666666666666667,3.5,3.979166666666667,3.0,3.0,3.0,5.0,3.0,3.0,4.5,3.0,3.0,3.0,3.0,3.5,3.0,3.0,3.0,2.333333333333333,3.0
,evol_instruct,"What is the pH of a solution when 0.025 mol NiCl2 is added to 1.00 L of a 0.100 M HCN solution, given the formation constant for Ni(CN)4^2- and the Ka for HCN?",3.5,4.5,3.5,3.75,3.8125,3.0,3.0,3.0,3.0,4.5,3.0,2.0,3.0,4.5,3.0,3.0,3.0,3.0,3.0,4.25,3.0,3.0
,evol_instruct,What is the approximate gravitational binding energy of our galaxy in joules?,4.75,5.0,5.0,3.25,4.5,3.0,3.0,3.0,3.0,4.5,3.0,3.0,3.0,3.0,3.0,3.0,3.0,4.5,4.5,3.0,4.5,3.0
,evol_instruct,What is the pH of a 0.24 M solution of benzylammonium chloride (C6H5CH2NH3Cl) given that Kb for benzylamine is 2.2 × 10^-5?,4.0,3.5,4.666666666666667,4.0,4.041666666666667,3.75,3.0,3.0,3.0,4.0,3.0,3.0,3.0,3.0,3.0,3.0,3.0,3.0,3.0,3.0,4.25,4.0
,evol_instruct,"What is the launch angle θ needed to hit a target given the initial velocity V, gravity g, and target coordinates (dx, dy)?",3.5,5.0,4.25,4.0,4.1875,3.0,3.0,3.0,3.0,3.0,4.75,3.0,4.25,3.25,3.0,3.0,3.0,3.0,3.0,3.0,3.0,4.5
,evol_instruct,"What is the scale below which microcausality violation must occur according to Grigor’ev's statement in the ""The Great Soviet Encyclopedia""?",2.75,3.25,3.5,3.0,3.125,3.0,3.0,3.0,5.0,3.0,3.0,2.5,2.0,3.0,3.0,3.0,3.0,3.0,3.0,3.0,3.0,3.0
,evol_instruct,"At the conclusion of your response, select exactly one option and state it in the format: Option Selected: A/B/C/D/...

What is the IUPAC name of phthalic anhydride?",2.5,3.5,2.75,2.5,2.8125,3.0,3.0,3.0,5.0,3.0,3.0,3.0,1.0,3.0,2.5,3.0,3.0,3.0,3.0,3.0,3.0,2.75
,evol_instruct,What is the estimated pH of a solution containing 1 gram of H2SO4 dissolved in 1 liter of water?,3.0,4.0,3.25,4.25,3.625,3.0,3.0,3.0,4.75,3.0,3.5,3.0,3.0,3.0,3.0,3.0,3.25,3.0,3.0,3.0,3.0,3.0
,evol_instruct,"How should ""NOx"" be properly typeset for nitrogen oxides?",3.0,4.0,3.25,3.5,3.4375,3.0,2.5,3.0,4.5,3.0,3.0,3.0,3.0,3.0,3.0,3.0,4.75,3.0,2.0,3.0,3.0,3.0
,evol_instruct,Will a galvanometer show deflection if the battery and galvanometer are interchanged at the balance point in a meter bridge?,2.75,4.0,4.25,4.0,3.75,3.0,3.0,2.5,3.0,3.0,4.25,3.0,3.75,3.0,3.0,3.0,3.0,3.0,4.5,3.0,3.0,3.0
,evol_instruct,What is the correct value of Z for the crystal $\ce{Cu41Sn11}$?,4.5,4.75,3.75,4.5,4.375,3.0,4.0,3.0,3.0,5.0,3.0,3.0,3.0,4.0,3.0,4.5,3.0,3.0,3.0,3.0,3.0,3.0
,evol_instruct,"At the end of your response, provide the correct answer choice using the following format: [Answer: X], where X is the corresponding letter of your final answer. Which of the following represents the most appropriate choice?

What is the relation between the coherent states $\left|\alpha\right\rangle$ and $\left|-\alpha\right\rangle$?",3.75,4.25,3.5,3.75,3.8125,3.0,3.0,3.0,3.0,3.0,3.0,3.0,3.0,3.0,3.0,3.0,2.75,3.5,3.0,3.0,5.0,4.0
,evol_instruct,What is the m/z value of the base peak ion in the n-phenethylacetamide mass spectrum?,4.25,4.5,4.75,4.0,4.375,3.0,3.0,3.5,3.0,3.0,3.0,5.0,3.0,3.0,3.0,4.25,3.0,3.0,4.75,3.0,3.0,3.0
,evol_instruct,What causes the lower energy limit in the cosmic radiation spectrum?,2.5,4.0,3.25,2.5,3.0625,3.0,3.0,2.25,3.0,3.0,3.0,3.0,3.25,2.75,3.0,3.0,3.0,3.0,3.0,4.0,3.0,3.0
,evol_instruct,What is the minimum upward velocity \( u \) that must be given to ball B so that ball A leaves the floor?,4.75,5.0,4.5,4.5,4.6875,3.0,3.0,3.0,3.0,5.0,4.5,3.0,4.25,3.0,3.0,3.0,3.0,3.0,3.0,5.0,3.0,3.0
,evol_instruct,"Choose the best answer from the options given, and provide your final answer as '<Answer: X>', where X is the correct option letter.

What is the ratio of the angular width of the fish as seen by the man in the presence of water to the angular width in the absence of water?",4.5,5.0,4.5,4.5,4.625,3.0,3.0,3.0,3.0,5.0,3.0,3.0,3.0,3.0,3.0,3.0,4.5,4.5,3.0,4.5,3.0,3.0
,evol_instruct,"What is the pH of a 4.53×10^-10 M HNO3 solution at 25 degrees Celsius, considering the contribution of hydronium ions from water?",4.0,3.75,3.75,3.75,3.8125,3.0,3.0,3.0,3.0,5.0,3.0,3.0,3.0,3.75,3.0,4.0,3.0,3.0,2.5,3.0,3.0,3.0
,evol_instruct,How much would an atomic clock on the New Horizons spacecraft drift compared to one on Earth's equator after a 10-year journey to Pluto?,3.75,4.0,4.0,4.25,4.0,3.0,3.0,3.0,3.0,3.0,3.0,3.0,3.0,3.0,3.0,3.0,3.0,4.75,4.0,3.0,3.0,4.25
,evol_instruct,What is the smallest possible angular speed at which the wheel was rotating?,2.75,2.5,2.25,2.25,2.4375,3.0,3.0,1.0,3.0,3.0,2.5,3.0,3.0,5.0,3.0,3.0,1.25,3.0,3.0,3.0,3.0,3.0
,evol_instruct,"Conclude your response by enclosing the correct answer choice in double asterisks, for example: **A**.

How long does it take for particles to spread the energy across a particular flux surface in a tokamak or stellarator?",3.0,3.75,3.5,3.0,3.3125,3.0,5.0,3.0,3.0,3.0,3.0,3.0,1.5,3.0,3.0,3.0,3.0,3.0,3.0,3.0,3.75,3.0
,evol_instruct,What fraction of the F2 plants will be approximately 28cm in height?,4.0,4.5,3.75,4.0,4.0625,2.75,3.0,3.75,5.0,4.75,3.0,3.0,3.0,3.0,3.0,3.0,3.0,3.0,3.0,3.0,3.0,3.0
,evol_instruct,What species is this little owl-like bird spotted in the Netherlands?,1.75,2.5,1.75,2.25,2.0625,3.0,3.0,3.0,3.0,3.0,3.0,1.5,3.0,3.0,3.0,3.5,3.0,3.0,3.0,1.75,3.0,1.5
,evol_instruct,"What is the molar mass of the compound given its density, pressure, and temperature?",3.75,4.0,4.0,2.75,3.625,3.0,4.25,3.75,3.0,3.0,3.0,3.0,3.0,3.0,3.0,3.0,3.0,4.5,3.0,2.0,3.0,3.0
,evol_instruct,What is the total pressure developed in the container when one mole of ammonium carbamate dissociates in a sealed container?,2.5,3.0,2.0,2.25,2.4375,2.0,3.6666666666666665,3.0,3.0,3.0,3.0,3.0,3.0,3.0,3.0,3.0,3.0,2.25,3.0,2.25,3.0,3.0
,evol_instruct,What is the phase constant φ for the particle's motion if cosine is used for the equation of motion?,3.0,3.25,3.75,2.75,3.1875,3.0,3.5,3.0,3.0,3.0,1.75,3.0,3.0,3.0,3.0,3.0,3.0,4.5,3.0,3.0,3.0,3.0
,evol_instruct,What are the frictional conditions required for a heap of identical hard spheres to maintain static equilibrium?,3.5,3.0,3.25,3.25,3.25,3.0,3.0,3.0,3.0,3.0,3.0,3.0,2.0,3.0,3.0,4.25,3.0,2.25,3.0,3.0,4.5,3.0
,evol_instruct,What is the energy of the ground state for an electron in a 1-D potential well with a depth of 20 eV and a width of 0.2 nm?,4.25,5.0,4.25,4.25,4.4375,3.0,3.0,3.0,3.0,3.0,4.75,4.5,3.0,3.0,3.0,3.0,3.0,4.25,4.25,3.0,3.0,3.0
,evol_instruct,"What is the origin of the name ""Sweetwater"" for the town in Missouri?",4.25,5.0,5.0,4.25,4.625,3.0,4.75,4.0,3.0,5.0,3.0,3.0,3.0,3.0,3.0,3.0,4.75,3.0,3.0,3.0,3.0,3.0
,evol_instruct,"Put the correct letter at the end like this: Correct Letter: [X]. For example: Correct Letter: [B]. This is a multiple-choice question—choose the most appropriate option.

What is the moment of inertia of an equilateral triangle formed by three rods of mass \( m \) and length \( l \) about an axis passing through its center of mass and perpendicular to its plane?",3.5,4.25,3.5,3.75,3.75,3.25,3.0,3.0,3.0,3.0,3.0,3.0,3.0,3.0,3.0,3.0,3.75,3.0,3.0,3.0,3.0,5.0
,evol_instruct,What is the approximate size of a succinic acid molecule?,3.75,4.25,3.5,3.5,3.75,1.5,3.0,3.0,3.0,3.0,5.0,3.0,3.0,3.0,3.0,3.0,3.0,4.25,3.0,3.0,3.0,4.25
,evol_instruct,How would the time dilation due to gravity affect the rate at which we receive signals from Voyager I as it moves farther from the Sun?,4.75,5.0,4.75,4.5,4.75,3.0,3.0,3.0,3.0,5.0,3.0,3.0,3.0,3.0,3.0,4.75,3.0,3.0,4.25,5.0,3.0,3.0
,evol_instruct,What is the approximate density of a 75% v/v isopropanol and water mixture?,2.75,3.5,3.0,3.0,3.0625,1.25,5.0,3.0,3.0,3.0,3.25,3.0,3.0,3.0,3.0,3.0,3.0,2.75,3.0,3.0,3.0,3.0
,evol_instruct,What is the formula for calculating MR according to Okamoto's description?,3.5,4.0,3.25,3.5,3.5625,1.0,4.25,3.0,3.0,3.0,3.0,3.0,3.0,3.0,3.0,4.0,5.0,3.0,3.0,3.0,3.0,3.0
,evol_instruct,What is the acceleration of a spherical raindrop that grows by absorbing moisture at a rate proportional to its surface area while falling in a constant gravitational field?,2.25,3.25,4.0,3.75,3.3125,3.0,3.0,3.0,3.0,3.0,2.5,4.75,3.0,3.0,3.0,3.0,2.75,3.0,3.25,3.0,3.0,3.0
,evol_instruct,What is the mass percent of $\ce{KClO3}$ in the original mixture?,4.5,4.75,5.0,4.5,4.6875,3.0,3.0,3.75,3.0,5.0,3.0,5.0,3.0,3.0,3.0,3.0,3.0,3.0,5.0,3.0,3.0,3.0
,evol_instruct,What is the uncertainty of the maximum point μ = 54.7712 based on the given confidence interval?,5.0,5.0,3.0,4.25,4.3125,3.0,3.0,3.0,3.0,4.666666666666667,5.0,3.0,4.666666666666667,3.0,3.0,3.0,3.0,3.0,3.0,3.0,4.666666666666667,3.0
,evol_instruct,"If I travel to Proxima Centauri at 10% of light speed, how much older will I be compared to my twin on Earth when I arrive?",4.0,4.75,3.0,3.75,3.875,3.0,3.0,3.0,3.0,3.0,3.0,3.0,3.0,4.333333333333333,3.0,3.0,4.0,3.0,3.0,3.0,4.666666666666667,3.6666666666666665
,evol_instruct,How many days are needed to detect a 0.155% signal variation with 3σ confidence given 68 random events per day?,3.0,3.75,3.25,3.0,3.25,3.0,3.0,3.0,4.75,3.0,3.0,3.0,3.0,3.0,3.0,2.0,2.25,3.0,3.0,3.0,4.0,3.0
,evol_instruct,What is the name of the bird species pictured that is found in Tanzania?,3.25,3.5,3.25,3.0,3.25,3.0,3.0,1.25,4.5,3.0,2.75,3.0,3.0,3.0,3.0,3.0,3.0,3.0,4.5,3.0,3.0,3.0
,evol_instruct,What is a reliable source for phase diagrams of different elements?,3.5,3.0,3.75,3.5,3.4375,3.0,4.0,1.0,3.0,3.0,3.0,3.0,3.0,3.0,3.0,3.0,3.0,4.0,4.75,3.0,3.0,3.0
,evol_instruct,What is the length of the string left of the point C?,3.5,2.5,3.25,2.75,3.0,3.0,3.5,3.0,4.75,3.0,3.0,3.0,1.75,3.0,3.0,3.0,3.0,2.0,3.0,3.0,3.0,3.0
,evol_instruct,What is the wavelength of a hot steel at 400 degrees Celsius?,2.75,3.5,4.0,3.5,3.4375,4.0,3.0,3.0,3.0,3.0,3.0,4.75,3.0,3.0,3.0,3.0,3.75,3.0,1.25,3.0,3.0,3.0
,evol_instruct,What is the name of the red orange insect with black dots found near a pond in a Japanese garden in Fukuoka?,4.25,4.5,4.75,4.0,4.375,3.0,3.0,3.0,3.0,3.5,3.0,3.0,4.75,3.0,3.0,3.0,3.0,3.0,3.0,4.75,3.0,4.5
,evol_instruct,What is the name of the large insect found inside a house in Austria that resembles a wasp-moth?,4.0,4.25,4.25,3.0,3.875,3.0,4.5,3.0,3.0,3.0,4.0,3.0,3.0,3.0,3.0,2.5,3.0,3.0,3.0,3.0,3.0,4.5
,evol_instruct,"What is the scientific name of the caterpillar with hairy head stalks found in Hanoi, North Vietnam?",3.75,4.0,3.25,4.0,3.75,2.25,3.0,3.0,3.0,3.0,3.25,3.0,3.0,3.0,3.0,3.0,3.0,3.0,3.0,5.0,3.0,4.5
,evol_instruct,"What is the scientific name of the plant commonly referred to as ""ogre ears""?",4.25,4.5,4.0,4.0,4.1875,3.0,3.0,3.5,4.75,3.0,4.5,3.0,3.0,3.0,3.0,3.0,3.0,3.0,3.0,3.0,3.0,4.0
,evol_instruct,"Choose the correct option from A, B, C, D, or the corresponding letters.

What is the ratio of concentrations of the two most prominent glutamate species at pH 4.7?",4.0,4.0,4.5,4.0,4.125,3.0,3.0,3.0,3.0,4.75,3.0,3.0,4.25,3.0,3.0,3.0,3.0,4.5,3.0,3.0,3.0,3.0
,evol_instruct,What is the sex determination system in side-blotched lizards?,4.25,5.0,4.25,4.5,4.5,3.75,3.0,3.0,3.0,3.0,3.0,3.0,5.0,3.0,3.0,3.0,5.0,3.0,3.0,3.0,3.0,4.25
,evol_instruct,What rotation speed in RPM is needed for a 1km radius torus to simulate 1G gravity?,3.25,4.0,4.666666666666667,3.5,3.854166666666667,3.0,3.0,1.0,5.0,3.0,4.25,3.0,3.0,3.0,3.0,4.25,3.0,3.0,3.0,3.0,3.0,3.0
,evol_instruct,At what depth inside the Sun does the gas density match the density of Earth's surface?,4.0,4.0,4.0,4.25,4.0625,3.0,3.0,3.0,3.0,3.0,3.0,3.0,4.75,4.5,3.0,3.0,3.0,4.0,3.0,3.0,3.0,3.0
,evol_instruct,"Conclude with ""(Answer: X)"", where X is one of [A,B,C,D,...]. Select the most appropriate answer.

What is the amount of energy transferred when a 100,000 ton container ship collides with a bridge at 8.6 knots?",4.5,5.0,4.75,4.0,4.5625,3.0,3.0,3.0,3.0,3.0,3.0,3.0,3.0,4.0,3.0,4.5,5.0,4.75,3.0,3.0,3.0,3.0
,evol_instruct,"At the end of your response, select exactly one option and state it clearly using the format: Option Selected: A/B/C/D/...

Given the vector field \( F = x^2\hat{x} + 3xz^2\hat{y} - 2xz\hat{z} \), how can you find the vector potential \( A \) such that \( F = \nabla \times A \)?",2.25,2.5,2.75,2.0,2.375,3.0,3.0,3.0,3.0,2.75,3.0,3.0,2.75,3.0,3.0,1.0,3.0,3.0,3.0,3.0,3.0,3.0
,evol_instruct,How many total atoms are in the sample of copper(II) sulfate pentahydrate (CuSO4·5H2O) that contains 0.360 g of water?,2.5,2.25,2.5,1.5,2.1875,3.0,2.5,3.0,3.0,3.0,2.0,3.0,3.0,2.75,3.0,1.5,3.0,3.0,3.0,3.0,3.0,3.0
,evol_instruct,Is there a geometric method to describe the trace anomaly using a descent equation and the index theorem?,3.25,4.0,4.5,4.0,3.9375,3.0,3.0,3.0,3.0,4.75,3.0,3.25,3.5,3.0,3.0,3.0,3.0,3.0,4.25,3.0,3.0,3.0
,evol_instruct,What is the frequency of small oscillation for a particle constrained to move along the curve \( y = ax^4 \) under gravity?,4.25,4.5,4.25,4.0,4.25,3.0,3.0,3.0,4.75,3.0,3.0,3.0,3.0,3.0,3.0,2.75,3.0,3.0,4.5,5.0,3.0,3.0
,evol_instruct,What E-value cutoff is reasonably accepted as the lowest in miRNA BLAST results?,3.0,4.25,3.5,3.5,3.5625,4.25,3.0,2.75,3.0,3.0,3.0,3.0,3.0,3.0,3.0,2.5,3.0,3.0,3.0,4.75,3.0,3.0
,evol_instruct,What is the theoretical density of lithium oxide based on the given formula and crystal structure?,4.0,3.0,3.0,2.25,3.0625,3.0,3.0,3.0,3.0,5.0,3.0,3.0,3.0,2.0,3.0,3.0,3.0,2.25,3.0,3.0,3.0,3.0
,evol_instruct,What is the center of mass frame energy after a head-on collision between a 60 GeV electron and an 800 GeV proton?,4.0,4.5,3.0,3.0,3.625,3.0,4.0,3.0,3.0,3.0,4.666666666666667,3.0,3.0,3.0,3.0,3.0,3.0,2.333333333333333,3.0,4.333333333333333,3.0,3.0
,evol_instruct,What is the main difference between the HHH Standard Type and Universal Type Bulb Pipette Fillers?,4.0,4.5,4.5,4.75,4.4375,3.0,3.0,3.0,3.0,3.0,4.75,3.0,4.75,3.0,3.0,3.0,4.75,3.0,3.5,3.0,3.0,3.0
,evol_instruct,"Which of the following options is the most appropriate response to the question?

What rotation speed in RPM is needed for a 1km radius torus to simulate 1G gravity?",3.0,3.25,3.75,3.0,3.25,3.0,3.0,3.75,4.5,3.0,3.0,3.25,3.0,3.0,3.0,3.0,3.0,1.5,3.0,3.0,3.0,3.0
,evol_instruct,What is the coordinate transformation that diagonalizes the given metric $ds^2 = dv^2 - v^2 du^2$ to the Minkowski metric $ds^2 = dx^2 - dt^2$?,4.0,4.25,4.0,3.0,3.8125,3.0,3.0,3.0,3.0,4.5,4.25,3.0,3.0,4.5,3.0,3.0,3.0,3.0,3.0,3.0,3.0,2.0
,evol_instruct,What is the expression for the difference of path traversed in Fresnel's diffraction equation?,4.75,4.75,4.25,3.75,4.375,3.0,4.25,3.0,3.0,3.0,3.0,3.0,3.0,3.0,3.0,4.25,3.0,4.0,5.0,3.0,3.0,3.0
,evol_instruct,What is the claimed g-force of a cell phone hitting a solid metal surface from four feet high?,4.5,5.0,4.25,3.75,4.375,3.0,3.75,3.0,3.0,3.0,3.0,4.75,4.25,3.0,3.0,3.0,3.0,3.0,4.75,3.0,3.0,3.0
,evol_instruct,"Select the most appropriate answer. Select exactly one letter from the given choices and present the final answer at the end of your response as \boxed{X}, where X is the chosen letter.

Would storing an equivalent amount of energy in a femtometer capacitor create a black hole?",4.25,4.0,4.75,3.75,4.1875,3.0,4.75,3.0,3.0,3.0,3.0,3.0,3.0,3.0,3.0,3.0,3.0,3.5,3.0,3.0,5.0,3.5
,evol_instruct,Which object is considered the roundest man-made object: the Avogadro project silicon sphere or the Gravity Probe B rotor?,4.75,4.75,4.75,4.0,4.5625,3.0,4.25,3.0,3.0,3.0,3.0,3.0,3.0,3.0,3.0,4.25,3.0,3.0,3.0,5.0,3.0,4.75
,evol_instruct,"Which of the following options is most appropriate?

At the conclusion of your response, provide the final answer in the format: ## Answer: LETTER ##, where LETTER corresponds to the correct choice.

What is the precision required to detect diurnal variations in $g$ due to the Moon's gravitation in a laboratory setting?",3.5,3.25,3.0,3.5,3.3125,3.5,3.0,3.0,3.0,5.0,1.75,3.0,3.0,3.0,3.0,3.0,3.0,3.0,3.0,3.0,3.0,3.0
,evol_instruct,"What is the magnetic field $\vec{B}(z)$ along the $z$-axis of a cylindrical magnet with magnetization $\vec{M}=M_0 \hat{k}$, radius $b$, and length $2l$?",5.0,4.0,4.0,4.0,4.25,2.0,3.0,3.0,3.0,5.0,3.0,3.0,3.0,3.0,3.0,3.0,3.0,3.0,3.0,5.0,5.0,3.0
,evol_instruct,"How many stereoisomers can 1,2-cyclopentanediol have?",3.25,3.5,3.5,3.5,3.4375,3.0,3.0,3.0,3.0,3.0,4.0,3.75,3.0,3.0,3.0,1.0,3.0,3.0,5.0,3.0,3.0,3.0
,evol_instruct,"Answer the following question. Provide the final answer as the last part of your response in the format [Answer: X], where X is the correct letter choice.

How much younger is the Earth's core compared to its crust due to gravitational time dilation?",4.0,3.5,4.0,3.25,3.6875,3.0,3.0,2.25,5.0,3.0,3.0,3.0,3.25,3.0,3.0,3.0,4.25,3.0,3.0,3.0,3.0,3.0
,evol_instruct,"Answer the following question. Provide the final answer as the last part of your response in the format [Answer: X], where X is the correct letter choice.

Identify the insect species in the photo taken on the beach of Bandon, OR.",3.0,4.0,3.25,3.25,3.375,2.25,2.75,3.0,3.0,3.0,3.0,4.25,3.0,4.25,3.0,3.0,3.0,3.0,3.0,3.0,3.0,3.0
,evol_instruct,What was the value of \( H \) at the time of CMB emission according to the lambda CDM model?,3.5,4.5,4.25,3.25,3.875,3.0,3.0,3.0,4.5,3.0,3.0,3.0,4.0,3.0,3.0,3.0,3.0,2.25,4.75,3.0,3.0,3.0
,evol_instruct,What is the correct expression for the second derivative of ψ with respect to x after the variable substitution cosh²x = z?,3.5,3.75,3.5,3.75,3.625,2.0,3.0,3.0,3.0,3.0,4.75,3.5,3.0,3.0,4.25,3.0,3.0,3.0,3.0,3.0,3.0,3.0
,evol_instruct,What is the Lyapunov exponent for the Logistic map with \( r=4 \)?,3.5,3.25,3.0,4.0,3.4375,3.25,3.0,3.0,4.5,3.0,3.5,3.0,3.0,3.0,2.5,3.0,3.0,3.0,3.0,3.0,3.0,3.0
,evol_instruct,How long would it take for an object to fall to the center of the Earth?,4.25,4.75,4.75,4.5,4.5625,3.0,3.0,3.25,3.0,3.0,5.0,3.0,3.0,5.0,3.0,5.0,3.0,3.0,3.0,3.0,3.0,3.0
,evol_instruct,What speed would a spacecraft need to travel at for it to appear moving at 1.7x the speed of light from the perspective of those on board?,4.25,4.25,4.0,4.0,4.125,3.0,3.0,3.0,3.0,3.0,3.0,3.0,3.0,4.75,3.0,3.5,3.0,4.25,4.0,3.0,3.0,3.0
,evol_instruct,"What is the enthalpy change in kJ mol⁻¹ for the dissolution of 4.3 g of ammonium nitrate in 60.0 g of water, given the temperature dropped from 22.0 °C to 16.9 °C?",2.5,3.0,3.0,2.0,2.625,3.0,3.0,3.0,3.0,3.0,2.0,3.25,3.0,3.0,3.0,3.0,3.0,4.0,1.25,3.0,3.0,3.0
,evol_instruct,What is the main difference between Codeine Phosphate and Codeine Sulphate in terms of their properties and stability?,4.5,4.25,4.5,4.0,4.3125,3.0,3.0,3.0,3.0,4.75,3.0,3.0,3.0,4.0,3.0,5.0,3.0,3.0,3.0,3.0,3.5,3.0
,evol_instruct,What explains the paramagnetic nature of BN in the gas phase?,3.0,3.5,4.25,3.25,3.5,2.0,3.0,3.0,3.0,4.5,4.75,3.0,2.75,3.0,3.0,3.0,3.0,3.0,3.0,3.0,3.0,3.0
,evol_instruct,What is the pH of the buffer solution after adding 0.1 L of 1 M HCl to 1.0 L of 0.20 M glycine?,3.5,3.0,3.0,2.75,3.0625,2.0,3.0,3.5,3.0,3.0,2.25,3.0,3.0,3.0,3.0,3.0,3.0,3.0,3.0,3.0,3.0,4.5
,evol_instruct,Does osmium react with oxygen at room temperature?,3.0,3.0,3.25,4.0,3.3125,3.0,3.0,3.0,3.0,3.0,3.0,3.5,3.0,3.5,3.0,3.0,2.75,3.0,3.0,3.0,3.5,3.0
,evol_instruct,What is the approximate difference in bond energies when burning different isotopic combinations of hydrogen and oxygen?,5.0,5.0,3.0,4.5,4.375,3.0,4.666666666666667,3.0,3.0,3.0,5.0,3.0,3.0,4.666666666666667,3.0,3.0,3.0,3.0,5.0,3.0,3.0,3.0
,evol_instruct,What is the effective resistance between two adjacent vertices of a regular dodecahedron where each edge has resistance \( r \)?,3.75,4.0,4.0,3.25,3.75,3.0,3.0,3.0,3.0,3.0,3.0,4.75,3.0,3.0,3.0,3.0,4.5,3.0,1.5,3.0,4.25,3.0
,evol_instruct,"End your response with the final answer in the format: Chosen Answer = A/B/C/D (e.g., Chosen Answer = B).",4.0,4.5,4.5,3.75,4.1875,4.25,3.0,3.5,3.0,5.0,3.0,3.0,3.0,3.0,3.0,3.0,3.0,3.0,3.0,3.0,3.0,4.0
,evol_instruct,What is the penetration depth of Fe55 X-ray photons through glass?,5.0,4.75,5.0,4.0,4.6875,3.0,5.0,4.25,3.0,3.0,3.0,3.0,3.0,3.0,3.0,4.75,4.75,3.0,3.0,3.0,3.0,3.0
,evol_instruct,"Provide your final answer at the end of the response as '<Answer: X>', where X is the correct option letter. Carefully evaluate each choice and choose the option that most accurately answers the question. Provide only the letter corresponding to your selection.

What type of insect laid the eggs found in a straight line on a window in Johor, Malaysia?",4.5,5.0,4.5,4.0,4.5,3.0,3.0,3.0,3.0,3.0,3.0,3.0,3.0,3.0,3.0,4.25,3.0,4.5,3.0,3.0,5.0,4.25
,evol_instruct,What is the time it takes for half of the muons to decay from a stationary observer's frame of reference?,2.5,4.5,5.0,2.5,3.625,3.0,3.0,3.6666666666666665,3.0,3.0,3.0,3.0,2.5,3.0,3.0,3.0,3.0,3.0,3.0,3.0,3.0,4.333333333333333
,evol_instruct,"How long does it take for the police car to catch up with the speeder, including the reaction time?",4.5,5.0,4.75,4.75,4.75,3.0,3.0,3.0,4.75,3.0,5.0,3.0,3.0,4.5,3.0,3.0,3.0,4.75,3.0,3.0,3.0,3.0
,evol_instruct,What is the NaCl concentration in the sample collected between 102 mL and 117 mL?,3.5,3.75,3.5,4.0,3.6875,3.0,3.0,3.0,3.0,4.75,3.0,3.0,4.0,3.0,3.0,2.5,3.0,3.5,3.0,3.0,3.0,3.0
,evol_instruct,How many neutral points are found inside a square with four equal point charges fixed at its vertices?,3.25,3.5,2.5,2.25,2.875,3.0,3.0,3.0,3.0,4.75,2.75,3.0,2.0,3.0,3.0,3.0,3.0,3.0,3.0,3.0,2.0,3.0
,evol_instruct,What is the time period of a simple pendulum as its length approaches infinity?,4.0,5.0,4.75,4.25,4.5,3.0,3.0,3.75,3.0,4.75,5.0,3.0,3.0,3.0,3.0,3.0,3.0,4.5,3.0,3.0,3.0,3.0
,evol_instruct,Which method cools a cup of hot coffee more effectively in 5 minutes: waiting first or adding cold water immediately?,4.5,4.25,4.5,3.5,4.1875,3.0,3.0,3.0,5.0,3.0,3.75,4.75,3.0,3.0,3.0,3.25,3.0,3.0,3.0,3.0,3.0,3.0
,evol_instruct,"Which option is correct?

What is the approximate interval in years for the alignment of Jupiter, Saturn, and Uranus?",4.75,5.0,5.0,4.25,4.75,4.5,3.0,3.0,4.75,3.0,3.0,3.0,3.0,3.0,3.0,4.75,3.0,3.0,3.0,3.0,5.0,3.0
,evol_instruct,What is the molar solubility of silver carbonate in a 0.125 M sodium carbonate solution given the \(K_\mathrm{sp} = 8.46 \times 10^{-12}\)?,3.5,3.5,4.25,3.75,3.75,3.0,3.0,3.0,3.0,4.75,4.75,3.0,4.0,3.0,3.0,3.0,1.5,3.0,3.0,3.0,3.0,3.0
,evol_instruct,What tool can be used to simulate past and future sequences of RNA virus datasets?,3.25,4.0,4.0,3.0,3.5625,3.0,3.0,3.0,3.0,3.0,2.25,4.0,3.0,4.25,3.0,3.75,3.0,3.0,3.0,3.0,3.0,3.0
,evol_instruct,What is the kinetically fastest product of the sulphonation of β-naphthol?,4.25,4.0,4.0,3.25,3.875,3.0,3.75,3.0,4.25,3.0,3.0,3.0,3.0,3.0,3.0,3.0,3.0,3.0,4.25,3.25,3.0,3.0
,evol_instruct,What is the correct number of g's applied to a 12kg car tire with a radius of 0.1909m when the car is moving at 100km/h?,4.75,4.5,4.75,4.5,4.625,3.75,5.0,3.0,3.0,3.0,3.0,4.75,5.0,3.0,3.0,3.0,3.0,3.0,3.0,3.0,3.0,3.0
,evol_instruct,What is the moment of inertia of an equilateral triangle formed by three rods of mass \( m \) and length \( l \) about an axis passing through its center of mass and perpendicular to its plane?,3.75,4.0,4.75,2.75,3.8125,3.0,3.0,2.25,3.0,4.5,3.0,3.0,4.0,3.0,3.0,3.0,3.0,3.0,4.5,3.0,3.0,3.0
,evol_instruct,Does adding electrons to a charged sphere significantly change its mass?,4.5,5.0,4.25,4.0,4.4375,3.0,4.25,3.0,3.0,4.25,3.0,5.0,3.0,3.0,3.0,3.0,3.0,3.0,4.25,3.0,3.0,3.0
,evol_instruct,How much time has passed for Voyager I since it left Earth 34 years ago?,4.0,4.25,4.0,4.0,4.0625,3.0,3.0,3.0,3.0,3.0,4.5,3.0,4.5,3.0,3.0,3.75,3.0,3.0,3.0,3.5,3.0,3.0
,evol_instruct,What free software can be used to draw Newman projections of molecules on Linux?,3.75,4.75,4.25,4.0,4.1875,3.5,3.0,3.0,3.0,3.0,4.75,3.0,3.0,3.0,3.0,3.0,4.25,3.0,3.0,3.0,3.0,4.25
,evol_instruct,"Which of the following options is correct? Conclude your response by placing the letter of the correct option between double asterisks, as in **A**.

What would a third observer in an inertial frame of reference measure as the closing speed of Alice and Bob?",4.25,4.5,5.0,3.75,4.375,3.0,4.75,3.25,3.0,3.0,4.75,3.0,3.0,3.0,3.0,3.0,3.0,3.0,3.0,4.75,3.0,3.0
,evol_instruct,Are fluorene-based sandwich compounds with an iron-II ion known to exist?,3.5,3.0,3.5,3.5,3.375,2.0,3.0,2.75,3.0,3.0,3.0,3.0,3.75,3.0,3.0,3.0,3.0,3.0,3.0,5.0,3.0,3.0
,evol_instruct,How would the brightness of supernova ASAS-SN-15lh compare to the full moon if it occurred in the Milky Way?,4.0,5.0,4.75,4.5,4.5625,3.0,4.25,3.0,3.0,5.0,3.0,3.0,3.0,3.0,3.0,4.25,4.75,3.0,3.0,3.0,3.0,3.0
,evol_instruct,Answer the following multiple choice question. The last line of your response should be in the following format: 'Answer: A/B/C/D' (e.g. 'Answer: A').,2.25,2.75,3.0,2.5,2.625,3.0,3.0,3.0,3.0,5.0,3.0,2.25,3.0,3.0,3.0,3.0,3.0,1.25,2.0,3.0,3.0,3.0
,evol_instruct,"The final answer must be placed in \boxed{} format at the end of your response. Ensure strict adherence to this requirement. Choose the most appropriate answer from the options given.

What will be the pH of the mixture when 50 cm³ of HCl with pH 1.3 is mixed with 150 cm³ of Ba(OH)₂ with pH 12.3?",4.25,5.0,4.75,4.5,4.625,3.0,4.0,3.0,5.0,3.0,3.0,3.0,3.0,3.0,3.0,4.5,3.0,3.0,5.0,3.0,3.0,3.0
,evol_instruct,"At the end of your response, provide the final answer in this exact format: Selected Option -> X. Answer the following question by carefully considering all options and selecting the most appropriate choice.

How many stereo isomers does 3,6-dimethylpiperazine-2,5-dione have?",2.75,2.75,2.5,3.0,2.75,3.0,3.0,3.0,3.0,3.0,3.0,3.0,2.25,3.0,2.25,2.25,3.0,4.25,3.0,3.0,3.0,3.0
,evol_instruct,What species of red insects were observed near XinBeitou MRT station in Taipei?,3.5,3.25,4.0,3.25,3.5,3.0,4.0,3.0,3.0,3.0,3.75,3.0,3.0,4.5,3.0,3.0,3.0,3.0,1.75,3.0,3.0,3.0
,evol_instruct,What is the velocity as a function of time for a free-falling object with quadratic air resistance?,3.75,4.25,3.5,3.25,3.6875,3.0,3.0,3.0,3.0,3.0,4.75,3.0,3.0,4.5,3.0,2.25,3.0,3.25,3.0,3.0,3.0,3.0
,evol_instruct,What substitution is made to transform the radial Schrödinger equation into the form that yields the WKB solution?,4.25,4.5,4.25,3.5,4.125,3.0,4.75,3.0,3.0,3.0,4.75,3.0,2.25,3.0,3.0,3.0,3.0,3.0,3.0,4.75,3.0,3.0
,evol_instruct,"What was the original concentration [A]₀ in mol/L of a first-order reaction with a half-life of 33.8 s, if the concentration after 2.5 minutes is 0.0796 mol/L?",4.75,4.75,4.5,4.25,4.5625,4.5,3.0,4.5,3.0,3.0,3.0,3.0,3.0,3.0,3.0,4.5,3.0,4.75,3.0,3.0,3.0,3.0
,evol_instruct,What is the escape velocity of a neutron particle?,4.25,3.5,3.25,3.5,3.625,3.0,2.25,3.0,5.0,3.0,4.0,3.0,3.0,3.0,3.0,3.0,3.0,3.0,3.0,3.0,3.0,3.25
,evol_instruct,"Which of Newton's laws is represented by equation (1.5) in ""Abers Ernest Quantum mechanics""?",3.0,2.5,3.0,3.0,2.875,3.0,3.0,3.0,5.0,3.0,1.0,3.0,3.0,3.0,3.0,3.0,3.5,3.0,3.0,3.0,2.0,3.0
,evol_instruct,What is the boundary within which the electric field lines will always fall for two positive point charges near an infinite grounded conducting plate?,4.0,3.0,3.75,3.25,3.5,3.0,3.0,3.0,3.0,3.0,3.0,3.0,3.0,3.0,3.0,3.0,3.0,4.75,3.5,2.75,3.0,3.0
,evol_instruct,What pressure is required to heat water to 350 degrees Celsius?,4.0,4.5,4.25,3.75,4.125,3.0,3.0,3.0,3.0,3.0,2.5,3.0,3.0,3.0,3.0,3.0,3.0,4.75,5.0,4.25,3.0,3.0
,evol_instruct,What is the molality of the mixture formed by combining 200 cm³ of 69% HNO₃ (density 1.41 g/mL) with 1 L of 1.2 M HNO₃ (density 1.06 g/mL)?,5.0,5.0,4.5,4.25,4.6875,3.0,3.0,3.0,5.0,3.0,3.0,3.0,3.0,3.0,3.0,3.0,4.25,3.0,5.0,4.5,3.0,3.0
,evol_instruct,What is the angle between the C-F bond and the C-H bonds in CH3F given the angle (theta) between the C-H bonds?,3.75,4.0,3.5,4.0,3.8125,4.75,3.0,3.75,3.0,3.0,3.0,2.75,3.0,3.0,3.0,3.0,3.0,3.0,4.0,3.0,3.0,3.0
,evol_instruct,Why is imaging the black hole at the center of the Milky Way more challenging than imaging M87's black hole?,2.5,3.0,3.5,2.5,2.875,3.0,3.75,3.0,3.0,3.0,1.75,3.0,3.0,3.25,3.0,3.0,3.0,3.0,3.0,3.0,3.0,2.75
,evol_instruct,Where can the English translation of the original LSZ reduction formula paper be found?,4.0,5.0,5.0,3.75,4.4375,4.0,3.0,3.0,3.0,3.0,5.0,3.0,3.0,3.0,3.0,4.5,3.0,3.0,3.0,3.0,3.0,4.25
,evol_instruct,"Choose the most appropriate option from the choices provided. At the end of your response, provide the selected option in this exact format: Selected Option -> X.

Is the kink solution \( H(x) = \tanh\left(\frac{x}{\sqrt{2}}\right) \) periodic, and does the \(\phi^4\) model admit explicit traveling waves of the form \(\phi(x,t) = \psi_c(x - ct)\)?",2.75,3.5,2.75,2.5,2.875,3.0,3.0,3.0,3.0,3.0,3.0,3.0,1.75,2.0,3.0,3.0,3.0,3.0,3.0,3.0,4.75,3.0
,evol_instruct,"Which option is correct?  
Place your final answer at the end of the response, enclosed in XML-style tags as follows: `<final_answer>X</final_answer>`.

Which solution has a greater specific heat capacity and by how much?",4.0,3.75,3.0,3.75,3.625,3.0,3.0,2.0,3.0,3.0,3.0,3.0,3.0,3.0,3.0,4.0,3.0,4.666666666666667,3.0,3.0,3.0,4.666666666666667
,evol_instruct,How much mechanical power does a typical sedan engine output during highway driving?,3.75,3.75,3.75,3.5,3.6875,3.0,3.0,3.0,5.0,3.0,3.0,3.0,3.0,3.0,2.0,3.0,3.0,3.0,3.0,3.0,4.75,3.0
,evol_instruct,How much 5 M NaOH is needed to increase the pH from 0 to 2 for a 1 L solution of 5 M H2SO4?,4.0,4.0,4.0,4.0,4.0,3.0,3.0,1.0,5.0,3.0,3.0,5.0,3.0,3.0,3.0,3.0,3.0,3.0,3.0,3.0,3.0,5.0
,evol_instruct,What relative speed would an observer on Object A measure for Object B?,4.75,5.0,4.5,4.5,4.6875,3.0,3.0,3.0,3.0,3.0,3.0,3.0,5.0,4.25,3.0,3.0,4.5,3.0,3.0,3.0,5.0,3.0
,evol_instruct,What is the conversion factor between a chemist's atomic mass and a physicist's atomic mass for oxygen?,4.0,2.5,3.75,3.75,3.5,3.0,3.0,3.0,3.0,3.0,4.75,3.0,3.0,3.0,2.5,2.75,3.0,4.0,3.0,3.0,3.0,3.0
,evol_instruct,Is the reaction $$\ce{Li2O + 2KCl <=> 2LiCl + K2O}$$ feasible?,3.75,3.75,3.25,4.0,3.6875,3.0,3.5,3.0,3.0,3.0,3.0,3.0,3.0,3.0,3.0,3.75,3.0,3.0,4.5,3.0,3.0,3.0
,evol_instruct,"Answer the following question by selecting the most appropriate option after careful consideration. At the end, select one option and write: Option Selected: A/B/C/D/...

What is the value of Δ_mixG when 2.0 mol H2 at 2.0 atm and 4.0 mol N2 at 3.0 atm are mixed at constant volume at 25°C?",2.75,3.5,3.0,2.5,2.9375,3.0,3.0,3.0,3.0,3.0,3.0,3.0,3.0,3.0,3.0,3.0,3.0,2.25,5.0,3.0,3.0,1.5
,evol_instruct,Is equation (8.95) in the lecture notes by Eric Gourgoulhon correct as stated?,2.75,3.25,2.75,3.25,3.0,3.0,3.0,3.0,3.0,3.0,2.0,3.0,2.75,3.0,3.0,2.25,3.0,3.0,5.0,3.0,3.0,3.0
,evol_instruct,"Please review the question thoroughly and select the most appropriate option by providing the corresponding letter.

What is the common English name for the fruit known in Nepal as 'lahare Aanp'?",3.25,3.25,4.0,4.0,3.625,3.0,3.0,2.5,5.0,3.0,3.0,3.0,3.0,4.0,3.0,3.0,3.0,3.0,3.0,3.0,3.0,3.0
,evol_instruct,What would happen to a space rock at 10 Pluto distances from a supernova?,4.5,4.25,4.75,4.25,4.4375,3.5,3.0,3.0,3.0,3.0,3.0,3.0,3.0,4.25,3.0,3.0,3.0,3.0,5.0,5.0,3.0,3.0
,evol_instruct,"What is the pressure in CGS units given the specific gravity of mercury, density of water, gravity, and height?",3.5,3.75,3.0,3.25,3.375,3.0,3.0,3.0,3.0,5.0,3.0,3.0,3.0,3.0,3.0,1.5,3.0,3.0,4.5,3.0,2.5,3.0
,evol_instruct,"At the conclusion of your response, select exactly one option and state it in the format: Option Selected: A/B/C/D/...

What is the terminal velocity of a 1 μm diameter spherical object in air?",4.5,4.5,4.75,4.0,4.4375,3.0,3.0,3.5,3.0,3.0,3.0,3.0,3.0,3.0,3.0,4.75,3.0,3.0,4.75,3.0,3.0,4.75
,evol_instruct,What is the primary taxonomic difference between rock cod and grouper?,2.75,4.0,3.25,2.75,3.1875,3.0,3.0,1.5,3.0,5.0,3.0,3.0,3.5,2.75,3.0,3.0,3.0,3.0,3.0,3.0,3.0,3.0
,evol_instruct,"What is the equivalent resistance of the circuit with a jumper wire, 4 ohm, 8 ohm, 12 ohm, and 5 ohm resistors?",4.25,4.0,4.0,4.0,4.0625,3.0,3.0,3.0,3.0,3.0,4.25,3.5,3.75,3.0,3.0,3.0,3.0,3.0,3.0,3.0,4.75,3.0
,evol_instruct,"What technology does the ""identitas v1 forensics chip"" use to detect multiple phenotypes simultaneously?",4.0,4.0,4.0,3.0,3.75,3.0,3.0,1.0,3.0,3.0,4.5,3.0,3.0,4.5,3.0,3.0,5.0,3.0,3.0,3.0,3.0,3.0
,evol_instruct,What is the approximate decibel level of noise produced by an M84 flash bang grenade within 5 feet?,4.0,4.75,4.75,3.5,4.25,3.0,3.0,3.0,4.5,3.0,3.0,3.0,3.0,3.0,3.0,3.0,3.0,3.0,3.0,4.75,3.5,4.25
,evol_instruct,How much thermal energy is produced when a 19.9kg mass slides 28.8m with a friction coefficient of 0.105?,2.5,3.75,3.0,2.5,2.9375,3.0,3.0,3.0,3.0,3.0,3.75,3.0,1.25,3.0,3.0,3.0,3.0,3.75,3.0,3.0,3.0,3.0
,evol_instruct,What is the length of a 1.00 lb spool of 16-gauge copper wire in meters?,3.5,3.25,3.5,3.0,3.3125,2.0,3.0,3.0,3.0,3.0,3.0,3.0,3.0,3.0,3.0,3.0,3.5,3.0,4.5,3.25,3.0,3.0
,evol_instruct,"What is the radiation pattern of two identical, parallel dipole antennas spaced $\lambda/4$ apart in the H-plane with a $90°$ phase shift between them?",3.25,3.75,3.25,2.25,3.125,3.0,3.0,1.5,3.0,3.0,3.0,3.0,3.0,4.75,3.0,3.0,2.5,3.0,3.0,3.0,3.0,3.75
,evol_instruct,"What is the correct increasing order of volatility for NH₃, SbH₃, AsH₃, and PH₃?",4.0,4.25,3.5,4.25,4.0,2.75,3.0,3.0,5.0,3.0,3.0,3.0,3.0,4.25,3.0,3.0,3.0,4.0,3.0,3.0,3.0,3.0
,evol_instruct,What type of fish was caught 35 miles off the coast of North Carolina?,3.75,4.75,3.0,3.5,3.75,3.0,4.333333333333333,3.0,3.0,4.333333333333333,3.0,3.0,3.0,4.0,3.0,3.0,3.0,3.0,3.0,3.0,3.0,3.333333333333333
,evol_instruct,Have orcas ever been known to be killed and eaten by another marine mammal?,4.0,4.5,5.0,3.5,4.25,3.0,3.0,3.0,4.75,3.0,3.0,2.0,3.0,3.0,3.0,3.0,3.0,3.0,4.75,3.0,4.75,3.0
,evol_instruct,How many liters of CO2 should be produced from the decomposition of 2.00 g of NaHCO3 at 500°C and 700 mmHg?,2.75,4.0,3.75,2.25,3.1875,3.0,3.0,2.25,3.0,3.0,3.0,3.0,2.25,4.25,3.0,4.0,3.0,3.0,3.0,3.0,3.0,3.0
,evol_instruct,"What species is the grey spotted insect found near a Bauhinia variegata tree in Pune, India?",3.5,4.0,4.25,3.75,3.875,3.0,3.0,3.0,3.0,3.0,3.0,3.0,3.0,3.5,3.0,4.5,3.0,3.0,3.0,4.75,3.0,2.75
,evol_instruct,What is the formula used to approximate the eccentricity of Earth's orbit based on the given days between equinoxes?,4.25,4.5,5.0,4.75,4.625,4.0,4.75,3.0,3.0,3.0,3.0,3.0,5.0,3.0,3.0,3.0,3.0,4.75,3.0,3.0,3.0,3.0
,evol_instruct,What is the inductance of the coil connected in series with a 10.0 kΩ resistor when a 50.0 V battery produces a current of 2.00 mA after 5.00 ms?,4.0,4.5,4.5,4.5,4.375,3.0,3.0,3.0,5.0,3.0,3.5,3.0,3.0,4.0,3.0,3.0,3.0,3.0,5.0,3.0,3.0,3.0
,evol_instruct,"End with ""ANSWER IS X"" on the final line, where X is one of [A/B/C/D/...]. Choose the correct option.

What is the ratio of rate constants at 100°C and 90°C?",3.75,4.0,3.0,4.0,3.6875,2.5,3.0,3.0,5.0,3.0,3.0,3.0,3.0,3.0,3.0,3.0,3.0,4.25,3.0,3.0,3.0,3.0
,evol_instruct,How much energy is required to maintain the temperature of a 1000 gallon pool at 82.4 degrees F on a 50 F day with 25 sq ft of surface area exposed?,3.75,3.0,3.0,3.5,3.3125,3.0,2.25,3.0,5.0,3.0,3.0,3.0,3.0,3.0,3.0,3.0,3.0,3.0,3.0,2.75,3.0,3.25
,evol_instruct,What is the maximum distance future astronauts could travel before it becomes impossible to return to Earth due to the expansion of the universe?,3.75,4.0,4.25,4.0,4.0,3.0,3.0,3.0,4.5,3.0,3.0,3.0,3.5,3.0,3.0,3.0,3.0,3.0,3.0,4.25,3.0,3.75
,evol_instruct,What is the expression for the equilibrium constant \( K \) in terms of the total pressure \( p_\mathrm{tot} \) for the dissociation of ammonium carbamate?,3.5,4.0,3.25,3.25,3.5,3.0,4.0,3.0,3.0,4.75,3.0,1.5,3.0,3.0,3.0,3.75,3.0,3.0,3.0,3.0,3.0,3.0
,evol_instruct,What condition maximizes the transmission coefficient in a double delta function potential?,3.5,3.5,3.75,3.25,3.5,3.0,3.0,1.75,3.0,4.75,3.75,3.0,3.0,3.0,3.0,3.0,3.0,3.0,3.0,3.75,3.0,3.0
,evol_instruct,Is the equilibrium of the system with six positive charges in a hexagon and a negative charge at the center stable or unstable?,4.5,5.0,4.75,4.5,4.6875,3.0,4.25,3.0,5.0,5.0,3.0,3.0,3.0,3.0,3.0,3.0,3.0,3.0,3.0,3.0,3.0,4.5
,evol_instruct,"How many different organic structures can be drawn with exactly 4 carbon atoms, including polycyclic and bridged compounds?",2.75,3.5,2.25,2.25,2.6875,3.0,3.0,3.0,3.0,3.0,2.0,2.5,3.0,4.25,3.0,3.0,3.0,3.0,3.0,3.0,3.0,2.0
,evol_instruct,What is the simplified form of the expression $\epsilon_{abc}\sigma^a_{ij}\sigma^b_{kl}\sigma^c_{pq}$?,2.75,2.75,3.5,2.25,2.8125,3.0,3.0,3.0,5.0,3.0,3.0,3.0,3.0,3.0,3.0,3.0,2.0,3.0,3.0,3.0,3.0,1.25
,evol_instruct,What is the confinement energy of an electron in a Deuterium nucleus with a radius of \(3 \times 10^{-15}\) m?,4.75,5.0,4.75,4.0,4.625,3.0,3.0,3.0,4.5,3.0,4.5,4.75,4.75,3.0,3.0,3.0,3.0,3.0,3.0,3.0,3.0,3.0
,evol_instruct,What is a faster method to find $\Gamma_{cart}$ for hexafluoroethane?,4.25,4.0,3.0,4.0,3.8125,3.0,3.0,3.0,3.0,3.0,4.75,3.0,3.0,5.0,3.0,3.0,3.0,3.25,3.0,2.25,3.0,3.0
,evol_instruct,"What type of insect's exoskeleton was found in the garden soil in Wiltshire, Great Britain?",3.5,4.5,4.0,3.0,3.75,3.0,3.0,2.75,3.0,3.0,3.0,4.75,3.5,3.0,3.0,3.0,3.0,3.0,3.0,3.0,3.0,4.0
,evol_instruct,What is the correct IUPAC name for the given 3-chloro-1-phenylprop-1-ene structure?,4.0,5.0,4.75,4.0,4.4375,3.75,3.0,3.0,3.0,3.0,3.0,4.75,3.0,4.5,3.0,3.0,3.0,4.75,3.0,3.0,3.0,3.0
,evol_instruct,What is the angular velocity in rpm of a 500g rock swung in a horizontal circle on a 1.0 m string when it tilts down at a 10° angle?,5.0,4.75,5.0,4.75,4.875,3.0,3.0,3.0,3.0,3.0,3.0,5.0,3.0,3.0,3.0,4.75,3.0,3.0,3.0,5.0,4.75,3.0
,evol_instruct,What is the ionic polarizability of the crystal using the Clausius-Mossotti relation?,3.0,3.25,3.5,2.25,3.0,3.0,3.0,1.5,3.0,3.0,3.0,3.0,3.0,3.0,3.0,3.0,3.0,3.0,3.0,2.5,3.75,4.25
,evol_instruct,What is the mass of a non-spinning black hole that would cause a photon to curve at 0.004 km/s at the horizon?,3.0,3.25,3.75,3.5,3.375,3.0,3.0,3.0,3.0,3.0,4.0,3.75,3.0,3.0,3.0,2.5,3.0,3.0,3.0,3.0,3.0,3.25
,evol_instruct,"What is the tensor product [0,1] ⊗ [2,0] in SP(4)?",3.5,3.0,3.75,3.25,3.375,1.75,3.0,3.0,3.0,5.0,3.0,3.0,3.0,3.0,3.0,3.0,3.75,3.0,3.0,3.0,3.0,3.0
,evol_instruct,What will be the pH of the mixture when 50 cm³ of HCl with pH 1.3 is mixed with 150 cm³ of Ba(OH)₂ with pH 12.3?,4.0,4.0,3.25,3.75,3.75,3.0,3.0,3.0,3.0,3.0,3.75,3.0,3.0,5.0,3.0,3.0,3.0,3.0,3.25,3.0,3.0,3.0
,evol_instruct,What is the maximum frequency a bucket of water can make?,4.25,4.75,4.25,4.5,4.4375,3.0,4.25,3.0,5.0,3.0,3.0,3.0,3.0,3.0,3.0,3.0,3.0,3.0,4.0,4.5,3.0,3.0
,evol_instruct,"What is the relative humidity of the heated air after it is pumped through the heater at 640,000 m³ per hour?",4.75,4.5,4.75,4.5,4.625,3.0,3.0,3.0,5.0,3.0,3.0,3.0,3.0,3.0,3.0,3.0,5.0,5.0,3.5,3.0,3.0,3.0
,evol_instruct,"How would the length of a day and year on a planet with double Earth's mass but the same orbital periods compare to Earth's, according to clocks on that planet?",4.0,4.75,4.25,4.25,4.3125,4.0,3.0,3.0,4.75,3.0,3.0,3.0,3.0,4.25,3.0,4.25,3.0,3.0,3.0,3.0,3.0,3.0
,evol_instruct,"What is the typical dielectric constant of fusion plasma, and why does this imply that radial current cannot exist in a tokamak?",4.0,4.0,4.25,3.25,3.875,3.0,3.0,3.0,5.0,3.0,3.0,3.25,3.0,3.0,3.0,3.0,3.25,4.0,3.0,3.0,3.0,3.0
,evol_instruct,"Which option is correct?  
Place your final answer at the end of the response, enclosed in XML-style tags as follows: `<final_answer>X</final_answer>`.

What is the oscillatory frequency of the car's motion when an 80kg man enters and compresses the 4 springs by 1.2cm?",4.25,4.75,3.0,3.75,3.9375,4.666666666666667,3.0,3.0,5.0,5.0,2.333333333333333,3.0,3.0,3.0,3.0,3.0,3.0,3.0,3.0,3.0,3.0,3.0
,evol_instruct,What is the force that the 3.0 kg block exerts on the 1.0 kg block?,3.5,3.25,3.0,3.5,3.3125,3.0,3.0,3.0,3.0,3.0,3.0,3.0,2.75,5.0,3.0,2.5,3.0,3.0,3.0,3.0,3.0,3.0
,evol_instruct,How long can dimethyl sulfoxide be safely stored in an HDPE barrier bottle?,3.75,4.5,4.75,3.75,4.1875,4.25,4.75,3.0,3.0,4.25,3.5,3.0,3.0,3.0,3.0,3.0,3.0,3.0,3.0,3.0,3.0,3.0
,evol_instruct,How many significant figures should be reported in the answer to the calculation $\frac{12.501 \times 3.52}{0.0042} + 6.044$?,2.75,2.5,3.0,2.0,2.5625,3.0,3.0,3.0,3.0,4.25,3.0,3.0,3.0,3.0,1.5,3.0,2.25,2.25,3.0,3.0,3.0,3.0
,evol_instruct,What is the minimum radius of the cylinder to ensure the string remains taut when the system is released from rest?,4.5,4.75,4.5,4.25,4.5,3.0,3.0,3.0,3.0,5.0,3.0,4.25,4.5,3.0,3.0,3.0,3.0,4.25,3.0,3.0,3.0,3.0
,evol_instruct,What type of polarization does a HWP that transforms horizontally polarized light to diagonally polarized light convert left circularly polarized (lcp) light into?,4.75,4.5,4.25,4.25,4.4375,3.0,3.0,3.0,4.75,3.0,4.75,3.0,3.0,3.0,3.0,3.5,3.0,4.75,3.0,3.0,3.0,3.0
,evol_instruct,"What is the redshift observed by the first observer when receiving a return signal from the second observer in a flat matter-dominated universe, given the initial redshift was 5?",4.0,4.5,3.5,4.0,4.0,3.0,3.0,3.0,5.0,3.0,3.0,3.0,3.0,3.5,3.0,4.25,3.0,3.0,3.0,3.0,3.0,3.25
,evol_instruct,Can you see the back of your head in a mirror if you rotate fast enough without reaching the speed of light?,3.5,3.5,3.0,3.25,3.3125,3.0,3.0,4.0,5.0,3.0,3.0,3.0,1.25,3.0,3.0,3.0,3.0,3.0,3.0,3.0,3.0,3.0
,evol_instruct,Do both a dropped bullet and a fired bullet hit the ground at the same time?,4.5,4.5,4.25,4.0,4.3125,3.0,3.0,3.0,3.0,3.0,3.0,3.0,3.0,3.0,3.0,3.5,4.75,4.75,3.0,3.0,3.0,4.25
,evol_instruct,What is the percentage by mass of KNO3 in an aqueous solution with a molality of 4.16 m and a density of 1.08 g/mL?,4.25,4.25,4.5,4.0,4.25,3.0,4.0,4.5,3.0,3.0,3.0,3.0,3.0,3.0,3.0,3.0,3.5,3.0,3.0,3.0,5.0,3.0
,evol_instruct,"If a plane were to slice through the observable universe, would it intersect with a star?",3.5,4.0,3.25,4.0,3.6875,3.0,4.5,3.0,3.0,3.0,3.0,3.0,2.5,3.0,3.0,3.0,3.75,3.0,3.0,4.0,3.0,3.0
,evol_instruct,Which structure is more stable: (3-methylcyclohex-1-en-1-yl)benzene or (5-methylcyclohex-1-en-1-yl)benzene?,3.25,4.0,4.75,3.0,3.75,3.0,3.0,3.0,3.0,4.5,3.0,3.0,3.75,3.0,3.0,3.25,3.5,3.0,3.0,3.0,3.0,3.0
,evol_instruct,What angle does the ruler reach before it starts sliding horizontally after toppling?,3.0,3.5,3.6666666666666665,2.5,3.1666666666666665,3.0,3.0,2.333333333333333,3.0,4.75,3.0,3.0,3.0,3.0,3.0,1.0,4.25,3.0,3.0,3.0,3.0,3.0
,evol_instruct,What is the minimum time required to raise a 4.80 kg bucket of water a vertical distance of 12 m without breaking a cord with a breaking strength of 75 N?,2.75,3.25,3.0,2.5,2.875,2.25,3.0,2.0,3.0,3.0,3.0,3.0,3.0,3.0,3.0,3.0,3.0,2.75,3.0,4.5,3.0,3.0
,evol_instruct,"What is the vapor pressure of liquid methanol at 25 °C in mmHg, given that the standard Gibbs free energy change for its vaporization is 4.30 kJ/mol?",3.75,4.0,3.25,3.75,3.6875,3.0,3.0,3.0,3.0,4.5,3.0,3.0,3.75,3.0,3.0,3.0,3.0,3.0,3.0,4.0,3.0,2.5
,evol_instruct,What is the maximum storage density of Ultra Cold Neutrons in a defined container?,3.5,4.0,3.25,3.5,3.5625,3.0,3.0,3.0,4.5,3.0,2.25,3.75,3.0,3.0,3.0,3.0,3.0,3.0,3.0,3.0,3.75,3.0
,evol_instruct,What is the spin and parity of the first excited state of $^{95}_{42}$Mo?,3.75,4.0,3.25,3.75,3.6875,2.0,3.0,3.0,3.0,5.0,3.0,3.0,3.0,4.5,3.0,3.0,3.0,3.0,3.0,3.0,3.0,3.25
,evol_instruct,What is the minimum uniform acceleration of the airplane so that it may escape being hit by the shell?,4.0,4.5,4.75,4.25,4.375,3.75,3.0,3.0,3.0,4.75,3.0,3.0,3.0,3.0,3.0,4.5,3.0,3.0,3.0,3.0,4.5,3.0
,evol_instruct,What is the weight of the required air in kilograms for the combustion of 1.14 kg of octane given the product percentages?,4.0,5.0,4.75,4.0,4.4375,3.0,3.0,4.5,3.0,3.0,3.0,4.75,3.0,3.0,3.0,4.25,3.0,3.0,4.25,3.0,3.0,3.0
,evol_instruct,What is the volume of gaseous ammonia needed to dissolve in 100 mL of water at NTP to obtain a solution with a pH of 11.0?,4.25,4.5,4.25,3.5,4.125,3.0,3.0,3.0,3.0,5.0,3.0,3.0,3.0,3.0,3.0,3.0,2.5,4.25,4.75,3.0,3.0,3.0
,evol_instruct,"How many grams of oxygen are present in a 5.00L tank at 25.0°C with a total pressure of 30.0 atm, given that the nitrogen pressure is 17.0 atm?",4.25,5.0,4.5,4.5,4.5625,3.0,3.0,3.0,5.0,3.0,3.0,3.0,3.0,4.0,3.0,3.0,3.0,3.0,3.0,3.0,5.0,4.25
,evol_instruct,How much sodium dichloro-s-triazinetrione dihydrate powder should be mixed with 29 gallons of water to achieve a similar free chlorine concentration as a 0.16666% sodium hypochlorite solution?,3.75,4.5,4.0,3.75,4.0,3.0,3.0,3.0,4.75,3.0,3.0,3.0,3.0,3.0,3.0,3.0,3.0,3.0,3.0,4.0,4.25,3.0
,evol_instruct,What is the effective resistance between points P and Q in the given circuit?,2.5,2.75,2.5,2.0,2.4375,3.0,1.75,3.0,3.0,3.0,1.5,3.0,4.5,3.0,3.0,3.0,3.0,3.0,2.0,3.0,3.0,3.0
,evol_instruct,What are the concentrations of P1 and P2 after 30 minutes given the initial concentration of A is 0.0417 M and the rate constants k1 = 0.00010 s⁻¹ and k2 = 0.00050 s⁻¹?,3.5,3.5,2.75,3.25,3.25,3.0,2.0,3.0,5.0,3.0,3.0,3.0,3.0,3.0,3.0,3.0,3.0,3.0,3.0,3.0,3.0,3.0
,evol_instruct,What additional information is needed to calculate the steady state temperature of a cube heated by electromagnetic radiation floating in air?,3.5,3.25,3.75,3.5,3.5,3.0,2.75,3.25,3.0,5.0,3.0,3.0,3.0,3.0,3.0,3.0,3.0,3.0,3.0,3.0,3.0,3.0
,evol_instruct,"A multiple-choice question follows. Choose the most appropriate response.  
Conclude your response with the final answer in the format: Chosen Answer = A/B/C/D/... (e.g., Chosen Answer = A).",4.0,4.25,4.0,2.25,3.625,4.25,3.0,3.0,4.25,3.0,3.0,3.0,3.0,3.0,3.0,3.0,3.0,1.75,3.0,3.0,3.0,4.25
,evol_instruct,What species of spider is described by the given characteristics and found in Oregon forests?,4.75,4.5,4.5,4.25,4.5,3.0,3.0,3.0,3.0,3.0,3.0,4.5,3.0,3.0,3.0,3.0,4.75,3.0,4.5,4.25,3.0,3.0
,evol_instruct,What species are these mushrooms found in a garden in Luxembourg?,4.75,4.75,4.75,4.0,4.5625,3.0,3.0,3.0,3.0,3.0,4.0,3.0,3.0,3.0,3.0,3.0,3.0,4.5,5.0,3.0,4.75,3.0
,evol_instruct,What condition must be satisfied for the assumption that the electron does not move appreciably from its initial position until the proton is far away to be valid?,4.75,4.75,5.0,3.25,4.4375,3.0,3.0,3.0,4.5,3.0,4.25,3.0,4.5,3.0,3.0,3.0,4.5,3.0,3.0,3.0,3.0,3.0
,evol_instruct,Is the formula proposed by Canchola et al. appropriate for calculating the %CV when both the response and predictor variables are log-transformed?,4.0,4.25,4.25,4.0,4.125,3.0,4.25,3.0,3.0,3.0,4.25,3.0,3.0,4.0,3.0,4.0,3.0,3.0,3.0,3.0,3.0,3.0
,evol_instruct,"What is the name of the horned, slug-like creature found on coral reefs?",4.0,4.5,4.5,4.25,4.3125,3.0,3.0,4.0,3.0,3.0,3.0,3.0,3.0,4.25,3.0,3.0,3.0,4.25,3.0,3.0,4.75,3.0
,evol_instruct,What is the molecular mass of the unknown gas in the mixture?,1.75,1.5,1.25,1.75,1.5625,3.0,3.0,3.0,3.0,3.0,3.0,3.0,3.0,2.0,3.0,1.0,1.25,3.0,3.0,3.0,3.0,2.0
,evol_instruct,"Choose the correct option from A, B, C, D, or the corresponding letters.

What is the minimum angular speed required for the Earth to make a body fly off its surface at the equator?",3.5,3.5,4.5,2.25,3.4375,3.0,3.0,3.0,2.333333333333333,3.0,2.6666666666666665,4.75,3.0,3.0,3.0,3.0,3.0,3.0,3.0,3.0,3.0,3.0
,evol_instruct,"What is the stereochemical relationship between (<em>S</em>,<em>E</em>)-4-isopropoxypent-3-en-2-ol and (<em>R</em>,<em>Z</em>)-4-isopropoxypent-3-en-2-ol?",4.0,4.25,4.5,4.0,4.1875,3.5,3.0,3.0,3.0,3.0,4.0,5.0,3.0,3.0,3.0,3.0,3.0,3.0,3.0,3.0,3.0,4.25
,evol_instruct,What type of curve describes the shape of a spinning chain in a vertical plane?,4.25,4.5,4.0,4.0,4.1875,3.0,3.25,4.0,4.75,3.0,3.0,3.0,3.0,3.0,3.0,3.0,3.0,3.0,4.75,3.0,3.0,3.0
,evol_instruct,"End your response with the final answer on a new line in the format: Response: X, where X is the letter of the correct choice.

Does the Thomas-Fermi screening length formula apply only to metals?",3.5,3.25,3.75,4.0,3.625,3.0,3.0,3.0,3.0,5.0,3.0,3.0,3.0,3.0,3.0,3.75,3.0,2.75,3.0,3.0,3.0,3.0
,evol_instruct,Which molecule has a greater dipole moment: benzamide or benzoic acid?,3.75,4.5,3.75,3.75,3.9375,3.0,3.0,3.0,3.0,4.5,3.0,4.5,3.0,3.0,3.0,2.75,3.0,3.0,3.0,3.0,3.0,4.0
,evol_instruct,"Choose the most appropriate option from the choices provided. At the end of your response, provide the selected option in this exact format: Selected Option -> X.

How does the time period of a pendulum change as water escapes from a hollow pendulum bob through a small hole at a constant rate?",4.5,5.0,4.75,4.0,4.5625,4.0,3.0,3.0,3.0,3.0,3.0,3.0,3.0,3.0,3.0,3.0,3.0,3.0,3.0,5.0,4.75,4.5
,evol_instruct,What is the pH of a 0.1 M aqueous solution of the salt B₂X?,3.75,3.75,3.5,3.25,3.5625,2.25,5.0,2.5,3.0,3.0,3.0,3.0,3.0,3.0,3.0,3.0,3.0,4.5,3.0,3.0,3.0,3.0
,evol_instruct,"Which of the following options is most appropriate?

At the conclusion of your response, provide the final answer in the format: ## Answer: LETTER ##, where LETTER corresponds to the correct choice.

What species of butterfly is found near waterfalls in the Philippines?",3.75,4.5,4.0,3.75,4.0,3.0,3.0,3.0,5.0,3.0,3.0,3.0,1.75,3.0,3.0,3.0,3.0,4.5,3.0,4.75,3.0,3.0
,evol_instruct,What is the pH of a 0.25 M NaCN solution given that the pKa of HCN is 9.21?,3.25,3.75,4.0,3.75,3.6875,1.75,3.0,3.0,3.0,3.0,4.0,3.0,4.5,3.0,3.0,3.0,4.5,3.0,3.0,3.0,3.0,3.0
,evol_instruct,"What is the pH and the pKb of base X in a 0.002 M solution with a 4.7 × 10⁻³ % dissociation, considering the autoionization of water?",4.5,4.5,3.0,4.75,4.1875,3.0,3.6666666666666665,3.0,3.0,3.0,5.0,5.0,4.666666666666667,3.0,3.0,3.0,3.0,3.0,3.0,3.0,3.0,3.0
,evol_instruct,"Which of the following options best answers the question presented? Select the single most appropriate choice, and place the letter corresponding to your final answer at the end of your response as: Answer: *X*.

What is the source of the experimental values for the rare Earth metals levels diagram (Dieke diagram)?",4.75,4.75,3.75,4.0,4.3125,3.0,3.0,3.0,3.0,3.0,3.0,3.0,3.0,3.0,3.0,3.0,4.75,4.5,3.0,3.25,4.75,3.0
,evol_instruct,"Choose the most appropriate option from the choices provided. At the end of your response, provide the selected option in this exact format: Selected Option -> X.

What type of bird is described in Jeremiah 17:11 as hatching eggs that are not its own?",3.0,2.75,3.5,2.75,3.0,2.25,3.0,3.0,5.0,3.0,3.0,3.0,3.0,1.75,3.0,3.0,3.0,3.0,3.0,3.0,3.0,3.0
,evol_instruct,"At the end of your response, select exactly one option and state it clearly using the format: Option Selected: A/B/C/D/...

How much time would pass on Earth if someone orbited the Sun for 10 years?",3.5,3.75,3.5,3.5,3.5625,3.0,3.0,3.0,4.75,3.0,3.0,2.5,3.0,3.0,3.0,3.0,2.75,3.0,3.0,3.0,4.25,3.0
,evol_instruct,How many spheres will be on the surface when 100 identical spheres are packed into a spherical shape?,4.5,4.75,4.25,3.75,4.3125,3.75,3.0,3.0,3.0,3.0,3.0,3.0,3.0,3.0,3.0,3.0,4.75,3.0,5.0,3.0,3.0,3.75
,evol_instruct,What speed of air would be required to deflect a high-speed bullet 90 degrees?,2.75,4.0,3.75,3.75,3.5625,3.0,4.75,3.0,3.0,3.0,3.5,3.0,3.0,2.25,3.0,3.0,3.0,3.0,3.0,3.75,3.0,3.0
,evol_instruct,What is the probability of the blood group scenario described?,4.5,5.0,4.5,4.25,4.5625,3.0,3.0,3.0,5.0,3.0,3.0,4.25,3.0,4.25,3.0,3.0,3.0,3.0,4.75,3.0,3.0,3.0
,evol_instruct,What is the molality of a $\ce{HNO3}$ solution with a molarity of 16 and a density of $1.42\ \rm{g/mL}$?,4.0,4.25,4.0,3.75,4.0,2.25,3.0,3.0,5.0,3.0,3.0,3.0,3.0,3.0,3.0,3.0,3.0,4.75,3.0,4.0,3.0,3.0
,evol_instruct,Who determined the dissociation constant of water?,3.75,5.0,4.75,3.75,4.3125,3.0,3.0,3.0,4.75,3.0,3.5,3.0,3.0,3.0,3.0,3.0,3.0,3.0,4.0,3.0,5.0,3.0
,evol_instruct,"What is the mass-to-light ratio of a galaxy with a mass of 5.7 x 10^10 solar masses, an absolute magnitude of -17.3, and a distance of 29 Mpc?",4.5,4.75,4.25,4.0,4.375,3.0,3.0,3.5,3.0,3.0,3.0,3.0,3.0,3.0,3.0,3.0,3.0,3.0,3.0,5.0,4.75,4.25
,evol_instruct,How far would neutrons from a teaspoonful of a neutron star reach if stacked end on end?,4.5,4.75,4.5,4.5,4.5625,3.0,3.0,4.25,3.0,3.0,3.0,5.0,3.0,3.0,3.0,3.0,3.0,3.0,3.0,3.0,4.0,5.0
,evol_instruct,"Conclude your response with: Correct Answer >> [A/B/C/D/...]. Select the correct option from those provided.

What is the volume of the produced SO2 gas at STP when $3.1\times10^7\ \mathrm{kg}$ coal with $2.4\ \%$ rhombic sulfur is burnt?",3.5,3.75,3.75,3.5,3.625,3.0,3.0,3.0,3.0,5.0,3.0,3.0,3.0,3.0,2.25,4.25,3.0,3.0,3.0,3.0,3.0,3.0
,evol_instruct,What is the inner radius \( a \) that maximizes the energy per unit length in the electric field for a fixed outer radius \( b \)?,3.0,2.75,3.333333333333333,2.75,2.958333333333333,3.0,4.0,3.0,3.0,3.0,3.0,3.0,3.0,1.75,3.0,3.0,3.0,3.0,3.0,3.0,3.0,3.0
,evol_instruct,Have calculations of missing matter included energy in transit?,4.75,5.0,4.75,4.0,4.625,3.0,3.0,3.0,3.0,3.0,3.0,5.0,4.5,4.25,3.0,3.0,3.0,3.0,3.0,3.0,4.75,3.0
,evol_instruct,"What species of locust/grasshopper is found in Pinellas County, Florida?",3.75,4.25,4.0,3.25,3.8125,4.25,3.0,3.0,3.0,3.0,3.0,2.25,3.0,3.0,3.0,4.0,4.75,3.0,3.0,3.0,3.0,3.0
,evol_instruct,How do you account for both $\ce{H3O+}$ and $\ce{OH-}$ in the pH calculation of an $\ce{NH4HCO3}$ solution?,3.5,3.0,3.5,3.0,3.25,1.75,3.0,3.0,3.0,3.0,3.0,3.0,3.0,3.25,3.0,3.0,3.0,3.0,3.75,4.25,3.0,3.0
,evol_instruct,"What is the ratio of the force constants of Cl2 to F2 given their vibrational frequencies are 915 cm^-1 and 525 cm^-1, respectively?",3.5,3.0,3.5,3.0,3.25,3.0,3.0,3.0,4.0,3.0,3.0,3.0,3.0,2.75,3.0,3.0,3.0,3.0,3.0,3.0,4.25,2.0
,evol_instruct,"What is the horizontal force exerted by the man on the box, given the box's mass and the angle of the rope?",3.75,5.0,4.25,3.75,4.1875,3.0,3.0,3.0,3.0,3.0,3.0,4.75,3.0,3.0,3.0,3.0,3.0,3.0,3.0,4.0,4.25,3.75
,evol_instruct,What species is the pale green caterpillar with a reddish stripe down its back found in Harriman State Park?,2.75,4.0,3.0,3.5,3.3125,3.0,2.0,3.0,5.0,3.0,3.0,3.0,3.0,3.0,3.0,3.0,3.0,3.0,3.0,3.6666666666666665,3.0,3.0
,evol_instruct,What is the equilibrium constant (K) for the oxidation of glucose given ΔG° = -2878.78 kJ?,3.75,5.0,4.0,4.25,4.25,4.0,4.0,3.0,5.0,3.0,3.0,3.0,3.0,3.0,3.0,3.0,3.0,3.0,3.0,3.0,4.0,3.0
,evol_instruct,"Where can U. Uhlhorn's paper ""On the connection between transformations in classical mechanics and in quantum mechanics and the phase space representation of quantum mechanics"" be accessed?",3.0,3.0,3.0,3.5,3.125,3.5,3.75,3.0,3.0,3.0,3.0,3.0,2.25,3.0,3.0,3.0,3.0,3.0,3.0,3.0,3.0,3.0
,evol_instruct,"What chemical substance is referred to as ""acido psammico"" in the Italian detective novel?",3.75,4.5,4.75,3.0,4.0,3.0,3.0,3.0,3.0,3.0,4.25,3.0,2.5,4.5,3.0,3.0,3.0,3.0,4.75,3.0,3.0,3.0
,evol_instruct,What is the longest demonstrated coherence length of a stimulated-emission beam?,4.5,5.0,4.5,4.5,4.625,3.0,3.0,4.25,3.0,5.0,3.0,5.0,4.25,3.0,3.0,3.0,3.0,3.0,3.0,3.0,3.0,3.0
,evol_instruct,"How many sound minima will an observer hear while moving 3m away from two speakers, 4m apart and driven by the same 1380Hz amplifier?",4.0,4.75,4.5,4.25,4.375,3.0,3.0,3.0,4.75,3.0,3.0,3.0,3.0,4.0,3.0,3.0,3.0,3.0,4.5,3.0,4.25,3.0
,evol_instruct,"Which of the following is the best answer? Provide the correct option at the end, enclosed in single angle brackets: <A>.

What is the ratio of the force constants of Cl2 to F2 given their vibrational frequencies are 915 cm^-1 and 525 cm^-1, respectively?",2.75,3.25,3.0,2.5,2.875,2.75,3.0,3.0,3.0,4.0,3.0,3.0,3.0,3.0,3.0,3.0,2.25,2.5,3.0,3.0,3.0,3.0
,evol_instruct,"What is the time dilation at a point far from the Sun where the gravitational acceleration equals 1g, compared to a distant observer?",4.0,4.5,4.666666666666667,3.0,4.041666666666667,3.0,3.0,2.0,3.0,3.0,3.0,3.0,3.0,3.0,3.0,3.0,4.25,3.0,5.0,3.0,3.0,4.25
,evol_instruct,Which atom has a wavelength of 32.8 pm when moving at its root-mean-square speed at 20 °C?,5.0,5.0,5.0,4.5,4.875,3.0,3.0,3.0,3.0,3.0,3.0,3.0,3.0,3.0,3.0,3.0,5.0,4.75,3.0,4.75,5.0,3.0
,evol_instruct,What is the approximate maximum distance of the Sun's applicable Hill sphere?,3.0,3.0,3.5,2.75,3.0625,3.0,3.0,3.0,3.0,4.0,3.0,3.25,3.0,1.75,3.0,3.0,3.25,3.0,3.0,3.0,3.0,3.0
,evol_instruct,What is the gas density of air saturated with n-octane at 300 K?,3.75,4.25,4.25,3.5,3.9375,3.0,3.25,2.75,3.0,3.0,5.0,3.0,3.0,3.0,3.0,3.0,3.0,3.0,4.75,3.0,3.0,3.0
,evol_instruct,How much is the Andromeda Galaxy's appearance distorted due to the time difference in light travel from its far edge to its near edge?,5.0,5.0,4.75,4.25,4.75,3.0,3.0,3.0,3.0,3.0,4.75,5.0,3.0,4.75,3.0,3.0,3.0,3.0,3.0,4.5,3.0,3.0
,evol_instruct,"What is the car's average acceleration in m/s² between 0 and 2.1 seconds, expressed to two significant figures?",4.0,3.75,4.0,3.75,3.875,2.0,3.0,3.75,3.0,3.0,3.0,3.0,3.0,3.0,3.0,3.0,3.0,3.0,3.0,3.0,5.0,4.75
,evol_instruct,What type of fish was observed near the beach in front of Starfish Hotel in St Lucia?,3.0,2.5,3.25,2.75,2.875,3.0,3.0,1.25,3.0,3.0,3.0,5.0,3.0,3.0,3.0,3.0,3.0,3.0,3.75,3.0,3.0,1.5
,evol_instruct,"What is the relationship between \( S^T \) and \( \{ S, S^\dagger, S^{-1}, \gamma^\mu \} \)?",4.0,4.5,3.0,4.0,3.875,3.0,3.0,2.333333333333333,3.0,3.0,3.0,3.0,3.0,3.0,3.0,3.0,5.0,3.0,4.333333333333333,3.0,5.0,3.0
,evol_instruct,"What is the best answer to this question?  
Conclude your response with ""**Selected answer is: X**"", where X is the letter of the answer.  

What is the approximate interaction rate of a free electron with photons from sunlight per second?",3.25,3.5,5.0,3.5,3.8125,3.0,3.0,3.0,3.0,3.0,3.0,3.0,2.6666666666666665,4.666666666666667,3.0,3.0,3.75,3.0,3.0,3.0,3.0,3.0
,evol_instruct,What would be the primary effect of a 1-tonne object hitting the Earth at 0.99995c?,4.75,4.25,4.75,4.25,4.5,4.5,3.0,3.0,3.0,3.0,3.0,3.0,4.75,3.0,3.0,3.0,4.5,3.0,4.25,3.0,3.0,3.0
,evol_instruct,"How much air needs to be displaced to create an audible sound like a ""plop""?",1.25,2.5,2.0,2.75,2.125,3.0,3.0,1.5,3.0,3.0,3.0,2.25,3.0,3.0,3.0,3.0,2.5,3.0,3.0,3.0,3.0,2.25
,evol_instruct,What process allows lead leached from pipes as PbCl2 to become ingested despite PbCl2's insolubility in water?,4.25,4.5,4.0,4.25,4.25,2.5,3.0,3.0,5.0,3.0,3.0,3.0,3.0,3.0,3.0,3.0,3.0,3.0,3.0,3.0,5.0,4.5
,evol_instruct,What fraction of Earth's mass is attributed to the energy in its molten core?,3.75,3.75,3.5,3.25,3.5625,3.0,3.75,3.0,3.0,4.75,3.0,3.75,2.0,3.0,3.0,3.0,3.0,3.0,3.0,3.0,3.0,3.0
,evol_instruct,Is it possible for a planet to have two large moons that each subtend a >30 minute disk as viewed from the planet's surface?,3.75,4.75,4.25,4.0,4.1875,3.0,4.0,3.0,3.0,3.0,4.25,3.0,3.0,3.0,3.0,3.0,3.0,3.0,3.0,3.0,4.5,4.0
,evol_instruct,What is the estimated steady state temperature of a human body orbiting the Earth?,4.25,4.0,3.75,3.75,3.9375,3.0,3.5,3.25,3.0,3.0,3.0,4.5,3.0,3.0,3.0,3.0,3.0,3.0,3.0,3.0,3.0,4.5
,evol_instruct,"What type of fields are described in problem 3 of chapter 2 of Landau Lifshitz ""Mechanics""?",4.25,4.0,4.5,4.5,4.3125,3.5,3.0,4.0,3.0,5.0,3.0,3.0,3.0,3.0,3.0,3.0,3.0,3.0,4.75,3.0,3.0,3.0
,evol_instruct,"Conclude your response by enclosing the correct answer choice in double asterisks, for example: **A**.

What is the extent by which the apparent diameter of the Sun exceeds its coordinate diameter?",4.0,4.75,4.25,3.25,4.0625,3.75,3.0,3.0,3.0,3.0,3.0,4.75,3.0,4.5,3.25,3.0,3.0,3.0,3.0,3.0,3.0,3.0
,evol_instruct,"Choose the most appropriate option from the choices provided. At the end of your response, provide the selected option in this exact format: Selected Option -> X.

What value is used for the product of momentum and position in the estimation of the ground state energy of hydrogen?",4.75,4.5,3.75,3.75,4.1875,3.0,3.0,3.0,3.0,3.0,3.0,3.0,3.0,3.0,3.0,3.0,3.0,4.5,4.5,3.0,4.75,3.0
,evol_instruct,What is the percentage change in carbon dioxide concentration if $10^{14}$ kg of CO₂ is absorbed by the atmosphere with an initial mixing ratio of $5.7 \times 10^{-4}$ kg/kg?,4.5,5.0,4.75,4.25,4.625,3.0,4.25,3.0,3.0,3.0,3.0,5.0,3.0,3.0,3.0,3.0,3.0,4.75,3.0,3.0,4.5,3.0
,evol_instruct,What kinetic energy must an electron have to observe a structure of length order 1 femtometer?,3.75,3.75,3.5,3.5,3.625,3.0,3.0,3.0,4.75,4.75,3.0,3.0,3.0,3.0,3.0,3.0,2.0,3.0,3.0,3.0,3.0,3.0
,evol_instruct,Is the given identity for entanglement of formation in a tripartite pure state correct?,4.75,4.25,4.5,4.0,4.375,3.0,3.0,3.0,5.0,3.0,3.0,4.5,3.5,3.0,3.0,3.0,3.0,3.0,3.0,3.0,4.5,3.0
,evol_instruct,What would be the maximal collision energy of the LHC if it were adapted for $e^{-}-e^{+}$ collisions?,3.75,4.5,4.75,3.25,4.0625,3.0,4.5,3.0,3.0,3.0,3.0,4.0,3.0,4.5,3.0,3.25,3.0,3.0,3.0,3.0,3.0,3.0
,evol_instruct,What is the equilibrium constant for the reaction between hexaaquacobalt(II) and chloride ions?,4.0,4.75,4.25,3.75,4.1875,3.0,3.0,3.0,5.0,3.0,3.0,3.0,3.0,3.0,3.0,3.5,4.25,3.0,3.0,3.0,3.0,4.0
,evol_instruct,What is the gram ratio of bicarb to vinegar needed for a pH neutral reaction?,3.75,4.25,4.25,3.75,4.0,3.0,3.0,3.75,3.0,3.0,3.0,3.0,3.0,4.25,3.0,4.5,3.5,3.0,3.0,3.0,3.0,3.0
,evol_instruct,What angle should the fast axis of the quarter waveplate be rotated relative to the incident polarization axis to achieve left-handed circular polarized light from vertically linear polarized light?,4.25,4.75,4.75,4.25,4.5,3.0,4.75,3.0,4.5,3.0,3.0,3.0,4.0,3.0,3.0,3.0,3.0,4.75,3.0,3.0,3.0,3.0
,evol_instruct,What ingredient is responsible for the color change in the lip balm?,3.75,4.5,4.25,2.75,3.8125,3.0,3.0,3.0,3.0,3.0,3.0,4.25,2.25,4.25,3.0,3.0,3.0,3.0,4.5,3.0,3.0,3.0
,evol_instruct,"Which of the following options is most appropriate?

At the conclusion of your response, provide the final answer in the format: ## Answer: LETTER ##, where LETTER corresponds to the correct choice.

How many ways can 6 particles be arranged to achieve a total energy of 9, given the possible energy states?",1.25,4.0,3.5,2.5,2.8125,3.0,3.0,3.0,3.0,3.0,3.0,3.5,3.0,1.0,3.0,3.25,3.0,3.5,3.0,3.0,3.0,3.0
,evol_instruct,"What is the molecular formula of a hydrocarbon that produces 3.30 g of CO₂ and 1.35 g of H₂O upon combustion of 1.05 g of the compound, given its molar mass is about 70 g?",4.0,4.75,4.75,4.25,4.4375,4.5,3.0,3.75,3.0,3.0,4.75,3.0,3.0,3.0,3.0,3.0,3.0,3.0,3.0,3.0,4.75,3.0
,evol_instruct,What is the title of the popular science book about particle physics from the late 1980s or early 1990s that covered the standard model and included discussions on the Weinberg angle and quark mixing?,3.5,3.75,3.75,2.5,3.375,3.0,4.5,3.0,3.0,3.0,3.0,3.0,3.0,4.5,3.0,1.5,3.0,3.0,3.0,3.0,3.0,3.0
,evol_instruct,"What is the highest latitude a rocket launched due North from the Equator can achieve, given the Earth's radius \(R\), angular velocity \(\omega\), and the rocket's uniform speed \(v\)?",4.25,3.5,3.5,4.0,3.8125,3.0,3.75,3.0,3.0,3.0,3.0,3.0,3.0,3.0,3.0,3.0,3.0,3.75,4.75,3.0,3.0,3.0
,evol_instruct,What is the heaviest element with a compound that has been fully resolved by X-ray diffraction?,4.0,3.5,4.0,3.75,3.8125,3.0,3.0,4.25,3.0,3.0,3.0,3.0,3.0,2.25,3.75,3.0,3.0,5.0,3.0,3.0,3.0,3.0
,evol_instruct,What machine element is a bicycle rim best classified as?,3.0,3.25,3.0,2.75,3.0,3.0,2.5,3.0,5.0,3.0,3.0,3.0,2.0,3.0,3.0,2.5,3.0,3.0,3.0,3.0,3.0,3.0
,evol_instruct,"Which option is correct?  
Place your final answer at the end of the response, enclosed in XML-style tags as follows: `<final_answer>X</final_answer>`.

What explains the paramagnetic nature of BN in the gas phase?",4.5,5.0,3.0,4.25,4.1875,3.0,3.0,3.0,5.0,3.0,3.0,3.0,4.666666666666667,3.0,3.0,3.0,3.0,3.0,3.0,4.666666666666667,3.0,4.0
,evol_instruct,What is the value of \( b(T_c) \) that makes the inner root in \( m_0 \) zero?,4.0,4.75,4.0,3.75,4.125,3.5,3.0,3.0,3.0,3.0,3.0,3.0,3.0,3.0,3.0,3.0,4.25,4.25,3.0,3.0,4.5,3.0
,evol_instruct,What is the number of moles of ions present in a liter of saturated solution of a salt with a solubility product of $1.08 \times 10^{-28}$?,3.5,3.25,4.25,4.25,3.8125,1.75,3.0,3.0,3.0,4.5,3.0,3.0,3.0,5.0,3.0,4.0,3.0,3.0,3.0,3.0,3.0,3.0
,evol_instruct,What limits the temperature of solar flux concentrators to only 1500°C despite the Sun's temperature being 5500°C?,4.25,4.75,4.5,4.0,4.375,3.0,4.0,3.0,4.75,3.0,3.0,3.0,3.0,3.0,3.0,4.0,3.0,3.0,4.75,3.0,3.0,3.0
,evol_instruct,"Choose the most appropriate option from the choices provided. At the end of your response, provide the selected option in this exact format: Selected Option -> X.

What is the net force that the southern hemisphere of a uniformly charged sphere exerts on the northern hemisphere?",4.25,4.5,4.25,4.5,4.375,3.5,3.0,3.0,3.0,3.0,3.0,3.0,3.0,3.0,3.0,3.0,4.0,3.0,5.0,3.0,3.0,5.0
,evol_instruct,What arrangement of cells in parallel rows will maximize the current through the external resistance R?,3.25,3.5,3.25,3.25,3.3125,3.0,3.0,1.25,3.0,3.0,3.0,5.0,3.0,3.0,3.0,3.75,3.0,3.0,3.0,3.0,3.0,3.25
,evol_instruct,What is the potential at the corner of a uniformly volume charged cube if the potential at its center is V⁰?,3.0,3.25,4.0,2.5,3.1875,1.0,3.0,3.0,3.0,3.0,3.0,2.5,3.0,3.0,3.0,3.0,3.0,3.0,4.5,3.0,3.0,4.0
,evol_instruct,What is the approximate diameter of the Earth's umbra shadow cone during a lunar eclipse?,4.0,4.5,4.25,4.0,4.1875,3.5,3.0,3.0,5.0,3.0,4.5,3.0,3.0,3.0,3.0,3.75,3.0,3.0,3.0,3.0,3.0,3.0
,evol_instruct,"Answer the following question by selecting the most appropriate option after careful consideration. At the end, select one option and write: Option Selected: A/B/C/D/...

Which chair conformation is the most stable for (1S,2R,4S)-1-chloro-2-methyl-4-(propan-2-yl)cyclohexane?",4.0,4.5,4.5,4.0,4.25,3.0,3.0,3.0,3.0,4.5,4.0,4.5,3.0,4.0,3.0,3.0,3.0,3.0,3.0,3.0,3.0,3.0
,evol_instruct,What is the primary function of lithium chloride as an excipient in sofradex eardrops?,4.0,4.5,4.75,4.0,4.3125,3.0,3.75,3.0,4.75,3.0,3.0,3.0,3.0,3.0,3.0,3.0,3.0,4.5,3.0,3.0,4.25,3.0
,evol_instruct,"Provide the selected option in this format: Selected Option -> X.

What is the impedance value associated with gravitational waves?",4.0,3.25,4.0,4.0,3.8125,3.0,3.0,3.0,3.0,5.0,3.0,3.25,3.0,3.0,3.0,2.75,3.0,3.0,4.25,3.0,3.0,3.0
,evol_instruct,"Place the final answer at the end of your response in the format [Answer: X], where X is the correct letter choice. Answer the following multiple-choice question by selecting the most appropriate option.

How many virtual orbitals does a Gaussian job calculate for benzene at the TD-DFT B3LYP/3-21G level of theory?",2.25,2.5,2.25,3.25,2.5625,1.25,3.0,1.5,3.0,4.75,3.0,3.0,3.0,3.0,3.0,3.0,3.0,2.75,3.0,3.0,3.0,3.0
,evol_instruct,What is the number of quantum states in the conduction band for a GaAs well with given parameters?,4.25,4.5,3.0,4.0,3.9375,3.333333333333333,3.0,4.0,5.0,3.0,3.0,3.0,3.0,3.0,3.0,3.0,3.0,3.0,3.0,3.0,4.666666666666667,3.0
,evol_instruct,What is the expression for the enthalpy of solvation for the reaction \(\ce{Ca^2+(g) -> Ca^2+(aq)}\) using Hess's law?,4.0,3.5,4.25,4.0,3.9375,3.0,3.0,2.0,4.5,3.0,3.0,3.0,3.0,3.0,3.0,3.0,3.0,3.0,3.0,5.0,4.25,3.0
,evol_instruct,What are the approximate bond angles for C-C-H and H-C-H in propane?,2.75,2.75,3.25,2.75,2.875,3.0,3.0,3.0,3.0,4.25,3.0,3.0,3.0,3.0,3.0,2.25,3.0,2.0,3.0,3.0,3.0,3.0
,evol_instruct,What is the analytical method to calculate the time it takes for two spheres to meet due to gravitational attraction?,3.0,3.25,3.25,3.5,3.25,3.0,3.0,3.0,3.0,3.0,5.0,4.0,3.0,3.0,3.0,1.0,3.0,3.0,3.0,3.0,3.0,3.0
,evol_instruct,"How many grams of sodium acetate ($\ce{CH3COONa}$) are needed to dissolve in $\pu{2.50 L}$ of water to achieve a $\mathrm{pH}$ of 9.00, given $K_\mathrm{a}(\ce{CH3COOH}) = 1.75 \times 10^{-5}$?",4.25,4.0,4.5,3.5,4.0625,3.0,3.75,3.0,3.0,3.0,3.0,3.0,3.0,4.0,3.0,3.0,3.0,3.75,3.0,4.75,3.0,3.0
,evol_instruct,"What is the bond energy per molecule given a bond energy of 7.74 kJ/mol, a density of 1.77 g/cm³, and a relative atomic mass of 40 g/mol?",3.5,4.0,4.25,4.0,3.9375,3.0,3.0,4.0,3.0,3.0,3.0,3.0,4.25,3.0,3.0,3.5,3.0,4.0,3.0,3.0,3.0,3.0
,evol_instruct,"Select one option from the choices given.


What is the dipole moment of the most stable conformer of 1,1,2,2-tetrafluoroethane?",3.5,3.5,4.25,4.0,3.8125,3.0,4.0,3.75,3.0,3.0,3.0,3.0,3.25,3.0,3.0,3.0,3.0,3.0,4.25,3.0,3.0,3.0
,evol_instruct,What species is this small fly found in Austria near Bavaria?,4.0,4.0,4.0,3.5,3.875,3.0,3.0,3.0,4.75,4.75,3.0,3.0,3.0,4.5,3.0,3.0,1.5,3.0,3.0,3.0,3.0,3.0
,evol_instruct,"Put your final answer at the end as '<Answer: correct_letter>', with correct_letter being one of the option letters. Which choice works best?

What is the equivalent resistance between the two marked nodes on an infinite grid of one-ohm resistors?",3.5,4.0,5.0,2.5,3.75,3.0,3.0,3.0,3.0,3.0,3.0,3.0,3.5,4.5,3.0,3.0,3.0,3.0,2.0,3.0,4.25,3.0
,evol_instruct,How many photons per cm² per second correspond to a 30 μW/cm² power reading at 410 nm?,4.5,4.75,4.5,3.75,4.375,3.0,3.0,3.0,3.0,4.25,3.75,5.0,3.0,4.5,3.0,3.0,3.0,3.0,3.0,3.0,3.0,3.0
,evol_instruct,What is the mass of a planet given its moon's semimajor axis of \(3.8 \times 10^8\) meters and orbital period of 1.512 days?,4.25,5.0,4.5,4.75,4.625,3.0,3.0,3.0,4.75,3.0,3.0,5.0,3.0,3.0,3.0,3.0,4.5,3.0,4.25,3.0,3.0,3.0
,evol_instruct,What adjustment is made when converting from a free field to a reverberant field in noise breakout calculations?,2.25,2.25,2.25,2.0,2.1875,1.75,3.0,3.0,3.0,3.25,3.0,3.0,1.25,3.0,3.0,3.0,3.0,3.0,3.0,2.5,3.0,3.0
,evol_instruct,"What is the origin of the term ""Alanin"" in German?",3.5,3.5,3.75,3.5,3.5625,3.0,3.0,3.0,3.0,3.0,3.0,4.0,3.0,3.0,3.0,3.0,3.0,3.0,3.0,4.25,2.75,3.25
,evol_instruct,"Place the final answer at the end of your response in the format [Answer: X], where X is the correct letter choice. Answer the following multiple-choice question by selecting the most appropriate option.

What percentage of visible light reaching Earth comes from stars other than the Sun?",3.25,3.75,3.0,3.5,3.375,3.0,3.0,3.0,3.5,3.0,3.5,3.0,3.0,3.0,3.0,3.25,3.0,3.0,3.0,3.0,3.25,3.0
,evol_instruct,"What will be the position of the device after 1.22 seconds if it starts at position 0 with 0 acceleration and speed, and then receives a constant acceleration of 1.25G?",4.25,5.0,4.5,3.75,4.375,3.0,3.0,4.0,3.0,3.0,3.0,5.0,3.0,3.0,3.0,3.75,3.0,3.0,4.75,3.0,3.0,3.0
,evol_instruct,"Which of the following is the best answer? Provide the correct option at the end, enclosed in single angle brackets: <A>.

What protein sequence is produced from the DNA sequence 5’-ATGTACTTCCATCTGGAATAG-3’?",3.25,3.0,4.0,3.75,3.5,3.5,3.0,2.0,3.0,3.0,3.0,3.0,3.75,3.0,3.0,3.0,3.0,3.0,3.0,4.75,3.0,3.0
,evol_instruct,What radio wavelength can penetrate about 8 feet of seawater without requiring a large emitter?,4.0,4.25,4.25,4.25,4.1875,3.0,3.0,3.0,4.75,5.0,3.25,3.0,3.0,3.0,3.0,3.75,3.0,3.0,3.0,3.0,3.0,3.0
,evol_instruct,"What is the speed of a spaceship traveling to a planet 10 light years away, if the journey takes 8 years according to the spaceship's observers?",4.25,5.0,4.75,4.25,4.5625,3.0,3.0,3.0,3.0,3.0,5.0,3.0,3.0,4.5,3.0,3.0,3.0,3.0,4.25,3.0,3.0,4.5
,evol_instruct,"Which option do you think is the most accurate?

What is the correct order of basicity for the nitrogen sites in purine?",3.5,3.5,4.25,3.75,3.75,3.0,3.0,2.0,3.0,4.75,3.0,3.75,3.0,3.0,3.0,3.0,3.0,3.0,4.5,3.0,3.0,3.0
,evol_instruct,"What species is the small spider with raised front legs found in Tamil Nadu, India?",2.25,3.75,2.75,2.5,2.8125,3.0,3.0,2.25,3.0,5.0,1.75,2.25,3.0,3.0,3.0,3.0,3.0,3.0,3.0,3.0,3.0,3.0
,evol_instruct,"What is the energy required to dissociate a single molecule of KF into neutral atoms K and F, assuming the ions are point charges?",3.75,4.5,3.75,3.5,3.875,3.0,4.5,3.0,5.0,3.0,3.0,3.0,3.5,3.0,3.0,2.5,3.0,3.0,3.0,3.0,3.0,3.0
,evol_instruct,"What is the resultant of three forces of magnitudes 10N, 20N, and 30N acting on a point and parallel to the sides of an equilateral triangle?",5.0,5.0,3.0,3.0,4.0,3.0,4.666666666666667,3.0,3.0,3.0,3.0,3.0,3.0,4.333333333333333,3.0,3.0,3.0,4.0,4.333333333333333,3.0,3.0,3.0
,evol_instruct,What fraction of the anomalous perihelion shift is accounted for by special relativity?,3.5,4.5,3.0,3.75,3.6875,3.0,3.0,3.0,3.0,3.0,3.6666666666666665,3.6666666666666665,3.0,3.0,3.0,3.0,3.0,3.0,3.0,3.0,4.0,4.333333333333333
,evol_instruct,"Choose the best answer from the options given, and provide your final answer as '<Answer: X>', where X is the correct option letter.

What is the probability that the system is in the state \(\psi=(1,0,0)^T\) at time \(t\)?",4.5,5.0,4.5,5.0,4.75,3.0,3.0,3.0,3.0,5.0,3.0,4.75,3.0,4.75,3.0,3.0,4.5,3.0,3.0,3.0,3.0,3.0
,evol_instruct,What will be the total pressure at equilibrium when 500 mm Hg of HCl is introduced into a closed vessel with ammonium chloride?,4.75,5.0,5.0,4.5,4.8125,3.0,3.0,3.0,3.0,5.0,3.0,4.5,3.0,5.0,3.0,3.0,3.0,4.75,3.0,3.0,3.0,3.0
,evol_instruct,How long does it take for an ensemble of electrons to equilibrate with blackbody radiation in free space?,4.5,4.25,4.75,4.5,4.5,3.0,3.0,3.0,5.0,3.0,3.0,3.0,3.0,3.0,3.0,3.0,3.0,4.0,4.5,3.0,4.5,3.0
,evol_instruct,How many moles of NH<sub>4</sub>Cl are needed to prevent the precipitation of Mg(OH)<sub>2</sub> when 0.05 moles of NH<sub>3</sub> are added to 1 liter of 0.02 M MgCl<sub>2</sub>?,2.75,4.25,4.0,2.75,3.4375,3.0,3.0,3.0,3.0,5.0,3.0,2.0,3.0,3.0,3.0,3.5,3.0,3.0,3.25,3.0,3.0,3.0
,evol_instruct,"Which of the following options is correct?  
Indicate the correct letter at the end of your response, formatted as `Correct Letter: [X]`. For example: Correct Letter: [B].

What is the minimum number of CNOT gates required to decompose a parity-preserving two-qubit gate into a sequence of CNOT gates and arbitrary single-qubit gates?",3.25,4.0,4.25,3.75,3.8125,3.0,4.25,3.0,3.0,3.0,3.0,3.0,3.0,3.0,3.0,3.0,2.75,4.5,3.0,3.0,3.75,3.0
,evol_instruct,What is the ratio of the new total pressure to the original pressure after adding ammonia to a closed vessel containing ammonium carbamate in equilibrium?,3.25,3.25,4.0,3.75,3.5625,3.0,3.0,3.0,3.0,5.0,3.0,3.0,3.0,3.25,3.0,3.0,2.75,3.0,3.25,3.0,3.0,3.0
,evol_instruct,Which substance could be added to 100 mM acetic acid at a final concentration of 1 M to cause a considerable change in pH without reacting chemically or neutralizing the acid?,3.5,4.0,3.25,2.5,3.3125,2.25,3.0,3.0,3.0,3.0,4.25,3.0,3.0,3.0,3.0,3.75,3.0,3.0,3.0,3.0,3.0,3.0
,evol_instruct,"What is the percentage of alcohol in a 100ml solution weighing 90.135g, given the densities of water and alcohol?",3.0,4.5,3.75,3.25,3.625,3.0,5.0,2.75,3.0,3.0,3.0,3.0,3.0,3.0,3.0,3.0,3.0,3.0,3.0,3.0,4.0,2.75
,evol_instruct,How many moles of HCl must be added to 100 mL of a 0.100 M methylamine solution to achieve a pH of 10.00?,4.25,4.25,4.25,4.0,4.1875,3.0,3.0,4.0,3.0,3.0,3.0,3.0,3.0,5.0,3.0,3.0,3.0,3.0,3.0,3.0,4.75,3.0
,evol_instruct,"Consider the following question carefully, reason through it, and select the most appropriate answer. At the end of your response, select one option and state it as: Option Selected: A/B/C/D/...

What sequence of quantum gates transforms the state $|00\rangle$ to $\frac{|01\rangle + |10\rangle}{\sqrt{2}}$?",3.25,4.0,3.75,3.5,3.625,3.0,4.0,3.0,3.0,3.0,3.0,3.0,1.25,3.0,3.0,3.0,5.0,3.0,4.25,3.0,3.0,3.0
,evol_instruct,What will be the relative speed between the two stars after a billion years due to the light they emit?,4.25,4.5,4.5,4.25,4.375,3.0,3.75,3.0,5.0,5.0,3.0,3.0,3.0,3.0,3.0,3.75,3.0,3.0,3.0,3.0,3.0,3.0
,evol_instruct,"What type of insect was spotted hiding from sunlight in a garden in Colombo, Sri Lanka?",4.0,4.5,4.25,4.0,4.1875,3.0,3.0,3.0,4.5,3.0,3.0,3.75,3.0,3.0,3.0,4.0,3.0,3.0,4.5,3.0,3.0,3.0
,evol_instruct,What is the percent yield and the mass of the product formed when 0.155 g of platinum remains after reacting with fluorine?,4.25,4.5,4.0,4.5,4.3125,3.0,4.25,3.0,3.0,3.0,3.0,3.0,4.5,3.0,3.0,3.0,3.75,3.0,3.0,4.75,3.0,3.0
,evol_instruct,What is the radius of the orbit near the Milky Way's central black hole where 4 billion years of Earth's history is time-dilated to 1 second?,4.0,4.75,4.75,4.0,4.375,3.0,3.0,3.0,4.5,3.0,3.0,3.0,3.0,3.0,3.0,3.0,3.0,4.25,4.75,3.0,3.0,4.0
,evol_instruct,"Please review the question thoroughly and select the most appropriate option by providing the corresponding letter.

What would be the radius of a sphere containing all ordinary matter in the universe if it had the density of a neutron star?",4.0,4.5,4.25,2.75,3.875,3.0,3.0,3.0,3.0,3.0,3.0,3.0,3.5,4.0,3.0,3.0,4.0,3.0,3.0,3.0,4.0,3.0
,evol_instruct,Would a charge imbalance between electrons and protons on the order of one part in \(10^{36}\) or less cause a cosmic expansion similar to dark energy?,2.25,3.5,2.0,2.75,2.625,2.25,3.75,3.0,3.0,3.0,3.0,3.0,3.0,2.0,3.0,3.0,3.0,3.0,3.0,2.5,3.0,3.0
,evol_instruct,What is the temperature at which the ratio of the population of the upper state to the lower state is 1:50 in a two-level atomic iodine system?,4.5,4.5,4.25,3.75,4.25,3.0,3.0,3.0,3.0,3.0,5.0,3.0,3.0,3.0,3.0,3.0,4.25,4.25,3.5,3.0,3.0,3.0
,evol_instruct,How much memory is required to represent all atoms in a human being?,3.75,4.75,3.25,3.5,3.8125,3.0,3.0,3.0,3.0,3.0,4.5,3.5,3.0,3.0,3.0,4.5,3.0,3.0,2.75,3.0,3.0,3.0
,evol_instruct,"What is the correct expression for ξ in Einstein's paper ""On the Electrodynamics of Moving Bodies""?",4.5,4.5,3.5,3.5,4.0,3.0,3.0,3.0,3.0,5.0,3.0,3.0,3.0,3.0,3.0,3.0,3.75,3.0,3.0,3.0,4.25,3.0
,evol_instruct,What is the Fierz identity for the generators of the symplectic group \(Sp(N)\)?,4.5,5.0,4.75,4.25,4.625,3.0,3.0,3.0,3.0,3.0,3.0,3.0,3.0,4.25,3.0,3.0,3.0,3.0,4.75,3.0,5.0,4.5
,evol_instruct,"Provide the selected option in this format: Selected Option -> X.

What is the final pressure of the refrigerant-134a after heat is transferred until the temperature reaches 15°C?",4.5,4.75,4.5,4.0,4.4375,3.0,3.0,4.75,3.0,3.0,4.0,3.0,3.0,3.0,3.0,3.0,3.0,3.0,4.75,3.0,4.25,3.0
,evol_instruct,"How many total stereoisomers does 3,6-dimethylpiperazine-2,5-dione have?",3.25,4.5,4.75,4.25,4.1875,3.75,3.0,3.0,5.0,5.0,3.0,3.0,3.0,3.0,3.0,3.0,3.0,3.0,3.0,3.0,3.0,3.0
,evol_instruct,"At the end of your response, choose one option and state it clearly as: Option Selected: A/B/C/D/... Which of the the following options is correct?

What is the entropy of the state when two random unitaries are applied to a pure state in a 2-dimensional Hilbert space?",3.0,4.0,3.5,3.25,3.4375,3.0,3.0,3.0,5.0,3.0,3.0,3.0,3.0,4.25,3.0,3.0,2.5,2.0,3.0,3.0,3.0,3.0
,evol_instruct,What is the voltage across the circuit when reduced to its simplest form?,4.25,3.75,4.25,4.0,4.0625,3.0,4.0,3.0,3.75,3.0,4.25,4.25,3.0,3.0,3.0,3.0,3.0,3.0,3.0,3.0,3.0,3.0
,evol_instruct,How much power (in watts) is actually going through the nichrome wire for heating?,3.5,4.5,3.25,2.5,3.4375,1.75,3.0,3.0,3.0,4.0,3.0,3.0,3.0,3.0,3.0,3.0,4.0,3.0,3.0,3.0,3.0,4.0
,evol_instruct,Would opening a tunnel extending far beyond Earth's atmosphere effectively suck out the Earth's atmosphere due to pressure differences?,3.25,2.5,3.25,4.25,3.3125,3.0,4.0,2.0,3.0,3.0,3.0,4.0,3.0,3.0,3.0,3.0,3.0,3.0,3.0,3.0,3.0,3.25
,evol_instruct,"What speed would a spaceship need to travel to reach Alpha Centauri, 4.4 light years away, in 10 years according to the passenger's clock?",2.5,3.0,3.0,2.5,2.75,3.0,3.0,3.0,4.75,3.0,3.0,3.0,3.0,3.0,3.0,3.0,3.0,3.0,3.0,3.0,1.75,1.5
,evol_instruct,"What is the atmospheric density given the gas constant for dry air is 287 $\frac{m^2}{s^2*K}$, temperature is 330 K, and pressure is 1050 hPa?",4.25,4.75,4.5,4.0,4.375,3.0,3.0,4.25,3.0,3.0,3.0,4.25,4.75,3.0,3.0,3.0,4.25,3.0,3.0,3.0,3.0,3.0
,evol_instruct,What species of Heteroptera bug was found in a Toronto bathroom in July 2017?,4.0,4.25,4.5,4.5,4.3125,3.25,3.0,3.0,3.0,3.0,3.0,3.0,3.0,3.0,3.0,4.5,3.0,3.0,4.75,4.75,3.0,3.0
,evol_instruct,What is the final speed of a bullet shot vertically due to friction?,4.75,5.0,4.75,4.25,4.6875,3.0,3.0,4.0,3.0,3.0,3.0,3.0,3.0,3.0,3.0,3.0,3.0,4.75,5.0,5.0,3.0,3.0
,evol_instruct,What property does the Charge Conjugation Operator \( C \) satisfy in every representation?,4.0,4.25,4.0,3.25,3.875,3.0,4.75,4.5,3.0,3.0,3.0,4.75,1.5,3.0,3.0,3.0,3.0,3.0,3.0,3.0,3.0,3.0
,evol_instruct,"Choose the best answer from the options given, and provide your final answer as '<Answer: X>', where X is the correct option letter.

Did LIGO account for Earth's curvature in the design of its 4 km arms?",4.25,4.0,4.0,3.5,3.9375,2.25,3.0,3.0,4.75,3.0,3.0,3.0,3.0,4.75,3.0,3.0,3.0,3.0,3.0,3.0,3.0,4.0
,evol_instruct,What is the relationship between the Wigner $D$-matrix and its complex conjugate?,3.5,3.5,3.25,4.25,3.625,3.0,3.0,3.0,3.0,3.0,3.0,3.0,3.75,3.0,3.0,3.25,3.0,3.25,4.25,3.0,3.0,3.0
,evol_instruct,"What is the name of the jellyfish-like creature found on a beach in Karpathos, Greece?",4.0,4.0,4.5,4.0,4.125,3.0,4.25,3.0,3.0,3.0,3.0,3.0,3.5,4.5,3.0,3.0,3.0,3.0,4.25,3.0,3.0,3.0
,evol_instruct,"What is the Hubble constant in units of \(km \, s^{-1} \, Mpc^{-1}\) given the age of the universe is \(13.7 \times 10^9\) years?",4.0,4.25,4.75,4.25,4.3125,3.0,3.0,3.0,3.0,4.25,3.0,4.25,3.0,3.0,3.0,3.0,3.0,4.0,4.75,3.0,3.0,3.0
,evol_instruct,"Which object ages less between the two meetings, object A in a circular orbit or object B in radial free-fall?",3.5,3.75,3.75,3.5,3.625,1.75,3.0,3.0,4.75,3.0,3.0,3.0,3.0,4.25,3.0,3.0,3.0,3.0,3.0,3.75,3.0,3.0
,evol_instruct,Is it possible for artificial satellites to orbit each other in space?,3.0,4.5,4.5,2.75,3.6875,3.0,3.0,3.0,4.5,3.0,3.0,3.0,3.0,3.0,3.0,4.25,3.0,3.0,3.0,3.0,3.0,3.0
,evol_instruct,"Which of the following options is the most appropriate response to the question?

What is a source where the quantum effective action for Yang-Mills theories in Euclidean space is evaluated?",3.5,3.75,3.0,2.5,3.1875,3.0,3.0,3.0,3.0,3.0,3.25,3.0,1.5,3.0,3.0,3.25,3.0,4.75,3.0,3.0,3.0,3.0
,evol_instruct,"Which of the following is the best answer? Provide the correct option at the end, enclosed in single angle brackets: <A>.

How many molecules are in 17.53 grams of NH4ClO4?",3.5,3.25,3.25,3.75,3.4375,3.0,3.0,3.0,3.0,3.75,3.25,3.0,2.0,3.0,3.0,3.0,3.0,3.0,4.75,3.0,3.0,3.0
,evol_instruct,What is the molecular formula of 2-ethynyloctahydro-1H-indene?,4.5,5.0,4.75,4.0,4.5625,3.0,4.5,3.0,3.0,3.0,3.0,3.0,3.0,3.0,3.0,3.0,4.5,3.0,4.75,3.0,3.0,4.5
,evol_instruct,What mass of sulfur was used to produce 0.782g of sulfur dioxide?,3.0,3.25,2.75,2.25,2.8125,3.0,1.25,3.0,4.5,3.0,3.0,3.0,2.5,3.0,3.0,3.0,3.0,3.0,3.0,3.0,3.0,3.0
,evol_instruct,"What species of beetle is this dark green beetle with white spots observed in Pune, India during the rainy season?",4.0,4.75,4.75,4.0,4.375,3.0,3.0,3.0,5.0,3.0,4.5,3.0,3.0,3.0,3.0,3.0,3.0,4.5,3.0,3.0,3.5,3.0
,evol_instruct,What is the minimum value of λ for the inequality \(\bar{\sigma}_x \bar{\sigma}_p \ge \lambda\) when using mean deviation as the measure of dispersion according to the Heisenberg uncertainty principle?,2.25,2.75,2.0,2.5,2.375,3.0,3.0,3.0,3.0,4.25,1.5,3.0,3.0,3.0,3.0,2.0,3.0,1.75,3.0,3.0,3.0,3.0
,evol_instruct,What resource provides information on classical electrodynamics using tempered distributions?,3.75,4.0,3.75,3.5,3.75,3.0,5.0,3.0,3.0,3.0,3.0,3.0,3.0,3.0,3.0,2.5,3.0,3.0,3.0,2.75,3.0,4.75
,evol_instruct,"What species is this duck with a green head, spotted in Leicestershire, UK?",4.75,4.75,3.0,4.75,4.3125,5.0,3.0,3.0,5.0,3.0,4.0,5.0,3.0,3.0,3.0,3.0,3.0,3.0,3.0,3.0,3.0,3.0
,evol_instruct,What is the correct integral form relation between the pair distribution function \( g(r) \) and the structure factor \( S(q) \) in 2D?,4.0,4.75,4.25,4.5,4.375,3.0,3.0,3.0,3.0,4.75,3.0,4.0,3.0,4.25,3.0,3.0,3.0,3.0,3.0,4.5,3.0,3.0
,evol_instruct,Does the sum of an entangled bipartite PPT state and its partial transpose always result in an entangled state?,3.75,4.5,4.0,3.75,4.0,3.0,3.0,2.5,4.5,3.0,3.0,3.0,4.5,3.0,3.0,3.0,4.5,3.0,3.0,3.0,3.0,3.0
,evol_instruct,Where will electrophilic substitution occur in meta-nitrophenol?,2.75,3.0,3.0,3.0,2.9375,3.0,3.0,3.0,4.75,3.0,1.75,3.0,3.0,3.0,3.0,3.0,3.0,3.0,3.25,3.0,3.0,2.0
,evol_instruct,What tool can be used for visualizing and aligning multiple Sanger sequencing results at once?,4.25,3.25,3.25,4.0,3.6875,3.0,3.0,3.0,3.0,3.0,3.0,3.0,3.0,3.0,3.0,3.0,3.0,4.75,3.5,3.0,3.0,3.5
,evol_instruct,What is the solution to the integral for the gravitational binding energy of a uniform cube with length \( L \) and mass \( M \)?,3.0,3.5,2.25,2.25,2.75,3.0,2.25,3.0,3.0,3.0,2.5,3.0,3.0,3.0,3.0,3.0,2.5,3.75,3.0,3.0,3.0,3.0
,evol_instruct,Has the Dirac bracket been constructed for the first-order formulation of general relativity?,4.0,3.75,3.75,4.0,3.875,3.0,3.0,3.0,3.0,3.0,3.0,4.75,3.0,3.25,3.0,3.0,4.0,3.0,3.0,3.5,3.0,3.0
,evol_instruct,What is the minimum diameter of a planet with Earth's density to prevent a human from falling into space?,4.25,4.75,4.0,3.5,4.125,4.0,3.0,3.0,3.0,3.0,3.0,3.0,3.0,4.5,3.0,3.0,3.0,3.0,3.0,4.75,3.0,3.25
,evol_instruct,What type of organism is this fast-moving creature found in the waters of Madeira?,4.25,5.0,4.75,4.5,4.625,3.0,3.0,3.0,3.0,3.0,4.5,3.0,3.0,4.5,3.0,3.0,3.0,3.0,3.0,4.75,4.75,3.0
,evol_instruct,What is the determinant of the matrix \((-k^2+e^2\phi_c^2)g_{\mu\nu}+k_\mu k_\nu\)?,4.25,4.25,3.75,4.5,4.1875,3.0,3.0,3.0,3.0,3.0,3.0,3.75,3.0,3.0,3.0,4.0,3.0,4.75,4.25,3.0,3.0,3.0
,evol_instruct,What is the density of the Universe at recombination?,3.0,3.0,3.0,3.0,3.0,2.0,3.0,1.75,4.75,3.0,3.0,3.0,3.0,3.0,3.0,3.0,3.5,3.0,3.0,3.0,3.0,3.0
,evol_instruct,What is the scale factor \(a(\eta)\) in terms of conformal time \(\eta\) for de Sitter space?,3.5,3.75,3.0,3.5,3.4375,3.0,3.0,2.25,3.0,3.0,3.0,3.0,3.0,5.0,3.0,2.5,3.0,3.0,4.0,3.0,3.0,3.0
,evol_instruct,What is the current estimate for the number of known nuclides?,4.5,4.75,4.75,3.75,4.4375,3.0,4.25,3.0,4.75,3.0,3.0,3.0,3.0,3.0,3.0,3.0,3.0,3.0,4.5,3.0,4.25,3.0
,evol_instruct,What would you likely feel if you were exposed to space without a spacesuit?,4.25,4.75,4.5,4.0,4.375,3.5,3.0,3.0,3.0,4.75,3.0,3.0,4.25,3.0,3.0,3.0,3.0,3.0,3.0,5.0,3.0,3.0
,evol_instruct,What is the name of the blue/lilac alpine flower photographed above Chianale in the Italian Valle Varaita?,3.75,3.5,5.0,4.25,4.125,3.0,3.0,3.5,3.0,3.0,3.0,4.0,3.0,3.75,3.0,3.0,3.0,3.0,3.0,3.0,5.0,3.0
,evol_instruct,What is the expression for the natural logarithm of the activity coefficient \(\gamma_1\) in the Margules activity model?,4.75,5.0,5.0,4.5,4.8125,3.0,4.5,3.0,3.0,3.0,3.0,3.0,3.0,5.0,3.0,3.0,4.75,3.0,3.0,3.0,5.0,3.0
,evol_instruct,Was Rosalind Franklin ever the formal supervisor of Raymond Gosling's doctoral studies?,3.75,4.25,3.75,4.25,4.0,2.0,3.0,3.0,3.0,3.0,4.75,3.0,4.25,3.0,3.0,3.0,5.0,3.0,3.0,3.0,3.0,3.0
,evol_instruct,What is the Hamiltonian for the given Lagrangian defined as an integral?,4.0,4.0,4.25,4.25,4.125,3.0,3.0,3.0,3.0,3.0,3.0,3.0,3.5,3.0,3.0,3.0,3.0,3.0,4.25,4.25,4.5,3.0
,evol_instruct,Where along the axis between the two rings is the magnetic field at a maximum?,4.25,4.5,4.5,3.75,4.25,3.0,3.0,3.0,4.75,3.0,3.0,4.5,3.0,3.0,3.0,3.0,3.0,3.0,3.0,3.0,4.75,3.0
,evol_instruct,Why can't we observe the sun's light bending around the moon during a solar eclipse if gravitational lensing is real?,4.5,5.0,4.5,4.0,4.5,3.0,3.0,4.25,3.0,3.0,3.0,4.75,4.75,3.0,3.0,4.25,3.0,3.0,3.0,3.0,3.0,3.0
,evol_instruct,What is the percentage by mass of nitrogen in a bag of fertilizer containing 500g of ammonium sulfate and 500g of potassium nitrate?,4.0,4.5,3.5,3.5,3.875,3.0,3.0,3.0,3.0,3.0,3.0,1.75,3.0,5.0,3.0,3.0,4.25,3.0,3.0,3.0,3.0,4.5
,evol_instruct,What is the pH of a solution made by dissolving 1 g of sodium bicarbonate in 400 ml of distilled water?,4.5,4.75,5.0,3.0,4.3125,3.0,3.0,3.0,4.5,3.0,3.0,3.0,3.0,3.0,3.0,3.0,4.5,3.0,3.0,4.5,3.0,3.75
,evol_instruct,What is the exact value of the second-order perturbation in the energy shift for the ground state of a hydrogen atom in a weak uniform electric field?,3.75,4.25,4.25,4.0,4.0625,3.0,3.75,3.0,3.0,5.0,3.0,3.0,3.0,3.0,3.0,4.5,3.0,3.0,3.0,3.0,3.0,3.0
,evol_instruct,What happens to the Mach number as one goes higher past the Kármán line?,4.0,3.75,4.5,4.0,4.0625,3.25,3.0,3.0,3.0,3.0,3.75,3.0,3.0,4.5,3.0,3.0,3.0,4.75,3.0,3.0,3.0,3.0
,evol_instruct,What is the value of the integral as \(a \rightarrow 0\)?,4.25,4.75,4.5,4.75,4.5625,3.0,3.0,3.0,5.0,5.0,3.0,3.0,3.0,3.75,3.0,3.0,3.0,3.0,3.0,4.5,3.0,3.0
,evol_instruct,What is the volume of gas where a 10% relative fluctuation in gas density occurs at $10^5\text{ Pa}$ and $293.15\text{ K}$?,3.5,4.25,4.25,3.75,3.9375,3.0,4.25,3.0,3.0,3.0,3.0,3.25,4.25,3.0,3.0,3.0,3.0,3.0,3.0,3.0,4.0,3.0
,evol_instruct,"Which option is correct?

Can the sum \(\sum_{k=0}^\infty (2k+1)^4\ln(2k+1)\) be renormalized, and if so, what method could be used?",3.5,4.25,4.5,3.25,3.875,3.75,3.0,3.0,4.5,3.0,3.0,3.0,2.25,3.0,3.0,3.0,3.0,3.0,3.0,3.0,5.0,3.0
,evol_instruct,"Select the most appropriate answer. Select exactly one letter from the given choices and present the final answer at the end of your response as \boxed{X}, where X is the chosen letter.

What is the correct ratio of silver to nitric acid (62%) for the reaction to produce silver nitrate?",3.25,4.0,4.0,3.25,3.625,3.0,3.0,1.75,4.75,4.75,3.0,3.0,3.0,3.0,3.0,3.0,3.25,3.0,3.0,3.0,3.0,3.0
,evol_instruct,"Identify the juvenile bird spotted during a morning walk in the Keweenaw Peninsula, Michigan.",3.0,3.5,3.5,3.25,3.3125,3.0,3.0,3.0,3.0,3.0,3.0,4.5,3.75,3.0,3.0,3.0,4.0,1.0,3.0,3.0,3.0,3.0
,evol_instruct,"If 1 kg of feathers and 1 kg of steel are balanced in a vacuum, what is the difference in their weight in 1 atm of air?",3.75,3.75,4.333333333333333,3.5,3.833333333333333,3.0,3.75,1.6666666666666667,3.0,3.0,3.0,3.0,3.0,3.0,3.0,3.0,4.5,3.0,3.0,3.0,4.75,3.0
,evol_instruct,"Select the most appropriate answer. Select exactly one letter from the given choices and present the final answer at the end of your response as \boxed{X}, where X is the chosen letter.

How much memory is required to represent all atoms in a human being?",4.25,4.75,4.5,4.0,4.375,3.0,4.25,3.0,3.0,3.0,3.0,5.0,3.0,3.0,3.0,3.5,3.0,4.75,3.0,3.0,3.0,3.0
,evol_instruct,What is the energy density of the zero Higgs field in SI units?,4.75,5.0,4.75,4.5,4.75,3.0,3.0,4.25,3.0,3.0,5.0,3.0,3.0,4.75,3.0,3.0,5.0,3.0,3.0,3.0,3.0,3.0
,evol_instruct,"Choose the best answer from the options given. End your response by putting the correct option letter in double asterisks, like **A**.

What is the highest number a theoretically ""perfectly efficient"" computer could count to using all the energy in the Milky Way?",4.0,4.0,5.0,3.5,4.125,3.0,3.0,1.0,4.75,3.0,3.0,3.0,5.0,3.0,3.0,3.0,4.75,3.0,3.0,3.0,3.0,3.0
,evol_instruct,What is the approximate velocity of asteroid 2011 CQ1 in km/s?,4.5,5.0,4.5,3.75,4.4375,3.0,3.0,3.0,4.75,4.75,3.0,3.0,3.0,3.0,3.0,3.0,3.0,4.25,3.0,4.0,3.0,3.0
,evol_instruct,What method can be used to detect the production of muonic hydrogen?,3.25,3.25,3.5,3.25,3.3125,3.0,4.5,1.25,3.0,3.0,3.5,3.0,3.0,3.0,3.0,3.0,3.0,3.0,3.0,3.0,3.0,4.0
,evol_instruct,How long does one orbit of S2 around the supermassive black hole take from the star's reference frame?,4.25,4.5,4.5,4.5,4.4375,4.25,3.0,3.0,3.0,3.0,3.0,4.5,3.0,3.0,3.0,3.0,3.0,4.0,3.0,3.0,5.0,3.0
,evol_instruct,What is the correct expression for the expansion of null radial geodesics in Schwarzschild spacetime?,2.75,3.25,2.5,2.5,2.75,1.5,3.0,3.0,3.0,3.0,2.5,3.0,3.0,3.0,3.0,3.0,3.0,4.5,2.5,3.0,3.0,3.0
,evol_instruct,"Which option is correct?  
The final answer must be placed in \boxed{} format at the end of your response. Adherence to this requirement is mandatory.

What prevents the formation of an enamine product when cyclohexanone reacts with Brady's reagent?",3.5,4.0,4.25,3.75,3.875,3.0,3.0,1.5,3.0,3.0,3.0,3.0,3.0,3.0,3.0,3.0,3.0,3.0,4.75,3.0,4.75,4.5
,evol_instruct,"What is the amount of energy transferred when a 100,000 ton container ship collides with a bridge at 8.6 knots?",3.75,4.0,4.666666666666667,3.5,3.979166666666667,3.0,3.0,3.0,4.75,5.0,3.0,3.0,3.0,3.0,3.0,3.0,1.0,4.25,3.0,3.0,3.0,3.0
,evol_instruct,What is the final temperature of 15.5 g of ice at -5°C after adding 53.2 kJ of heat?,4.25,4.0,4.25,4.25,4.1875,3.0,3.25,3.0,3.0,4.75,3.0,3.0,3.0,3.0,3.0,3.0,5.0,3.75,3.0,3.0,3.0,3.0
,evol_instruct,"For the final answer, place it at the end of your response in the format: The answer is: |X|, where X is the letter corresponding to the correct choice. Select the most appropriate answer.

What is the partial pressure of oxygen in a 19.3 g mixture of oxygen and argon occupying 16.2 L at 675.9 mmHg and 43.4 °C?",3.5,3.25,3.25,3.5,3.375,3.0,3.0,3.0,3.0,3.0,3.0,2.75,2.75,3.0,3.0,3.0,3.0,3.75,4.25,3.0,3.0,3.0
,evol_instruct,What is the approximate distance that 1 KeV or 10 KeV x-rays need to travel in air to lose 90% of their energy?,4.0,3.75,4.5,4.0,4.0625,3.0,3.0,3.0,3.0,4.0,4.5,3.0,3.0,3.0,3.0,3.5,3.0,3.0,4.25,3.0,3.0,3.0
,evol_instruct,"If an impact-grenade reaches terminal velocity and hits a target, would the impact force or the explosion cause more damage?",3.75,4.25,4.0,4.25,4.0625,3.0,3.0,3.0,4.0,4.75,3.0,3.0,4.25,3.0,3.0,3.0,3.0,3.25,3.0,3.0,3.0,3.0
,evol_instruct,"How many grams of 30% HCl are needed to completely dissolve 605.5g of calcium carbonate, resulting in a final concentration of 3% HCl?",3.5,3.25,3.75,3.5,3.5,3.0,3.0,3.0,3.0,3.0,3.0,3.0,3.0,4.0,3.0,3.0,3.0,3.0,2.75,4.0,3.0,3.25
,evol_instruct,What is the minimum diameter required for a telescope to achieve an angular resolution of 1 milliarcsecond?,4.25,4.0,3.75,3.0,3.75,4.25,3.0,3.0,3.0,3.0,3.0,3.0,3.0,3.0,3.0,3.0,3.0,2.75,3.0,4.0,4.0,3.0
,evol_instruct,What are the eigenvalues of the matrix representation of $\hat{\vec l}.,4.5,4.5,4.75,4.0,4.4375,3.0,3.0,3.0,3.0,3.0,5.0,3.0,3.0,4.5,3.0,3.0,3.0,3.0,3.5,3.0,3.0,4.75
,evol_instruct,"The final answer must be placed in \boxed{} format at the end of your response.

What is the initial concentration of the $\ce{AgNO3}$ solution if the precipitation of $\ce{AgBr}$ occurs after adding $20\:\mathrm{mL}$ of a $0.001$ M $\ce{NaBr}$ solution to $500\:\mathrm{mL}$ of $\ce{AgNO3}$ solution?",3.5,3.5,2.75,3.25,3.25,3.0,3.0,3.0,5.0,3.0,3.0,3.0,3.0,3.0,3.0,2.0,3.0,3.0,2.25,3.75,3.0,3.0
,evol_instruct,"For the final answer, place it at the end of your response in the format: The answer is: |X|, where X is the letter corresponding to the correct choice. Select the most appropriate answer.

What is a popular science book that consolidates findings about the physics and processes of the sun?",4.25,4.5,4.5,4.0,4.3125,3.75,3.0,4.5,3.0,3.0,3.0,3.0,3.0,3.0,3.0,3.0,3.0,5.0,3.0,3.0,4.0,3.0
,evol_instruct,"What is the final kinetic energy of a baseball dropped from the Empire State Building, considering air resistance?",5.0,5.0,3.0,4.5,4.375,3.0,5.0,3.0,3.0,3.0,5.0,3.0,3.0,4.666666666666667,3.0,3.0,3.0,3.0,4.666666666666667,3.0,3.0,3.0
,evol_instruct,"End with ""ANSWER IS X"" on the final line, where X is one of [A/B/C/D/...]. Choose the correct option.

What relative speed would an observer on Object A measure for Object B?",5.0,5.0,5.0,4.5,4.875,3.0,3.0,3.0,5.0,3.0,3.0,4.75,3.0,3.0,3.0,3.0,3.0,3.0,3.0,4.75,5.0,3.0
,evol_instruct,"Choose the best answer from the options given, and provide your final answer as '<Answer: X>', where X is the correct option letter.

What should be the weight of the ball to achieve the greatest distance in a ball launcher?",4.0,3.5,3.0,3.25,3.4375,3.0,3.0,3.0,3.0,3.0,3.0,3.0,3.0,1.75,3.0,4.75,3.0,3.0,3.0,3.0,5.0,2.25
,evol_instruct,What is the E/Z configuration of 1-bromo-3-methylcyclopent-1-ene?,4.0,4.75,4.0,4.0,4.1875,3.0,3.75,3.0,3.0,5.0,3.0,3.0,3.0,4.25,3.0,3.0,3.0,3.0,3.0,3.75,3.0,3.0
,evol_instruct,Can a 2000W induction hob reach and maintain a rolling boil of 11 liters of water in one hour?,4.0,3.75,4.0,4.25,4.0,3.0,3.0,3.0,5.0,3.0,5.0,3.0,3.5,3.0,3.0,3.0,2.5,3.0,3.0,3.0,3.0,3.0
,evol_instruct,What is the steady temperature at the center of a square plate with one edge at temperature $U_0$ and the other three edges at temperature zero?,4.75,4.5,4.75,4.25,4.5625,3.0,4.0,3.0,3.0,4.5,3.0,4.75,3.0,3.0,3.0,3.0,3.0,3.0,3.0,3.0,5.0,3.0
,evol_instruct,How did Lord Kelvin calculate the kinetic energy of individual water molecules at different temperatures in the 1870s?,4.0,4.25,4.25,4.0,4.125,3.0,3.75,3.0,3.0,5.0,3.0,3.0,3.0,3.0,3.0,3.0,3.0,3.0,4.75,3.0,3.0,3.0
,evol_instruct,What is the formula for the apparent angle (or half-angle) of occlusion \(\theta_a\) of a Schwarzschild black hole in terms of its mass \(M\) and distance \(R\) to an observer?,4.0,4.25,4.5,4.0,4.1875,3.25,3.0,3.0,3.0,4.75,3.0,3.0,3.0,4.75,3.0,3.0,3.0,3.0,3.0,4.0,3.0,3.0
,evol_instruct,"Does a rotation operator \( D(R) \) exist such that \( D(R)|1,0\rangle = |1,1\rangle \) for a spin-1 particle?",4.25,4.5,4.25,4.0,4.25,3.0,3.0,4.75,3.0,3.0,3.0,5.0,3.0,3.0,3.0,2.5,3.0,3.0,3.0,3.0,4.75,3.0
,evol_instruct,"Which of the following is the best answer? Provide the correct option at the end, enclosed in single angle brackets: <A>.

How long would it take the Pioneer space probe to reach Proxima Centauri at a speed of 30 km/s?",4.25,4.5,5.0,3.5,4.3125,3.0,3.0,3.0,4.75,4.75,3.0,3.0,3.0,3.0,3.0,3.5,3.0,3.0,3.0,4.25,3.0,3.0
,evol_instruct,Was Mott's 1949 conjecture about NiO under high pressure verified by experiments?,2.75,3.0,4.333333333333333,3.25,3.333333333333333,1.0,3.0,4.5,3.0,3.0,3.75,3.25,3.0,3.0,3.0,3.0,3.0,3.0,3.0,3.0,3.0,3.0
,evol_instruct,"At a fixed initial velocity, which angle maximizes the trajectory length of a projectile?",3.5,2.25,3.5,2.5,2.9375,2.0,3.0,3.0,3.0,3.0,3.0,3.0,3.0,3.0,3.0,3.25,3.0,3.25,3.0,3.0,3.25,3.0
,evol_instruct,"In Feynman's plate toss, does the precession direction match or oppose the spin direction?",4.0,3.5,4.0,4.0,3.875,3.0,4.0,3.0,3.0,3.0,3.0,4.0,3.0,3.75,3.0,3.0,3.0,3.0,3.0,3.0,3.75,3.0
,evol_instruct,"Which option best answers the question?  
At the end of your response, put the final answer in this exact format: Selected Option -> X.

What relative speed would an observer on Object A measure for Object B?",2.5,3.0,3.0,4.0,3.125,3.0,3.0,3.0,3.0,3.0,3.0,3.0,3.0,3.0,3.0,3.0,4.0,3.0,3.0,1.3333333333333333,3.333333333333333,4.0
,evol_instruct,"Select one option from the choices given.


What species is this duck with a green head, spotted in Leicestershire, UK?",4.0,4.0,3.75,4.0,3.9375,3.0,3.0,2.75,3.0,3.0,5.0,3.0,3.0,3.0,3.0,3.0,3.0,4.0,4.0,3.0,3.0,3.0
,evol_instruct,"What is the speed of sound given a source frequency of 440 Hz, a source speed of 232 m/s, and an observed frequency of 880 Hz?",3.25,2.75,3.75,2.5,3.0625,3.0,3.0,3.0,3.0,4.75,3.75,3.0,3.0,3.0,3.0,3.0,1.0,3.0,3.0,3.0,3.0,2.75
,evol_instruct,What is the name of the insect found in the basement in Canada?,4.25,4.5,4.0,4.5,4.3125,3.0,3.0,3.0,4.75,3.0,3.0,3.0,3.0,4.5,3.0,3.0,3.25,3.0,4.75,3.0,3.0,3.0
,evol_instruct,Which sauropod group is characterized by having a double row of chevron bones in the tail?,3.5,3.5,3.25,3.25,3.375,3.0,3.0,3.0,3.0,3.0,3.0,3.0,2.0,4.75,3.0,4.5,3.0,3.0,2.25,3.0,3.0,3.0
,evol_instruct,Will a giant ball of protons form a black hole or a naked singularity?,3.5,4.25,4.0,4.0,3.9375,2.5,3.0,3.0,3.0,3.0,3.75,3.0,3.0,4.75,3.0,3.0,3.0,3.0,3.0,3.0,3.0,4.75
,evol_instruct,What temperature is required for diamond to conduct electricity due to thermal excitation of electrons?,3.5,3.75,4.0,3.25,3.625,1.5,3.0,3.0,4.75,3.0,3.0,3.0,3.0,3.0,3.0,4.75,3.0,3.5,3.0,3.0,3.0,3.0
,evol_instruct,Solve the following problem. Make sure to put the answer (and only answer) inside \boxed{}.,4.0,4.75,4.25,4.0,4.25,3.75,3.0,3.0,3.0,3.0,3.0,3.75,3.0,3.0,3.0,3.0,3.0,3.0,3.0,3.0,4.75,4.75
,evol_instruct,What is the average intermolecular spacing for hydrogen gas at 300K and 1 bar?,3.5,3.75,4.0,3.25,3.625,3.0,3.0,3.0,4.5,3.0,3.0,3.0,3.0,3.25,3.0,3.0,3.0,1.75,5.0,3.0,3.0,3.0
,evol_instruct,What is the resistance of an iron wire with a length of 15 m and a diameter of 2.9 mm?,4.25,4.5,4.0,3.75,4.125,3.0,3.0,3.0,3.0,4.75,3.0,3.0,4.25,3.0,3.0,3.0,4.5,3.0,3.0,3.0,3.0,3.0
,evol_instruct,What would happen to Earth if the Moon were a 2 mm black hole?,2.5,2.75,3.5,3.5,3.0625,3.0,3.0,3.5,3.0,3.0,3.5,3.0,2.25,3.0,3.0,3.0,3.0,3.0,3.0,3.0,3.0,3.0
,evol_instruct,Is it possible to achieve an orbital velocity of \(c\) at an altitude of 5mm above an Earth-mass object?,3.5,4.5,4.666666666666667,4.0,4.166666666666667,3.0,4.75,1.6666666666666667,4.75,3.0,3.0,3.0,3.0,3.0,3.0,4.75,3.0,3.0,3.0,3.0,3.0,3.0
,evol_instruct,What is the value of $\exp(x)$ and its standard uncertainty if $x=4.005(0.068)$?,5.0,5.0,4.5,4.25,4.6875,3.0,3.0,3.0,3.0,3.0,4.5,4.5,3.0,3.0,3.0,3.0,5.0,3.0,3.0,3.0,4.75,3.0
,evol_instruct,What is the time dilation effect on Earth over 45 years?,4.0,3.5,4.0,4.0,3.875,2.0,3.0,3.0,3.0,3.0,3.0,3.0,3.0,5.0,3.0,3.0,3.0,3.0,3.5,5.0,3.0,3.0
,evol_instruct,"Which metal among $\ce{Cr}$, $\ce{Fe}$, $\ce{Mn}$, $\ce{Ti}$, $\ce{Ba}$, and $\ce{Mg}$ cannot be obtained by reduction of its oxide using aluminum?",2.25,3.25,2.25,2.5,2.5625,3.0,3.0,3.0,5.0,3.0,3.0,3.0,3.0,3.0,1.75,3.0,3.0,3.0,1.75,3.0,3.0,1.75
,evol_instruct,"What is the minimum magnitude force needed to start moving a 12 kg crate on a horizontal surface with a coefficient of static friction of 0.40, when the force is applied at an angle of 30° below the horizontal?",4.0,4.25,4.0,3.25,3.875,3.0,3.0,3.0,4.75,3.0,3.0,3.0,3.0,3.0,3.0,1.5,3.0,3.0,4.5,3.0,4.75,3.0
,evol_instruct,What is the name of the insect that resembles a dust-covered crumb?,4.0,3.5,4.0,4.5,4.0,3.0,3.75,3.0,3.0,4.0,3.0,4.25,3.0,4.0,3.0,3.0,3.0,3.0,3.0,3.0,3.0,3.0
,evol_instruct,"What is the diameter of an aluminum pin, 4 inches long, to achieve a resonant frequency of 256 Hz?",3.25,3.5,3.25,3.75,3.4375,3.0,2.75,3.25,3.0,4.75,3.0,3.0,3.0,3.0,3.0,3.0,3.0,3.0,3.0,3.0,3.0,3.0
,evol_instruct,"Choose the correct option from A, B, C, D, or the corresponding letters.

What are the suggested weight ratios for combining the spectral responses of long and medium cone cells to approximate the human luminosity function?",4.25,5.0,4.5,4.0,4.4375,4.0,3.0,3.0,4.5,3.0,3.0,3.0,3.0,4.5,3.0,3.0,3.0,3.0,3.0,3.0,4.75,3.0
,evol_instruct,What is the minimum number of carbon atoms an alkane needs to have enantiomers?,3.0,3.75,4.75,3.25,3.6875,3.0,3.0,3.0,3.0,3.75,3.0,4.25,3.0,3.25,3.0,3.0,3.0,3.0,3.0,3.0,3.0,3.5
,evol_instruct,What value of \( b^2 \) ensures the deuteron wave function reproduces the magnetic moment \( \mu = 0.857 \mu_N \)?,2.25,3.0,3.0,2.5,2.6875,3.0,2.5,3.0,3.0,3.0,2.75,4.0,3.0,3.0,3.0,3.0,3.0,1.5,3.0,3.0,3.0,3.0
,evol_instruct,What is the name of the green insect with long antennae found in south Texas?,3.5,3.25,3.5,3.75,3.5,3.0,4.5,3.0,3.0,3.0,3.0,3.75,3.0,3.0,3.0,3.0,3.0,3.0,3.0,3.0,3.0,2.75
,evol_instruct,When was long-term depression (LTD) first described?,4.5,5.0,4.5,4.25,4.5625,3.0,3.0,3.0,3.0,5.0,3.0,3.0,3.0,4.25,3.0,3.0,3.0,3.0,3.0,4.5,4.5,3.0
,evol_instruct,"Select one option from the choices given.


What type of nest was found in the attic in Bavaria, Germany?",4.75,4.75,5.0,4.25,4.6875,3.0,3.0,3.0,3.0,5.0,3.0,3.0,3.0,4.75,3.0,4.5,3.0,3.0,4.5,3.0,3.0,3.0
,evol_instruct,"What is the work done in joules by a piston head with an area of 28 cm² traveling 6 cm against a force of 40,000 psi?",3.75,3.5,4.0,3.5,3.6875,3.5,3.0,2.75,3.0,3.0,3.0,3.0,3.0,3.0,3.0,3.0,3.0,4.0,3.0,4.5,3.0,3.0
,evol_instruct,What is the scientific name of this common Taiwanese butterfly?,4.0,3.5,4.0,4.25,3.9375,3.0,3.75,3.0,3.0,3.0,3.0,3.0,3.0,3.75,3.0,3.0,3.0,3.0,4.5,3.75,3.0,3.0
,evol_instruct,"At the end of your response, provide the final answer in this exact format: Selected Option -> X. Answer the following question by carefully considering all options and selecting the most appropriate choice.

What is the speed of the train rounding a curve of radius 235 m with a lamp inside making a 17.5-degree angle to the vertical?",4.0,5.0,4.25,4.0,4.3125,3.0,3.0,3.5,3.0,5.0,3.0,5.0,3.0,3.0,3.0,3.0,3.0,3.75,3.0,3.0,3.0,3.0
,evol_instruct,What type of animal skulls were found in an old bottle in the woods?,3.0,3.5,3.0,3.5,3.25,3.0,3.0,3.0,5.0,3.0,3.0,3.0,3.0,3.0,3.0,3.0,1.75,3.0,3.0,3.0,3.0,3.25
,evol_instruct,"What is the value of van der Waals' constant \(a\) for the given gas at 400K, given the slope of the Z vs P curve at the point where Z=1 is 0.005 and the critical temperature is 500K?",3.0,3.5,3.0,3.0,3.125,3.0,3.0,3.0,4.25,3.0,3.0,3.0,2.25,3.0,3.0,3.0,3.0,3.0,3.0,3.0,3.0,3.0
,evol_instruct,What is a reputable resource to learn about spontaneous parametric down conversion (SPDC)?,4.5,4.25,4.5,3.5,4.1875,3.0,3.0,3.0,3.0,3.0,3.0,3.75,3.0,3.0,3.0,4.5,4.25,3.0,4.25,3.0,3.0,3.0
,evol_instruct,How many atoms of Lithium are in 14.3 grams of Lithium Fluoride?,2.5,3.25,3.0,3.0,2.9375,3.0,3.0,1.3333333333333333,3.0,3.0,3.0,3.0,3.0,3.0,3.0,3.0,3.0,3.0,3.0,4.333333333333333,3.0,3.0
,evol_instruct,Would excess charge on a conductor still move to the surface if the Coulomb law were proportional to $\frac{1}{r^3}$?,3.75,3.5,3.0,3.75,3.5,3.0,3.0,1.6666666666666667,3.0,3.0,4.0,3.0,4.666666666666667,3.0,3.0,3.0,3.0,3.0,3.0,4.333333333333333,3.0,3.0
,evol_instruct,What is the reduction in the melting temperature of mercury due to relativistic effects?,3.75,4.0,4.25,4.0,4.0,3.5,3.0,3.0,3.0,3.0,4.75,3.0,3.0,3.0,3.0,4.0,3.0,3.0,3.0,3.0,3.0,3.75
,evol_instruct,What was the speed of the uranium projectile in the Little Boy bomb?,4.0,4.25,4.666666666666667,4.25,4.291666666666667,3.0,3.0,3.0,5.0,3.0,4.75,3.0,3.0,3.0,3.0,2.6666666666666665,3.0,3.0,3.0,3.0,4.25,3.0
,evol_instruct,What is the launch angle θ that maximizes the range of a projectile launched from height h with initial speed v₀?,3.5,4.5,3.75,3.5,3.8125,4.25,3.0,3.0,3.0,3.0,3.0,5.0,3.0,3.0,3.0,3.0,3.0,1.5,3.0,3.0,3.0,4.5
,evol_instruct,What is the final volume to which you should dilute 126 mL of an 8.15 M CuCl2 solution so that 49.5 mL of the diluted solution contains 4.56 g of CuCl2?,3.75,4.25,4.75,4.25,4.25,3.0,3.0,3.0,4.5,3.0,3.75,5.0,3.0,3.0,3.0,3.0,3.75,3.0,3.0,3.0,3.0,3.0
,evol_instruct,What is the hybridization of the oxygen atoms in the 8-membered ring of the borax anion?,4.0,4.5,4.75,4.0,4.3125,3.0,3.0,3.0,3.0,4.75,3.0,4.75,3.0,3.0,3.0,3.0,3.0,3.0,4.75,3.0,3.0,3.0
,evol_instruct,"Select the most appropriate answer. Select exactly one letter from the given choices and present the final answer at the end of your response as \boxed{X}, where X is the chosen letter.

What is the power output in kW of the Siemens SWT-3.0-101 turbine at a wind speed of 8 m/s?",4.25,4.5,4.5,3.75,4.25,3.0,3.0,2.75,3.0,3.0,5.0,4.75,3.0,3.0,3.0,3.0,4.5,3.0,3.0,3.0,3.0,3.0
,evol_instruct,What is the comet’s speed when it reaches a distance of 1 AU from the Sun?,2.75,3.0,3.6666666666666665,2.75,3.0416666666666665,3.0,3.0,3.0,3.0,3.0,3.0,4.75,3.0,3.0,3.0,3.0,1.0,3.0,3.0,4.75,1.0,3.0
,evol_instruct,"Conclude your response with: Correct Answer >> [A/B/C/D/...]. Select the correct option from those provided.

What speed must an airplane travel at to keep the sun stationary in the sky while flying west at 30,000 ft on the equator?",2.75,3.25,2.0,2.5,2.625,3.0,3.0,1.25,2.75,3.0,3.0,3.0,2.0,4.5,3.0,3.0,3.0,3.0,3.0,3.0,3.0,3.0
,evol_instruct,What is the height of the cliff if a boulder takes 1.3 seconds to fall the final third of its journey?,5.0,4.5,5.0,5.0,4.875,3.0,3.0,3.0,5.0,3.0,3.0,3.0,5.0,3.0,3.0,3.0,5.0,3.0,3.0,4.5,3.0,3.0
,evol_instruct,Which double bond in phenanthrene is most susceptible to ozonolysis?,2.25,2.5,2.75,2.5,2.5,3.0,3.0,1.75,3.25,3.25,3.0,3.0,3.0,3.0,3.0,3.0,1.75,3.0,3.0,3.0,3.0,3.0
,evol_instruct,Where is the electric field zero on the x-axis for a positive charge +q at the origin and a negative charge -2q at x=2?,3.5,4.5,4.0,3.25,3.8125,3.0,3.0,3.0,3.0,3.0,4.75,5.0,3.0,3.0,3.0,1.5,3.0,3.0,3.0,3.0,3.0,4.0
,evol_instruct,What pressure is theoretically required for nuclear fusion to occur at room temperature?,4.0,4.5,4.0,3.5,4.0,3.0,3.0,2.75,3.0,5.0,3.0,3.0,3.0,3.0,3.0,3.75,3.0,3.0,3.0,4.5,3.0,3.0
,evol_instruct,What is the correct form of the integral in Zee's solution for (I.3.1)?,3.25,4.5,4.666666666666667,3.0,3.854166666666667,3.0,3.0,3.0,3.0,4.5,3.0,3.0,3.0,3.0,3.0,3.0,3.0,3.0,4.5,3.0,3.0,3.0
,evol_instruct,What is the standard reduction potential for the half-reaction \(\ce{2HNO2 + 4H+ + 4e- <=> N2O + 3H2O}\) at \(\mathrm{pH} = 0\)?,4.75,5.0,5.0,3.25,4.5,3.0,3.0,4.75,3.0,3.0,4.25,3.0,3.0,3.0,3.0,3.0,3.0,3.0,3.0,3.0,4.5,4.5
,evol_instruct,How many factors make it easier to move a car by pushing on the tires rather than the body?,4.25,5.0,4.75,4.0,4.5,3.0,4.0,3.0,3.0,5.0,4.5,3.0,4.5,3.0,3.0,3.0,3.0,3.0,3.0,3.0,3.0,3.0
,evol_instruct,What is the pH of the solution when 100 cm³ of 0.50 mol dm⁻³ CH₂ClCOOH is mixed with 200 cm³ of 0.10 mol dm⁻³ NaOH?,4.0,3.25,4.0,4.0,3.8125,3.0,3.0,3.0,3.0,3.0,3.0,3.0,3.75,3.0,3.0,3.0,2.75,4.25,3.0,4.5,3.0,3.0
,evol_instruct,"What species of snail was found in a city south of Seattle, Washington?",3.0,3.0,3.0,3.25,3.0625,3.0,3.0,1.5,3.0,4.0,3.0,3.0,1.75,3.0,3.0,3.0,3.0,3.0,3.0,3.0,5.0,3.0
,evol_instruct,What is the contracted distance to the galactic center as observed from a spaceship traveling at 0.9c?,4.0,5.0,3.0,3.75,3.9375,3.0,3.0,3.0,3.0,3.0,3.0,3.0,3.0,3.0,3.0,4.333333333333333,4.666666666666667,3.0,3.0,3.0,5.0,3.0
,evol_instruct,"The final answer must be placed in \boxed{} format at the end of your response. Ensure strict adherence to this requirement. Choose the most appropriate answer from the options given.

What is the true test of electrification?",3.0,3.75,4.0,3.25,3.5,3.0,3.0,2.0,5.0,3.0,3.0,3.0,3.0,3.0,3.0,3.0,3.0,4.0,3.0,3.0,3.0,3.0
,evol_instruct,How many virtual orbitals does a Gaussian job calculate for benzene at the TD-DFT B3LYP/3-21G level of theory?,4.75,5.0,4.25,4.0,4.5,3.0,3.0,3.0,3.0,3.0,3.0,3.0,3.0,4.75,3.0,3.0,3.0,3.75,4.75,3.0,4.75,3.0
,evol_instruct,"What is the final temperature of the water after transferring 55,034.175 kJ of heat to 150 kg of ice initially at -12.15°C?",2.75,2.75,2.75,3.25,2.875,1.0,3.0,1.25,3.0,5.0,3.0,3.0,3.0,3.0,3.0,3.0,3.0,3.0,3.0,3.0,4.25,3.0
,evol_instruct,"What is the total heat capacity ($c_\text{total}$) of the reaction between 100 mL of 0.5 M HCl and 100 mL of 0.5 M NaOH, given a temperature change of 3.38 °C?",3.25,4.0,3.75,3.0,3.5,3.0,3.0,3.0,3.0,3.0,3.0,3.0,3.0,3.0,3.0,3.0,2.5,2.75,3.0,3.0,4.5,4.25
,evol_instruct,What is the proper time for a spaceship to travel around a closed timelike worldline in Godel spacetime?,3.0,3.0,2.75,2.25,2.75,2.25,3.0,1.0,3.0,3.0,3.0,3.0,3.0,3.0,3.25,4.5,3.0,3.0,3.0,3.0,3.0,3.0
,evol_instruct,How much 0.1M NaOH is needed to raise the pH of a 20 mL 0.1M sodium dihydrogenphosphate solution by 2 units?,4.0,4.25,4.0,4.0,4.0625,3.0,3.0,3.0,3.0,3.0,3.0,3.0,4.0,4.0,3.0,3.0,3.75,3.0,4.5,3.0,3.0,3.0
,evol_instruct,What is the representation-free expression for $u^{up}\overline{u}^{up}$ in terms of gamma matrices?,3.5,3.25,3.5,4.0,3.5625,3.0,3.0,3.0,3.0,3.5,3.25,3.0,2.5,3.0,3.0,3.0,3.0,3.0,3.0,3.0,3.0,5.0
,evol_instruct,What is the result of the integral \(\int_{0}^{\alpha}d^3\textbf{r}\frac{1}{|\textbf{r}-\textbf{r}'|^{2}}\) over the volume \(r_{x}^{2}+r_{y}^{2}+r_{z}^{2}\leq \alpha^{2}\)?,3.0,3.0,3.5,3.25,3.1875,3.0,3.0,1.0,3.75,3.0,3.0,3.0,3.0,4.5,3.0,3.0,3.0,3.0,3.5,3.0,3.0,3.0
,evol_instruct,How much energy is required to adjust Earth's rotation to make a year 360 days long?,2.75,2.75,3.5,2.5,2.875,1.5,3.0,3.0,4.0,3.0,3.0,3.0,3.0,3.0,3.0,3.0,3.0,3.0,3.0,3.0,3.0,3.0
,evol_instruct,"Choose the appropriate option from the given choices and provide your final answer at the end of the response, enclosed in single angle brackets as follows: <A>.

What is the value of the integral <span class=""math-container"">$$\int_0^1\int_0^1\int_0^1\frac{z}{1-z}\delta(x+y+z-1)dxdydz$$</span>?",3.25,4.0,3.25,2.75,3.3125,3.0,4.75,1.75,3.0,3.0,3.0,3.0,3.0,3.0,3.0,3.0,2.25,3.0,4.5,3.0,3.0,3.0
,evol_instruct,What power can be extracted from a material that interacts with 50% of high-energy neutrinos on Earth?,3.75,4.5,4.5,3.5,4.0625,3.0,3.0,2.0,3.0,3.0,4.5,3.0,3.0,3.0,3.0,3.0,3.0,3.0,4.75,3.0,5.0,3.0
,evol_instruct,What is the small bone found on the beach in Northern Ontario Canada?,4.0,4.0,4.75,3.5,4.0625,2.75,3.0,3.0,4.75,5.0,3.75,3.0,3.0,3.0,3.0,3.0,3.0,3.0,3.0,3.0,3.0,3.0
,evol_instruct,What does the 'V' stand for in ECG electrode names?,4.75,5.0,5.0,4.75,4.875,3.0,3.0,3.0,5.0,5.0,3.0,3.0,3.0,3.0,3.0,3.0,4.5,3.0,3.0,3.0,5.0,3.0
,evol_instruct,What is an alternative URL for the applet mentioned in Example 2.1 of Griffiths' Quantum Mechanics?,4.0,4.75,4.0,4.0,4.1875,3.0,3.0,3.0,3.0,3.0,4.75,4.25,3.0,3.0,3.0,4.0,3.0,3.0,3.0,3.0,3.0,3.75
,evol_instruct,How many geometrical isomers does the complex [Cr(NH3)2Cl2(en)]+ have?,3.5,3.75,3.5,3.75,3.625,3.0,3.0,3.25,3.0,3.0,3.0,3.0,3.0,3.0,3.0,2.0,3.0,3.0,4.25,3.0,3.0,5.0
,evol_instruct,What is the standard electrode potential ($E^\circ$) for the oxidation of $\ce{HOCl}$ to $\ce{ClO3-}$?,4.0,4.25,3.0,4.0,3.8125,3.0,3.0,3.0,4.666666666666667,5.0,3.0,3.0,3.0,3.0,3.0,2.0,3.0,3.0,3.0,3.0,4.666666666666667,3.0
,evol_instruct,"What is the entanglement of formation for the state $\rho=\frac{1}{C} \sum_{a\neq b} \left| \psi_{a,b} \right\rangle \left\langle \psi_{a,b} \right|$?",3.75,4.0,3.5,3.75,3.75,3.0,3.0,3.0,3.0,3.0,3.0,3.25,3.0,3.25,3.0,3.0,3.0,4.25,3.0,3.0,3.0,4.25
,evol_instruct,What is the integral of \( r \) over the square area of the capacitor plates?,3.5,4.25,4.25,3.25,3.8125,3.0,4.5,3.0,3.0,4.5,3.0,3.0,3.0,3.0,3.0,3.25,3.0,3.0,3.0,3.0,3.0,3.0
,evol_instruct,What is the speed of the air required for a toy helicopter with mass 0.30 kg and rotor radius 0.25 m to hover?,2.5,3.0,3.0,2.0,2.625,3.0,3.0,3.0,3.0,3.0,2.5,1.5,3.0,4.75,3.0,3.0,1.75,3.0,3.0,3.0,3.0,3.0
,evol_instruct,What is the mass of Ag formed on the Cu tile after the reaction?,2.5,2.25,2.5,2.75,2.5,3.0,3.0,1.25,3.0,3.0,3.5,3.0,2.5,3.0,3.0,3.0,2.75,3.0,3.0,3.0,3.0,3.0
,evol_instruct,"At the end of your response, put your final answer inside XML-style tags like this: `<final_answer>X</final_answer>`. Choose the most appropriate answer from the options below.

What is the pressure in CGS units given the specific gravity of mercury, density of water, gravity, and height?",3.25,3.5,3.5,3.25,3.375,3.0,5.0,2.0,3.0,3.0,3.0,3.0,3.0,2.5,3.0,4.0,3.0,3.0,3.0,3.0,3.0,3.0
,evol_instruct,What is the concentration of $\ce{Pb^2+}$ and $\ce{Br-}$ when $\ce{PbBr2}$ dissolves in water given $K = 7.9 \times 10^{-5}$?,3.75,4.0,3.25,2.75,3.4375,3.0,3.0,3.0,3.0,3.0,2.5,3.0,3.0,3.0,3.0,2.0,3.0,3.0,3.0,3.0,4.75,4.5
,evol_instruct,What is the correct conversion factor from imperial to metric units for specific fuel consumption?,3.75,4.25,3.5,2.75,3.5625,3.0,3.0,3.0,3.0,3.0,3.0,1.25,3.0,3.0,3.0,3.0,4.0,3.0,4.5,3.0,4.5,3.0
,evol_instruct,"When considering air resistance, during which phase is the horizontal distance covered greater: ascent or descent?",4.0,4.0,4.5,4.0,4.125,3.0,4.0,3.0,3.0,3.0,3.0,4.0,3.0,3.0,3.0,3.0,3.0,3.0,3.0,3.0,4.75,3.75
,evol_instruct,"Does a unit positive charge initially at rest at (1,0) on the circular line of force $x^2+y^2=1$ move along the circular path?",4.25,4.75,4.25,4.25,4.375,3.0,3.0,3.5,3.0,3.0,3.0,3.0,4.75,3.0,3.0,3.0,3.0,4.25,3.0,3.0,5.0,3.0
,evol_instruct,How much volume of 0.145 M HCl is needed to reach a pH of 6.60 in a solution containing 0.024 moles of Na2HPO4 in 0.250 L?,4.0,3.75,3.5,3.5,3.6875,2.5,3.0,3.5,3.0,3.0,3.0,3.0,3.0,5.0,3.0,3.75,3.0,3.0,3.0,3.0,3.0,3.0
,evol_instruct,What acceleration rate is needed for the air near the back window of a car to undergo nuclear fusion?,4.5,5.0,4.5,4.5,4.625,3.0,3.0,3.0,3.0,3.0,4.5,3.0,3.0,3.0,3.0,3.0,3.0,4.25,5.0,4.75,3.0,3.0
,evol_instruct,"Choose the appropriate option from the given choices and provide your final answer at the end of the response, enclosed in single angle brackets as follows: <A>.

What species of insect is shown in the photograph taken near Panna Tiger Reserve in central India?",4.75,5.0,4.75,4.25,4.6875,3.0,3.0,3.0,3.0,3.0,4.5,3.0,4.75,3.0,3.0,3.0,4.75,3.0,3.0,4.75,3.0,3.0
,evol_instruct,What are the current experimental bounds on the gravitational constant $G$?,4.25,4.5,4.5,4.25,4.375,3.0,3.0,3.0,3.0,3.0,5.0,3.0,3.0,3.0,3.0,4.5,3.0,3.0,5.0,3.0,3.0,3.0
,evol_instruct,"Which option is correct?  
Choose exactly one letter from the provided options and place it at the end of your response in the format \boxed{X}, where X is the correct option.  

What is the weight of the required air in kilograms for the combustion of 1.14 kg of octane given the product percentages?",3.75,3.5,4.0,3.75,3.75,2.25,3.0,3.0,3.0,3.0,4.0,3.0,3.0,3.0,3.0,3.0,4.5,3.0,3.0,3.0,4.25,3.0
,evol_instruct,Where can I find a catalog of galaxy maximum velocity and radius data to test the Tully-Fisher Relation?,3.75,3.75,3.5,3.5,3.625,3.0,3.0,3.0,3.0,4.25,3.0,3.0,3.0,2.75,3.0,4.75,3.0,3.0,3.0,3.0,2.75,3.0
,evol_instruct,How much energy would be required to move the Earth's orbit to reduce solar radiation by 1 W/m²?,5.0,5.0,4.75,4.0,4.6875,3.0,4.75,3.0,3.0,4.75,3.0,3.0,3.0,3.0,3.0,3.0,3.0,3.0,4.75,4.5,3.0,3.0
,evol_instruct,What happens to the other bulbs when light bulb L3 is unscrewed?,3.0,2.5,2.5,1.25,2.3125,3.0,3.0,3.0,3.0,4.0,3.0,1.0,3.0,3.0,3.0,2.0,3.0,3.0,3.0,3.0,3.0,2.25
,evol_instruct,"How can the reduced mass of each normal mode be calculated using the vibrational frequencies, displacement vectors, and atomic masses obtained from the Amber MD suite?",4.0,4.5,4.0,3.5,4.0,1.5,3.0,3.0,3.0,3.0,3.0,3.0,3.0,3.0,3.0,3.0,3.0,4.75,4.75,5.0,3.0,3.0
,evol_instruct,What is the time taken for the ball to reach the ground when dropped from a rising balloon at 7 m/s from a height of 60 m?,4.0,4.75,4.5,3.75,4.25,3.0,3.0,3.0,3.0,3.0,3.0,4.0,3.0,3.0,3.0,3.0,3.0,4.5,3.0,4.5,3.0,4.0
,evol_instruct,What is the minimum energy a proton needs to produce Cherenkov radiation in air?,4.75,4.75,3.0,4.75,4.3125,5.0,5.0,4.0,3.0,3.0,3.0,3.0,3.0,3.0,3.0,3.0,5.0,3.0,3.0,3.0,3.0,3.0
,evol_instruct,What is the pH of a 0.050 M solution of NaH2PO3 given pKa1 = 2.0 and pKa2 = 6.58?,4.5,4.25,4.0,4.0,4.1875,3.0,3.0,3.0,3.0,3.0,3.0,3.75,3.5,3.0,4.75,3.0,4.75,3.0,3.0,3.0,3.0,3.0
,evol_instruct,"Answer the following question, and conclude your response with ""(Answer: X)"", where X is one of [A, B, C, D, ...].

What is the name of the tiny insect found in Menorca, Spain?",4.5,5.0,5.0,3.25,4.4375,3.0,4.75,3.0,3.0,3.0,3.0,4.5,3.0,4.25,3.0,4.25,3.0,3.0,3.0,3.0,3.0,3.0
,evol_instruct,Does gravitational force work between two charged particles?,4.25,4.25,3.75,3.5,3.9375,3.0,3.0,3.0,3.0,5.0,3.0,3.0,3.0,4.5,3.0,3.0,3.0,3.0,3.0,3.25,3.0,3.0
,evol_instruct,How does Norway spruce respond to a decrease in soil water?,3.5,4.0,3.5,3.0,3.5,3.0,3.0,3.0,3.0,5.0,3.0,3.0,3.0,3.0,3.0,3.0,2.0,2.5,3.0,3.0,3.0,4.5
,evol_instruct,What constraint is derived from the quaternion factorization in Equation 8.10?,3.75,5.0,4.5,4.25,4.375,3.0,3.0,3.0,3.0,4.75,3.0,3.0,3.0,3.75,3.0,4.0,3.0,3.0,5.0,3.0,3.0,3.0
,evol_instruct,What is the time dilation effect for a GPS satellite relative to an observer at Earth's center?,4.0,4.0,4.0,3.75,3.9375,2.25,3.0,3.0,3.0,3.0,3.0,5.0,3.0,4.25,3.0,3.0,3.0,3.0,3.0,3.0,4.25,3.0
,evol_instruct,What is the frequency of the photon in the lab frame after the decay of a particle of rest mass M into a particle of mass m and a photon?,4.0,2.5,4.0,4.0,3.625,3.0,3.0,3.0,4.75,3.0,3.0,3.0,3.5,3.0,3.0,3.75,3.0,2.5,3.0,3.0,3.0,3.0
,evol_instruct,"Conclude your response with the phrase ""Correct Option: X"", where X is the letter corresponding to the correct choice (e.g., A, B, C, D).",4.0,4.25,4.75,4.25,4.3125,3.25,3.0,4.75,3.0,4.25,5.0,3.0,3.0,3.0,3.0,3.0,3.0,3.0,3.0,3.0,3.0,3.0
,evol_instruct,"What is the approximate interval in years for the alignment of Jupiter, Saturn, and Uranus?",4.25,5.0,4.5,3.75,4.375,3.75,3.0,3.0,3.0,3.0,3.0,3.0,3.0,3.0,3.0,4.75,3.0,4.0,3.0,5.0,3.0,3.0
,evol_instruct,What is the approximate radioactivity in Bq of a thoriated TIG rod?,3.5,4.5,3.75,3.75,3.875,3.0,3.0,3.0,3.0,3.0,3.0,3.0,1.75,4.75,3.0,3.0,3.0,3.0,4.5,3.0,3.0,4.5
,evol_instruct,What is the minimum size an air gap needs to be for significant heat transfer by convection to occur?,4.0,4.75,4.0,3.5,4.0625,3.5,3.0,3.5,3.0,3.0,3.0,3.0,3.0,5.0,3.0,3.0,3.0,3.0,3.0,3.0,3.0,4.25
,evol_instruct,"Which of the following options is correct? Conclude your response by placing the letter of the correct option between double asterisks, as in **A**.

What causes the plateau-like structure around the 477 keV peak in the gamma spectrum?",3.5,4.5,4.0,2.5,3.625,3.75,4.75,1.75,4.25,3.0,3.0,3.0,3.0,3.0,3.0,3.0,3.0,3.0,3.0,3.0,3.0,3.0
,evol_instruct,At what angle during its swing will the pendulum tip have the maximum vertical velocity?,4.25,5.0,4.75,4.25,4.5625,3.0,3.0,3.0,3.0,3.0,3.0,4.5,4.5,3.0,3.0,3.0,3.0,4.25,3.0,3.0,5.0,3.0
,evol_instruct,Where can I find the 1930 physics paper by Viktor Ambartsumyan and Dmitrii Ivanenko on the structure of the atomic nucleus?,4.25,5.0,3.0,4.0,4.0625,3.0,4.666666666666667,3.0,3.0,5.0,3.0,3.0,3.0,3.0,3.0,3.6666666666666665,3.0,3.0,3.0,3.0,3.0,4.333333333333333
,evol_instruct,What is the ratio of the thermal energies transferred to the gas for the processes $1 \rightarrow 3 \rightarrow 2$ and $1 \rightarrow 4 \rightarrow 2$?,3.25,4.25,4.5,4.0,4.0,3.25,3.0,3.0,4.0,3.0,3.0,5.0,3.0,3.0,3.0,3.0,3.75,3.0,3.0,3.0,3.0,3.0
,evol_instruct,What speed minimizes the required proper acceleration for a rocket orbiting at less than 1.5Rs from a black hole?,3.5,4.0,3.25,3.75,3.625,3.0,2.25,3.0,3.0,5.0,3.0,3.0,3.0,4.0,3.0,3.0,3.0,3.0,3.0,3.0,3.25,3.0
,evol_instruct,What amino acids are involved in the binding of dopamine and cocaine to hDAT1?,3.5,2.75,3.5,2.75,3.125,3.0,3.0,3.0,3.0,3.0,3.0,3.0,3.0,3.0,2.25,5.0,2.25,3.0,3.0,3.0,3.0,3.0
,evol_instruct,"Which book provides detailed descriptions of how to perform thousands of modern lab experiments, including the equipment required?",4.25,4.75,4.25,4.0,4.3125,3.0,3.0,3.25,3.0,3.0,5.0,3.0,3.0,3.0,3.0,3.0,3.0,4.75,3.0,3.0,3.0,4.25
,evol_instruct,"Consider the following question carefully and select the most appropriate answer.


What limits the temperature of solar flux concentrators to only 1500°C despite the Sun's temperature being 5500°C?",4.25,4.25,4.75,3.75,4.25,3.0,4.5,3.0,3.0,3.0,3.0,3.75,4.0,3.0,3.0,3.0,3.0,3.0,3.0,3.0,4.75,3.0
,evol_instruct,What is the amount of substance in moles of the limiting reagent in the reaction between 124 g of aluminum and 601 g of iron (III) oxide?,2.0,2.25,2.25,2.0,2.125,1.0,3.0,1.25,3.0,3.0,3.0,1.75,3.0,3.0,3.0,3.0,3.0,3.0,3.0,3.0,4.5,3.0
,evol_instruct,"Which option is correct?  
Place your final answer at the end of the response, enclosed in XML-style tags as follows: `<final_answer>X</final_answer>`.

What is the pH of a solution made by mixing 10.00 mL of 0.10 M acetic acid with 10.00 mL of 0.10 M KOH?",2.0,3.75,4.666666666666667,2.5,3.229166666666667,3.0,3.0,3.0,4.25,3.0,3.0,2.75,3.0,3.0,3.0,1.3333333333333333,3.75,3.0,3.0,3.0,3.0,3.0
,evol_instruct,How much K2HPO4 is needed to convert 50 mL of 0.2M H3PO4 into a pH 7 buffer solution?,2.75,2.75,3.25,2.75,2.875,3.0,3.0,3.0,3.0,4.75,3.0,3.0,3.0,1.75,3.0,3.0,2.5,3.0,3.0,2.5,3.0,3.0
,evol_instruct,"What is the identity of the tiny, bright-green beetles with black heads and three black/yellow stripes found on Granny Bonnet seed heads in Cornwall, UK?",3.75,4.75,4.25,3.0,3.9375,3.0,3.0,2.5,3.0,4.75,3.0,3.0,4.25,3.0,3.0,3.0,3.0,3.0,3.0,3.0,4.25,3.0
,evol_instruct,How many grams of water should be added to 1.00 kg of 1.44m CH3OH(aq) to reduce the molality to 1.00 m CH3OH?,3.5,4.0,4.25,3.5,3.8125,3.0,3.0,3.0,3.0,4.0,2.25,3.0,3.0,3.0,3.0,4.25,3.0,3.0,3.0,3.0,3.0,4.75
,evol_instruct,What is the angle of incidence at the surfaces of the Fresnel rhomb prism?,4.0,5.0,4.75,3.75,4.375,3.0,3.0,3.0,3.0,3.0,4.5,5.0,4.0,4.0,3.0,3.0,3.0,3.0,3.0,3.0,3.0,3.0
,evol_instruct,What is the magnitude of the instantaneous velocity of the object after 4.0 seconds?,3.5,4.75,3.75,3.25,3.8125,2.25,3.0,3.0,3.0,3.0,5.0,3.0,3.0,3.5,3.0,3.0,4.5,3.0,3.0,3.0,3.0,3.0
,evol_instruct,"What volume, in mL, will 5.4 additional moles of gas fill if 2.4 moles fill 175 mL?",4.75,5.0,4.75,4.25,4.6875,3.0,3.0,3.0,3.0,5.0,3.0,4.75,3.0,3.0,3.0,3.0,3.0,3.0,4.75,3.0,3.0,4.25
,evol_instruct,What are the branching fractions for the $\Delta^0$ decay modes into $n + \pi^0$ and $p + \pi^-$?,3.25,3.25,3.5,3.0,3.25,3.0,3.0,3.0,4.0,3.0,3.0,3.0,3.0,4.0,3.0,3.0,2.0,3.0,3.0,3.0,3.0,3.0
,evol_instruct,"How many stereoisomers does 1,2-dimethyl-4-(propan-2-ylidene)cyclopentane have?",4.0,4.25,4.0,4.25,4.125,3.0,3.0,3.0,3.0,5.0,3.0,4.25,3.0,3.0,3.0,3.75,3.0,3.0,3.0,3.5,3.0,3.0
,evol_instruct,What is the factor that appears in the second line of the Liénard-Wiechert E field derivation in Griffiths' text?,4.25,4.5,4.25,3.75,4.1875,2.25,4.75,3.0,3.0,3.0,3.0,3.0,3.0,3.0,3.0,3.0,3.0,4.75,5.0,3.0,3.0,3.0
,evol_instruct,How long was an Earth day near the formation of Earth?,4.25,4.75,4.25,4.0,4.3125,3.25,3.0,3.0,4.75,3.0,4.5,3.0,3.0,3.0,3.0,3.0,3.0,3.0,3.0,3.0,4.75,3.0
,evol_instruct,Why are there only two buffer zones in the pH curve of the titration of $\ce{H3PO4}$ with $\ce{NaOH}$?,4.0,4.5,4.5,4.25,4.3125,3.0,3.0,3.75,4.75,3.0,3.0,4.75,3.0,3.0,3.0,3.0,3.0,4.0,3.0,3.0,3.0,3.0
,evol_instruct,Which basis set in Gamess-US best matches the SDD pseudopotential from Gaussian 09 for strontium?,3.5,4.5,4.666666666666667,3.75,4.104166666666667,3.0,3.0,2.6666666666666665,5.0,3.0,3.0,3.0,3.25,3.0,3.0,3.0,3.0,5.0,3.0,3.0,3.0,3.0
,evol_instruct,What species is the moth with silver eyeglass-shaped markings on its wings found in Southern California?,4.25,4.75,4.75,4.0,4.4375,3.0,3.0,4.75,3.0,3.0,4.0,3.0,3.0,4.25,3.0,3.0,4.75,3.0,3.0,3.0,3.0,3.0
,evol_instruct,What is the highest coordination number that has been observed in a synthesized complex?,3.5,3.25,4.5,3.75,3.75,3.0,3.0,3.0,3.0,5.0,3.0,3.0,3.0,3.0,3.0,4.0,3.0,2.0,4.0,3.0,3.0,3.0
,evol_instruct,What type of bee was found on dried cottonwood leaves in southern Utah?,3.75,5.0,3.75,4.0,4.125,3.0,3.0,3.5,3.0,3.0,3.0,3.0,3.0,3.0,3.0,4.0,3.0,3.0,4.75,4.25,3.0,3.0
,evol_instruct,"Conclude with ""(Answer: X)"", where X is one of [A,B,C,D,...]. Select the most appropriate answer.

What is the recommended orientation for operating a Graham condenser?",3.75,4.5,3.75,3.5,3.875,1.75,3.0,3.0,5.0,3.0,3.0,3.0,3.0,4.25,3.0,3.0,4.5,3.0,3.0,3.0,3.0,3.0
,evol_instruct,"What is the equilibrium constant, \(K_\mathrm{c}\), for the dissociation of \(\ce{N2O4}\) into \(\ce{NO2}\) at 60 °C and 1 atm total pressure, given the equilibrium mole ratio of \(\ce{NO2}\) to \(\ce{N2O4}\) is 2:1?",5.0,5.0,5.0,4.0,4.75,3.0,3.0,3.0,3.0,3.0,3.0,4.75,3.0,5.0,3.0,3.0,3.0,4.75,3.0,3.0,3.0,4.5
,evol_instruct,What is the angle between two equal forces when the magnitude of their resultant is reduced by 20% upon reversing one of the forces?,4.25,3.5,4.25,3.75,3.9375,3.0,3.0,3.0,3.75,4.25,3.0,3.0,3.0,3.0,3.0,3.5,3.0,3.0,3.0,3.0,4.25,3.0
,evol_instruct,"Who discovered something about the dimensions of triangles by hanging a chain around a triangle, as mentioned by Feynman in one of his lectures?",4.75,5.0,3.0,4.5,4.3125,5.0,4.666666666666667,4.333333333333333,3.0,3.0,3.0,3.0,3.0,3.0,3.0,3.0,3.0,3.0,5.0,3.0,3.0,3.0
,evol_instruct,"What is the beam size of the laser beam 2 mm from the fiber tip given NA = 0.59, θ = 36 degrees, and core diameter = 5 mm?",3.0,3.25,3.75,3.0,3.25,3.0,5.0,1.75,3.0,3.0,3.0,3.0,1.5,3.0,3.0,3.0,4.75,3.0,3.0,3.0,3.0,3.0
,evol_instruct,What pigment causes the opaque green coloration in Lepidoptera?,4.75,5.0,4.5,4.5,4.6875,3.0,4.25,3.0,3.0,3.0,3.0,3.0,4.75,3.0,3.0,3.0,3.0,3.0,4.75,5.0,3.0,3.0
,evol_instruct,"What is the area of triangle \(ABC\) in terms of \(a\), \(b\), and \(c\)?",4.75,5.0,5.0,4.75,4.875,3.0,3.0,3.0,3.0,3.0,3.0,3.0,3.0,3.0,3.0,3.0,4.5,5.0,5.0,5.0,3.0,3.0
,evol_instruct,What is the formula for the position of a falling object that accounts for the variation of gravity with distance from the center of the planet?,4.5,5.0,4.25,4.5,4.5625,4.25,3.0,3.0,3.0,3.0,3.0,3.0,3.0,3.0,3.0,3.0,4.25,3.0,3.0,5.0,3.0,4.75
,evol_instruct,Does a massive object increase the volume of space within a container compared to an identical empty container?,3.0,4.0,3.25,3.0,3.3125,1.5,3.0,3.0,3.0,3.0,3.0,3.0,3.0,3.0,3.0,3.0,3.0,4.5,2.25,3.0,5.0,3.0
,evol_instruct,"What is the pH of a 0.1 mM acetate buffer solution after diluting 100 mL to 1 L, given the initial pH is 5.0 and the pKa of acetic acid is 4.75?",4.75,4.5,5.0,3.0,4.3125,3.0,4.25,3.0,4.5,3.0,3.0,3.0,3.0,3.0,3.0,3.0,3.0,4.0,3.0,4.5,3.0,3.0
,evol_instruct,Do distinct points in de Sitter space $S^2_1$ always have a separating totally geodesic spacelike surface?,3.0,2.25,3.25,3.25,2.9375,2.5,3.0,1.5,3.0,3.0,3.0,3.0,3.0,4.0,3.0,3.0,3.0,3.0,3.0,3.75,3.0,3.0
,evol_instruct,"Select the most appropriate answer. Select exactly one letter from the given choices and present the final answer at the end of your response as \boxed{X}, where X is the chosen letter.

What are the two bond angles found in nitrous acid due to its geometric isomers?",4.75,4.75,4.75,4.0,4.5625,3.0,3.0,3.0,4.75,3.0,3.0,4.75,3.0,3.0,3.0,3.0,3.0,4.0,4.75,3.0,3.0,3.0
,evol_instruct,What is the minimum energy of particle A for the reaction to take place?,4.25,3.25,4.5,3.5,3.875,3.0,3.0,3.0,3.0,3.0,3.0,3.0,3.0,3.0,3.0,4.0,3.0,4.0,3.0,4.25,3.0,3.0
,evol_instruct,How is the relation between Euler angles and angular velocity derived to match the given matrix form?,3.75,4.25,4.25,4.0,4.0625,3.75,3.0,3.0,3.0,3.0,3.0,5.0,4.25,3.0,3.0,3.25,3.0,3.0,3.0,3.0,3.0,3.0
,evol_instruct,"What is the force applied to the canal wall by the cargo ship weighing 220,000 tons moving at 12.8 knots?",4.0,4.25,4.25,3.0,3.875,3.0,3.0,3.0,3.0,3.0,3.0,4.0,3.0,3.0,3.0,4.25,3.5,3.0,3.0,3.0,3.0,3.75
,evol_instruct,What function best approximates the atomic mass from the atomic number?,3.75,3.5,3.25,3.25,3.4375,3.0,3.0,3.0,3.0,3.0,3.0,3.75,4.75,3.0,3.0,1.75,3.0,3.0,3.0,3.0,3.0,3.5
,evol_instruct,"How many birds in a population of 630 at Hardy-Weinberg equilibrium would be expected to have either completely red or completely white feathers, given 202 birds have completely red feathers?",3.5,3.25,3.5,3.25,3.375,3.0,3.0,2.0,3.0,3.0,3.0,3.0,3.0,3.5,3.0,3.0,3.0,3.0,3.0,5.0,3.0,3.0
,evol_instruct,What is the isoelectric point (pI) of a tripeptide composed of three lysine residues?,3.25,3.5,3.75,3.25,3.4375,1.0,3.0,3.0,3.0,4.5,3.0,3.0,3.0,3.0,3.0,3.0,4.0,3.0,3.0,4.25,3.0,3.0
,evol_instruct,What is the value of the reaction quotient \( Q \) after the concentration of \( \ce{SO2} \) is doubled?,4.5,4.5,4.75,4.25,4.5,3.0,3.0,3.25,3.0,5.0,3.0,4.75,3.0,3.0,3.0,3.0,3.0,3.0,3.0,3.0,5.0,3.0
,evol_instruct,"For the final answer, place it at the end of your response in the format: The answer is: |X|, where X is the letter corresponding to the correct choice. Select the most appropriate answer.

How many grams of oxygen are in 7 grams of magnesium nitrate (Mg(NO3)2)?",3.5,4.5,3.0,2.0,3.25,3.0,3.0,3.0,3.5,3.0,3.0,1.75,3.0,3.0,3.0,3.0,3.25,4.5,3.0,3.0,3.0,3.0
,evol_instruct,How much ammonium chloride is needed to create a 100 mL buffer with a pH of 9.20 using a 0.1 M ammonia solution?,3.25,4.25,4.666666666666667,2.75,3.729166666666667,3.75,3.0,3.0,3.0,4.75,3.0,3.0,1.3333333333333333,3.0,3.0,4.25,3.0,3.0,3.0,3.0,3.0,3.0
,evol_instruct,Do geostationary satellites require frequent course corrections due to the Moon's gravitational influence?,3.75,4.5,4.5,4.0,4.1875,3.25,3.0,3.0,3.0,4.75,3.0,3.0,3.0,3.0,3.0,4.25,3.0,3.0,4.5,3.0,3.0,3.0
,evol_instruct,How many orientations were computed for each center-of-mass position in the study?,3.75,4.25,4.0,4.0,4.0,3.0,3.0,2.5,3.0,3.0,3.0,3.0,4.0,3.0,3.0,3.0,3.0,3.0,3.0,5.0,3.0,4.5
,evol_instruct,"The final answer must be placed in \boxed{} format at the end of your response.

What is the surface area of the water after the ice cube has melted in a gravity-free room?",3.25,3.0,2.75,2.75,2.9375,3.0,3.0,3.0,3.0,3.0,2.0,3.0,3.0,3.0,2.5,3.0,3.0,3.0,3.25,4.0,3.0,3.0
,evol_instruct,What is the order of magnitude by which the statement about humanity's nuclear weapons being enough to blow up Earth is incorrect?,4.0,4.0,4.75,4.0,4.1875,3.0,3.0,3.0,3.0,3.0,3.0,3.0,3.0,3.0,3.0,3.5,3.0,3.0,4.75,5.0,3.5,3.0
,evol_instruct,What is the name of the effect where shadows bulge towards each other when two shadow-casting objects are placed at different distances from the shadow boundary?,4.0,4.5,4.0,3.75,4.0625,3.5,3.0,3.0,3.0,3.0,3.0,3.0,3.0,3.0,3.0,3.5,3.0,3.0,3.0,5.0,3.0,4.25
,evol_instruct,"What is the correct expression for the time it takes a particle dropped from a height \( h_0 \) above the Earth's surface to reach the surface, considering \( g \) varies with height and \( h_0 \ll R \)?",4.25,5.0,4.75,4.5,4.625,4.0,3.0,3.0,3.0,3.0,3.0,3.0,3.0,3.0,3.0,3.0,3.0,3.0,4.5,5.0,3.0,5.0
,evol_instruct,How can the corner weights of a trapezoid be determined given the total weight and the center of gravity coordinates relative to a datum point?,3.75,4.5,4.0,3.5,3.9375,3.0,3.0,3.0,3.0,3.0,3.0,3.0,2.5,4.25,3.0,3.0,3.0,4.5,3.0,3.0,4.5,3.0
,evol_instruct,What distance can a star be created at to avoid affecting our solar system's gravitational force?,4.25,3.75,4.25,3.75,4.0,4.0,3.0,3.0,3.0,3.0,4.25,3.0,3.0,3.0,3.0,2.75,3.0,3.0,5.0,3.0,3.0,3.0
,evol_instruct,What is the magnitude of the magnetic field for the 1S state according to the classical model?,3.75,3.25,4.0,3.75,3.6875,3.0,3.0,3.0,5.0,4.0,3.0,2.0,3.0,3.0,3.0,3.0,3.0,3.0,3.0,3.75,3.0,3.0
,evol_instruct,"Answer the following question by selecting the most appropriate option after careful consideration. At the end, select one option and write: Option Selected: A/B/C/D/...

How much benzoic acid would be left over after dissolving 1 g in 37 mL of water at 0°C?",3.75,4.25,4.0,3.75,3.9375,3.0,4.25,3.0,3.0,5.0,3.0,3.0,3.0,3.0,3.0,3.0,3.0,3.0,3.5,3.0,3.0,3.0
,evol_instruct,How many photons does a GFP molecule absorb per second at 488 nm?,4.5,4.5,3.5,4.0,4.125,3.0,3.0,4.5,4.0,3.0,3.0,4.0,3.0,3.0,3.0,4.0,3.0,3.0,3.0,3.0,3.0,3.0
,evol_instruct,What is the estimated amount of dark energy in the Universe in joules?,3.75,4.25,3.0,4.25,3.8125,3.0,3.0,3.0,5.0,3.0,3.0,5.0,3.0,3.0,3.0,3.0,3.333333333333333,3.0,3.0,3.0,3.0,3.0
,evol_instruct,"What is the relative speed between two 1-meter sticks traveling towards each other, if 12.5 ns elapse between the alignment of their right ends and the alignment of their left ends in one stick's rest frame?",5.0,4.5,4.75,4.25,4.625,3.0,3.0,3.0,4.75,5.0,3.0,3.0,3.0,3.0,3.0,3.0,3.0,3.75,5.0,3.0,3.0,3.0
,evol_instruct,What is the net change in entropy after removing the partition between two vessels containing ideal gas at different pressures?,5.0,5.0,4.25,4.25,4.625,3.0,3.0,3.0,3.0,3.0,4.75,3.0,3.0,4.75,3.0,3.0,3.0,3.0,3.0,4.5,4.5,3.0
,evol_instruct,"Which of the following is the best answer? Provide the correct option at the end, enclosed in single angle brackets: <A>.

What is the volume of the produced SO2 gas at STP when $3.1\times10^7\ \mathrm{kg}$ coal with $2.4\ \%$ rhombic sulfur is burnt?",4.75,4.5,4.75,4.5,4.625,3.0,3.0,3.0,3.0,5.0,3.0,3.0,4.25,3.0,3.0,3.0,3.0,4.5,3.0,3.0,4.75,3.0
,evol_instruct,What is the pressure required for liquid nitrous oxide to remain liquid at −45 °C?,3.75,3.75,3.75,3.25,3.625,3.0,3.0,1.0,3.0,3.0,3.0,3.0,5.0,3.0,3.0,4.0,4.5,3.0,3.0,3.0,3.0,3.0
,evol_instruct,How high will a bullet travel before falling back to earth if fired straight up at 1200 meters per second with no air resistance?,4.75,5.0,4.75,4.25,4.6875,3.0,3.0,3.0,3.0,5.0,3.0,3.0,3.0,3.0,3.0,3.0,3.0,3.0,4.25,5.0,3.0,4.5
,evol_instruct,What is the atmospheric pressure at the elevation where water boils at 98°C?,4.0,5.0,4.0,3.25,4.0625,3.0,3.0,3.0,2.75,4.5,3.0,3.0,3.0,3.0,3.0,3.0,3.0,3.0,4.5,3.0,3.0,4.5
,evol_instruct,What species is this small spider found in rural central Virginia?,2.0,3.0,3.25,2.25,2.625,3.0,3.0,3.0,3.0,3.0,3.25,3.0,4.25,3.0,3.0,3.0,3.0,3.0,1.0,3.0,3.0,2.0
,evol_instruct,What temperature adjustment should be made to the glass substrate to ensure only direct deposition of solid ice occurs?,4.25,4.25,4.25,3.5,4.0625,3.0,4.75,3.0,3.0,3.0,3.75,3.0,3.0,3.0,3.0,3.0,3.0,3.0,3.0,3.75,4.0,3.0
,evol_instruct,What is the expression for the energy operator according to Wikipedia?,3.5,5.0,4.5,3.5,4.125,3.0,3.0,3.0,3.0,3.0,4.25,4.25,3.0,3.0,3.0,3.0,4.0,3.0,3.0,3.0,4.0,3.0
,evol_instruct,What is the correct theoretical formula for the hyperfine splitting energy of neutral hydrogen (21 cm line)?,3.75,4.5,3.0,3.75,3.75,2.0,3.0,3.0,3.0,4.25,4.5,3.0,3.0,3.0,3.0,3.0,3.0,4.25,3.0,3.0,3.0,3.0
,evol_instruct,What is the initial acceleration of the train when the track becomes horizontal?,3.25,3.25,3.0,2.5,3.0,3.0,3.0,3.0,4.666666666666667,3.0,3.0,3.0,3.0,3.0,3.0,1.0,3.0,3.333333333333333,3.0,3.0,3.0,3.0
,evol_instruct,What type of plant is this with a stem similar to a banana found in South India?,4.5,5.0,4.5,4.75,4.6875,3.0,4.5,3.0,3.0,3.0,3.0,3.0,3.0,4.5,3.0,3.0,3.0,5.0,4.75,3.0,3.0,3.0
,evol_instruct,How much weight do I need to lose to increase my jump height to 123 inches?,2.25,3.0,2.5,3.0,2.6875,3.0,3.0,3.0,3.0,3.0,3.0,3.0,3.0,3.0,1.75,3.25,3.0,3.0,3.0,3.0,3.0,2.75
,evol_instruct,What causes the wavelike patterns in rainwater flowing down a sloped pavement?,4.75,5.0,4.75,4.25,4.6875,4.5,3.0,4.25,3.0,3.0,3.0,3.0,3.0,3.0,3.0,3.0,3.0,3.0,3.0,5.0,3.0,5.0
,evol_instruct,Does the extra 93 million base pairs in the X chromosome contribute a noticeable weight difference between males and females with a similar number of cells?,3.5,2.5,3.25,3.25,3.125,2.75,3.0,2.0,3.0,3.0,3.0,3.0,3.0,3.0,3.0,4.25,3.0,3.0,3.0,3.5,3.0,3.0
,evol_instruct,"What is the least time required for a train to travel 4 km, starting and ending at rest, with a maximum acceleration of 1.5 m/s² and a maximum deceleration of -6 m/s²?",2.5,3.5,2.5,2.5,2.75,3.0,3.0,3.0,3.0,3.0,3.0,2.5,3.0,4.0,3.0,3.0,3.0,3.0,2.75,3.0,3.0,1.75
,evol_instruct,What is the approximate bond angle around the nitrogen atom in methyl isocyanate?,4.0,4.25,3.25,4.5,4.0,3.0,4.25,3.0,3.0,3.0,3.0,4.0,3.0,3.0,3.0,3.0,3.0,3.0,3.0,3.0,4.25,3.5
,evol_instruct,What type of spider is shown in the image from southern Illinois?,3.5,3.5,4.0,3.75,3.6875,3.0,3.0,2.75,3.0,5.0,4.0,3.0,3.0,3.0,3.0,3.0,3.0,3.0,3.0,3.0,3.0,3.0
,evol_instruct,What speed did the character achieve when jumping from the Moon to Earth in 10 seconds?,4.25,4.75,4.0,4.0,4.25,3.0,4.5,3.0,3.0,5.0,3.0,3.0,3.0,3.0,3.0,3.0,3.0,3.0,3.0,3.0,4.5,3.0
,evol_instruct,What is the transparent liquid found in gel pen refills called?,3.5,4.5,4.0,4.5,4.125,3.0,2.75,3.0,3.0,3.0,3.0,4.5,4.25,3.0,3.0,3.0,3.0,3.0,5.0,3.0,3.0,3.0
,evol_instruct,How much older would astronauts be after 17 years on the International Space Station due to relativistic effects?,4.75,5.0,3.0,4.0,4.1875,4.333333333333333,3.0,3.0,3.0,3.0,5.0,3.0,3.0,3.0,3.0,4.333333333333333,3.0,3.0,3.0,3.0,3.0,4.666666666666667
,evol_instruct,"What species of moth is depicted in the low-resolution image taken from JU campus, Savar?",4.0,4.0,4.0,3.75,3.9375,3.0,3.0,3.0,3.0,3.0,3.0,4.75,3.0,3.0,3.0,3.0,3.0,4.0,3.0,3.0,3.0,4.0
,evol_instruct,"Which of the following options is correct?  
Indicate the correct letter at the end of your response, formatted as `Correct Letter: [X]`. For example: Correct Letter: [B].

What species of jellyfish is commonly found in the Chonburi area of Thailand and has a painful but non-lethal sting?",4.75,5.0,3.0,4.5,4.3125,4.333333333333333,3.0,3.0,3.0,3.0,3.0,3.0,3.0,5.0,3.0,3.0,3.0,3.0,3.0,4.666666666666667,5.0,3.0
,evol_instruct,"In Observer C's frame, is the time gap between the light reaching B and B meeting C larger than \dfrac{L}{4c}?",2.75,3.25,3.0,2.5,2.875,3.0,3.0,3.0,3.0,3.0,3.0,4.25,3.0,3.0,3.0,3.0,1.25,3.0,3.0,3.0,3.0,3.0
,evol_instruct,How many teeth do African wild dogs typically have?,4.25,5.0,4.25,4.0,4.375,3.75,4.25,3.0,3.0,5.0,4.5,3.0,3.0,3.0,3.0,3.0,3.0,3.0,3.0,3.0,3.0,3.0
,evol_instruct,"Answer the following question by thinking through it step by step and choosing the most appropriate option. Make sure to put your final answer in \boxed{} format at the end of your response. This is important—always use this format for the last answer.

What is the final speed of a bullet shot vertically due to friction?",4.5,5.0,4.75,4.25,4.625,3.0,4.25,3.0,5.0,3.0,3.0,3.0,3.0,3.0,3.0,3.0,3.0,4.25,3.0,3.0,5.0,3.0
,evol_instruct,"In the derivation of the Lorentz Transformation, how is the relationship between coefficients D and A determined?",3.5,4.0,5.0,3.5,4.0,3.0,3.0,1.0,3.0,3.0,4.5,3.0,3.0,3.0,3.0,3.0,4.5,3.0,3.0,5.0,3.0,3.0
,evol_instruct,"What species is this slender, tail-like spider found in Cavite, Philippines?",4.5,4.5,4.75,4.0,4.4375,3.75,3.0,3.0,3.0,3.0,4.5,4.5,3.0,3.0,3.0,3.0,5.0,3.0,3.0,3.0,3.0,3.0
,evol_instruct,"Check out the multiple-choice question below and pick the best answer by selecting the corresponding letter. Choose just one option.

What will be the final temperature when 500ml of 20°C tap water is poured into a 730g glass initially at -18°C?",4.75,4.5,4.75,4.5,4.625,3.0,3.0,3.0,3.0,3.0,4.0,3.0,3.0,5.0,3.0,4.5,3.0,3.0,3.0,3.0,5.0,3.0
,evol_instruct,What is the number of chromosomes in an Adélie penguin (Pygoscelis adeliae)?,4.25,4.75,4.75,4.5,4.5625,3.0,3.0,3.75,3.0,3.0,3.0,4.75,3.0,3.0,3.0,3.0,3.0,3.0,3.0,3.0,5.0,4.75
,evol_instruct,What would be the radius of a sphere containing all ordinary matter in the universe if it had the density of a neutron star?,4.75,4.75,4.5,4.5,4.625,3.0,3.0,4.0,5.0,3.0,3.0,3.0,3.0,3.0,3.0,3.0,3.0,3.0,3.0,5.0,3.0,4.5
,evol_instruct,What is the correct IUPAC name for the compound with a carboxyl group and a ketone-substituted ether group?,4.25,3.5,4.0,4.0,3.9375,3.0,3.0,2.75,3.0,4.25,4.75,3.0,3.0,3.0,3.0,3.0,3.0,3.0,3.0,3.0,3.0,4.0
,evol_instruct,Does a full English translation of Smoluchowski's 1906 paper on Brownian motion exist?,3.25,3.5,4.0,3.5,3.5625,3.0,3.0,2.75,3.0,3.0,3.0,3.25,4.25,3.0,3.0,3.0,3.0,4.0,3.0,3.0,3.0,3.0
,evol_instruct,"Conclude your response with: Correct Answer >> [A/B/C/D/...]. Select the correct option from those provided.

What is a reference for a basis-independent formulation of tensor networks?",3.0,4.25,3.333333333333333,4.0,3.6458333333333335,3.0,2.25,3.0,3.0,3.0,3.0,3.0,4.0,3.0,3.0,3.0,3.0,4.5,3.0,3.0,3.0,4.0
,evol_instruct,For how long has the condition $\Omega_{M}+\Omega_{\Lambda}=1=\Omega_{\text{total}}$ been valid in the universe's history?,3.5,4.5,4.5,3.25,3.9375,4.0,3.0,3.0,5.0,3.0,3.0,3.0,3.0,3.0,3.0,3.0,3.0,3.0,3.25,3.0,3.5,3.0
,evol_instruct,What coordinate transformation reduces the given metric $$ds^2=-r^2dt^2+dr^2$$ to the two-dimensional Minkowski metric?,3.75,4.25,4.25,4.0,4.0625,3.0,3.0,3.0,3.0,3.0,3.0,2.75,3.0,3.0,3.0,4.0,3.0,3.0,4.75,4.75,3.0,3.0
,evol_instruct,What is the approximate oscillation distance of air particles when a 100Hz sine wave at 75db travels through air at sea-level pressure?,4.0,5.0,4.0,4.0,4.25,3.0,3.0,3.0,3.0,3.0,3.0,5.0,3.0,3.0,3.0,3.0,3.75,3.0,3.0,4.25,3.0,4.0
,evol_instruct,"The final answer must be placed in \boxed{} format at the end of your response.

What is the integral of \( r \) over the square area of the capacitor plates?",4.5,5.0,5.0,4.5,4.75,3.0,3.0,3.0,5.0,5.0,3.0,3.0,3.0,3.0,3.0,3.0,4.5,3.0,3.0,3.0,4.5,3.0
,evol_instruct,How many generations does it take for the median descendant to have 0 base pairs inherited from an ancestor?,4.0,4.0,4.25,3.75,4.0,3.0,3.0,3.0,3.0,3.0,2.75,3.0,3.0,4.75,3.0,3.0,4.25,3.0,3.0,4.25,3.0,3.0
,evol_instruct,What is the approximate charge on the balloon used to levitate it 15 cm below a rod with a charge of +350 nC?,3.25,4.25,4.25,4.0,3.9375,2.75,3.0,3.0,5.0,3.0,3.0,4.25,3.0,3.0,3.0,3.0,3.75,3.0,3.0,3.0,3.0,3.0
,evol_instruct,How much silver (Ag) is plated out when 7.5 g of zinc (Zn) dissolves in a series of electrolytic cells?,3.75,4.25,4.5,4.25,4.1875,3.0,3.0,3.0,4.75,3.0,3.75,3.0,3.0,3.0,3.0,4.25,3.0,3.0,4.0,3.0,3.0,3.0
,evol_instruct,What size telescope aperture would theoretically be needed to see the lunar module or footprints on the moon from Earth?,4.0,4.5,4.0,4.0,4.125,4.0,3.0,2.5,3.0,3.0,3.0,3.0,3.0,5.0,3.0,3.0,3.0,3.0,5.0,3.0,3.0,3.0
,evol_instruct,What will be the size of the observable universe in 4 billion years?,4.5,4.75,4.25,4.5,4.5,3.0,3.0,4.0,3.0,3.0,4.5,3.0,3.0,3.0,3.0,3.0,3.0,4.75,4.75,3.0,3.0,3.0
,evol_instruct,What is the pH of the resulting solution when 30.58 cm³ of 0.2855 mol dm⁻³ HCl and 29.41 cm³ of 0.2971 mol dm⁻³ KOH are mixed and diluted to 250 cm³?,3.5,3.5,3.5,3.0,3.375,2.75,3.0,3.0,3.0,3.0,2.75,3.0,3.0,3.0,3.0,3.0,5.0,3.0,3.0,3.0,3.0,3.0
,evol_instruct,"Consider the following question carefully and select the most appropriate answer.


At what angle during its swing will the pendulum tip have the maximum vertical velocity?",4.5,4.0,3.0,3.75,3.8125,3.0,3.0,3.0,3.6666666666666665,3.6666666666666665,3.0,4.666666666666667,3.0,3.0,3.0,3.0,3.0,3.0,3.0,4.333333333333333,3.0,3.0
,evol_instruct,What type of tree bears orange fruits that grow in pairs and extend horizontally?,3.5,4.75,4.5,4.25,4.25,3.0,3.0,3.0,3.0,5.0,3.0,3.75,3.0,3.0,3.0,3.0,3.0,3.0,4.0,4.25,3.0,3.0
,evol_instruct,What is the correct IUPAC name for the given compound?,3.0,2.25,2.75,2.25,2.5625,4.5,3.5,1.25,3.0,3.0,3.0,3.0,3.0,3.0,3.0,3.0,1.0,3.0,3.0,3.0,3.0,3.0
,evol_instruct,How do you determine the value of $x$ in $\ce{Zn(ClO3)2. $x$H2O}$ given that the compound contains $21.5\%$ zinc by mass?,3.25,3.5,4.25,3.0,3.5,3.0,3.0,3.0,3.0,5.0,3.0,3.0,4.75,3.0,3.0,1.5,3.0,3.0,3.0,3.0,3.0,2.75
,evol_instruct,"Which option do you think is the most accurate?

What is the entropy change when 100 gm of lead at 100°C is mixed with 200 gm of water at 20°C?",3.75,3.75,2.75,3.5,3.4375,3.0,3.0,3.0,3.0,4.5,2.5,3.0,3.0,3.0,3.0,3.0,3.0,3.0,3.25,3.0,3.0,3.5
,evol_instruct,"Can a stable electron ""star"" exist where gravitational pull balances electromagnetic repulsion?",4.75,4.25,4.5,3.5,4.25,4.5,3.0,4.25,3.0,3.0,3.75,3.0,3.0,3.0,3.0,3.0,3.0,3.0,4.5,3.0,3.0,3.0
,evol_instruct,"In which direction should you look before dawn to see Comet Lovejoy from Christchurch, New Zealand?",4.0,4.75,4.25,3.75,4.1875,3.75,3.0,3.0,5.0,3.0,3.0,3.0,3.0,4.0,3.0,3.0,4.0,3.0,3.0,3.0,3.0,3.0
,evol_instruct,"What is the value of \( df^{ik} df^*_{ik} \) according to Landau & Lifshitz's ""Classical theory of fields""?",2.5,4.0,3.5,2.5,3.125,3.0,1.5,3.0,3.0,3.0,3.0,3.0,3.0,3.0,3.0,3.0,3.0,3.0,3.0,3.0,4.5,3.5
,evol_instruct,What is the risk of asteroid 2012 DA14 hitting the moon or a geostationary satellite?,3.5,3.5,4.666666666666667,3.25,3.729166666666667,3.0,4.75,3.25,3.0,3.0,3.0,3.0,1.0,3.0,3.0,3.0,3.0,3.0,5.0,3.0,3.0,3.0
,evol_instruct,What species of moth is depicted in the image taken in South Korea?,4.0,4.0,4.0,4.25,4.0625,3.0,3.0,3.0,3.0,3.0,3.0,3.0,3.0,3.0,3.0,3.0,4.0,4.5,3.0,3.0,4.75,3.0
,evol_instruct,What launch vehicle is proposed for new ISS sections after the Space Shuttle's retirement?,3.5,4.0,4.0,3.5,3.75,2.25,3.0,3.0,3.0,3.0,3.0,3.0,3.0,3.0,3.0,4.75,3.0,3.25,4.75,3.0,3.0,3.0
,evol_instruct,"End your response with the correct choice enclosed like this: <<A>>.

What are the equilibrium concentrations of all components in the water gas shift reaction when 0.3815 mol of CO and H2O are mixed in a 250 mL flask at a temperature where Kc = 3.491?",3.5,4.25,3.75,3.75,3.8125,5.0,3.0,3.0,4.75,3.0,4.25,3.0,1.25,3.0,3.0,3.0,3.0,3.0,3.0,3.0,3.0,3.0
,evol_instruct,How many aldehydes and ketones can be formed from the molecular formula C5H10O?,2.75,3.25,3.5,3.0,3.125,3.0,3.0,1.75,3.0,4.25,3.0,2.25,3.0,3.0,3.0,3.0,3.0,3.0,3.0,3.0,3.0,4.25
,evol_instruct,"A multiple-choice question follows. Choose the most appropriate response.

What experiment provides evidence that electrons interfere with each other, not just themselves?",4.5,4.75,4.5,3.75,4.375,3.0,4.0,3.0,3.0,3.0,3.0,3.0,3.0,3.0,3.0,3.0,4.25,3.0,3.0,4.75,3.0,4.5
,evol_instruct,"What is the expectation value $\bigg\langle \frac{1}{|\mathbf r_1-\mathbf r_2|} \bigg\rangle$ for the ground-state of the He atom given the wave function $\psi_0(r_1,r_2) = \frac{8}{\pi a^3}e^{-2(r_1+r_2)/a}$?",4.75,5.0,4.75,4.75,4.8125,3.0,3.0,3.0,5.0,3.0,5.0,3.0,5.0,3.0,3.0,3.0,3.0,3.0,3.0,3.0,3.0,4.25
,evol_instruct,What is the percentage increase in the wild population of C. hoodensis tortoises from 1963 to the present?,3.25,4.0,3.5,4.0,3.6875,3.0,3.0,2.5,3.0,3.0,3.0,3.0,3.0,3.75,3.0,3.0,3.0,3.0,3.0,4.25,4.25,3.0
,evol_instruct,Does the pace of time differ between a person sitting on a high chair at 400 km altitude and a person in a satellite orbiting at the same altitude?,4.0,4.5,4.0,3.5,4.0,3.25,3.0,3.0,3.0,5.0,3.0,3.0,3.0,3.0,3.0,3.5,3.0,3.0,3.0,3.0,4.25,3.0
,evol_instruct,"What bird is heard in this late evening sound recording from Port Townsend, Washington?",2.75,3.25,2.75,2.25,2.75,3.0,3.0,3.0,3.0,3.75,3.0,3.0,3.0,3.0,3.0,3.0,1.0,3.0,3.0,3.0,3.25,3.0
,evol_instruct,What is the center of mass of a solid sphere with a spherical cavity?,5.0,4.75,5.0,4.75,4.875,3.0,5.0,3.0,3.0,5.0,3.0,3.0,3.0,3.0,3.0,3.0,3.0,3.0,4.5,3.0,5.0,3.0
,evol_instruct,"At the end of your response, provide the final answer by placing the selected letter within double parentheses: ((A)).",4.0,4.0,4.0,3.75,3.9375,3.0,3.0,4.0,3.0,5.0,2.0,3.0,3.0,3.0,4.75,3.0,3.0,3.0,3.0,3.0,3.0,3.0
,evol_instruct,What is the width of the slit for which the spot size on a screen 0.5 m away would be minimum when a beam of electrons with energy 0.025 eV passes through it?,2.5,2.25,1.5,1.75,2.0,1.25,3.0,1.25,3.0,3.0,3.0,3.0,3.0,3.0,3.0,3.0,3.0,3.5,3.0,3.0,3.0,2.0
,evol_instruct,"Please review the question thoroughly and select the most appropriate option by providing the corresponding letter.

Was carrying a small amount of uranium for several years likely to cause significant health issues?",4.5,4.75,4.25,3.75,4.3125,3.5,3.0,3.0,3.0,4.75,3.0,3.0,3.0,3.0,3.0,4.25,3.0,3.0,4.75,3.0,3.0,3.0
,evol_instruct,"What is the orthogonal linear combination of orthonormal eigenstates A and B to the given molecular orbital 0.145A + 0.844B, considering a superposition integral S = 0.250?",4.0,3.0,3.75,4.0,3.6875,3.0,3.0,3.0,3.0,4.25,3.75,3.0,3.0,3.5,3.0,3.25,3.0,3.0,3.0,3.0,3.0,3.0
,evol_instruct,How many bits are encoded on the event horizon of a 1 km radius black hole?,3.25,2.0,3.75,3.5,3.125,2.25,4.0,3.0,3.0,3.0,3.0,3.0,3.0,3.0,3.0,3.0,3.0,3.0,3.0,3.0,3.0,3.25
,evol_instruct,"End your response with the final answer on a new line in the format: Response: X, where X is the letter of the correct choice.

What is the molecular symmetry of dinitrogen tetroxide (N2O4)?",3.5,3.25,4.25,3.75,3.6875,3.0,3.0,3.0,3.75,3.0,3.0,3.0,3.0,4.25,3.0,3.5,3.25,3.0,3.0,3.0,3.0,3.0
,evol_instruct,"Are there amphoteric substances that skip a protonation state, resulting in pKa2 < pKa1?",5.0,5.0,5.0,5.0,5.0,3.0,3.0,3.0,3.0,5.0,3.0,5.0,3.0,3.0,3.0,3.0,3.0,3.0,3.0,5.0,5.0,3.0
,evol_instruct,"How many ways can 6 particles be arranged to achieve a total energy of 9, given the possible energy states?",3.75,3.75,3.5,3.5,3.625,2.25,3.0,3.0,3.0,3.0,4.5,4.75,3.0,3.0,3.0,3.0,3.0,3.0,3.0,3.0,3.0,3.0
,evol_instruct,What is the transformation law for the coordinate \( z \) on a torus under modular transformation?,3.75,4.5,4.0,4.0,4.0625,3.0,4.25,3.5,3.0,3.0,3.0,3.0,4.5,3.0,3.0,3.0,4.0,3.0,3.0,3.0,3.0,3.0
,evol_instruct,What is the equilibrium constant (in M^3) for the dissolution of calcium fluoride (CaF2) given its solubility is 15.9 mg/L?,4.75,4.75,4.25,4.0,4.4375,3.0,3.0,3.0,3.0,4.75,3.0,5.0,3.75,3.0,3.0,3.0,3.0,4.25,3.0,3.0,3.0,3.0
,evol_instruct,How much CO2 is produced when 6 kg of n-heptane (C7H16) is completely combusted?,2.75,4.0,3.0,2.5,3.0625,1.75,3.0,3.0,5.0,3.0,3.0,3.0,2.0,3.0,3.0,3.0,3.0,3.5,3.0,3.0,3.0,3.0
,evol_instruct,What is the weight of a 2cc glass pharmaceutical flame sealed ampoule?,3.0,4.0,2.25,3.5,3.1875,2.75,3.0,3.0,3.0,3.0,3.0,3.75,3.0,3.0,3.0,3.5,2.75,3.0,3.0,3.0,3.0,3.0
,evol_instruct,"What must be the initial speed of the first ball so that both balls hit the ground at the same time, given the height of the building is 20.00 meters and the second ball is dropped 1.00 second later?",3.75,4.25,3.25,3.5,3.6875,3.0,3.0,1.75,4.25,3.0,3.0,3.0,3.0,4.25,3.0,3.0,3.0,3.0,3.0,4.5,3.0,3.0
,evol_instruct,What is the acceleration of the red block in the pulley system?,3.5,4.25,3.75,3.75,3.8125,4.0,3.0,3.0,3.0,4.75,3.0,3.0,3.0,3.0,3.0,4.5,3.0,3.0,3.0,3.0,3.0,2.0
,evol_instruct,Would light appear darker if it travels slower inside a conductor?,4.5,5.0,4.75,4.25,4.625,3.0,3.0,3.0,3.0,3.0,3.0,5.0,3.0,4.75,3.0,3.0,4.5,3.0,3.0,3.0,3.0,4.25
,evol_instruct,"Choose the best answer from the options given. End your response by putting the correct option letter in double asterisks, like **A**.

In a damped oscillation with damping force \( F = -bu \), where does the maximum velocity occur?",3.5,3.75,3.5,3.25,3.5,3.0,3.0,3.0,3.0,3.0,3.0,3.0,3.0,4.75,3.0,3.25,3.0,3.0,2.25,3.0,3.75,3.0
,evol_instruct,How much water mass will condense out of 1 m³ of 60% humid air initially at 30°C when cooled to 5°C?,4.5,5.0,5.0,4.25,4.6875,4.0,3.0,3.0,3.0,3.0,3.0,5.0,3.0,3.0,3.0,5.0,3.0,4.75,3.0,3.0,3.0,3.0
,evol_instruct,What is the charge on the metal ions if a current of 0.50 A for 30 minutes yielded 0.700 g of a metallic element with a relative atomic mass of 150.0?,4.25,4.5,3.5,4.25,4.125,3.0,2.75,3.0,3.0,3.0,3.0,5.0,3.0,3.0,3.0,3.0,3.0,3.0,3.0,4.25,4.5,3.0
,evol_instruct,"What is the concentration of the HCl solution when 27.59 mL of it is added to a solution containing 1.265 g of ACES-K+ dissolved in 88.42 mL of water, resulting in a pH of 6.54?",3.75,4.75,4.25,3.75,4.125,3.0,3.0,3.0,3.0,3.0,3.0,3.0,3.0,3.25,3.0,3.0,3.0,3.0,4.5,3.0,4.25,4.5
,evol_instruct,Will the pattern of anisotropies in the cosmic microwave background (CMB) change measurably in another 14 billion years?,5.0,5.0,4.5,4.5,4.75,3.0,3.0,3.0,3.0,5.0,3.0,4.75,3.0,3.0,3.0,3.0,4.5,3.0,3.0,4.75,3.0,3.0
,evol_instruct,What is the pH of the solution when 0.05 L of 0.3 M acetic acid is mixed with 75 mL of 0.02 M HCl?,4.0,4.25,3.75,3.75,3.9375,3.0,3.0,3.0,3.0,4.0,5.0,3.0,1.75,3.0,3.0,3.0,5.0,3.0,3.0,3.0,3.0,3.0
,evol_instruct,How many child terms are associated with the GO term 'heart development' (GO:0007507) in QuickGO?,4.5,4.25,4.5,4.25,4.375,3.0,3.0,4.25,3.0,3.0,4.5,3.0,3.0,3.0,3.0,3.0,3.75,3.0,3.0,5.0,3.0,3.0
,evol_instruct,What large bee-like insect was observed nesting in a rock cairn at the peak of Mount Eisenhower in the White Mountains?,3.5,3.0,3.0,3.75,3.3125,3.0,3.0,3.0,3.0,3.0,3.0,3.0,3.0,3.0,3.0,3.0,3.0,5.0,3.0,3.0,3.0,2.25
,evol_instruct,What is the minimum angular speed required for the Earth to make a body fly off its surface at the equator?,4.0,4.0,3.5,2.5,3.5,3.0,3.0,2.75,4.5,3.0,3.0,3.0,3.0,2.5,3.0,3.0,4.25,3.0,3.0,3.0,3.0,3.0
,evol_instruct,What is the scientific name of the orange and black flying beetle found on Rangoon creeper?,3.5,2.75,3.0,3.75,3.25,3.5,3.0,3.0,3.0,2.5,3.0,3.0,3.0,4.5,3.0,3.0,3.0,3.0,3.0,3.0,3.0,2.5
,evol_instruct,What is the volume of the Planck mass of hydrogen gas at normal conditions?,4.5,4.25,3.0,4.0,3.9375,3.0,3.6666666666666665,3.0,3.0,4.333333333333333,4.0,3.0,3.0,3.0,3.0,3.0,3.0,3.0,3.0,5.0,3.0,3.0
,evol_instruct,How much energy is required to theoretically convert 1 liter of water into hydrogen and oxygen through electrolysis?,3.75,3.5,3.5,3.0,3.4375,3.0,3.0,3.0,4.75,3.0,3.0,3.0,1.0,3.0,3.0,3.25,3.0,3.0,3.0,3.0,3.0,4.75
,evol_instruct,"What does the light ray connecting the events $(t' = 0, x' = a)$ and $(t' = a, x' = 0)$ imply about the relationship between $\alpha$ and $\sigma$?",2.25,2.5,2.25,1.75,2.1875,3.0,3.0,3.0,3.0,3.0,3.0,3.0,3.0,4.5,3.0,1.0,1.75,3.0,1.5,3.0,3.0,3.0
,evol_instruct,"What is the probability that the system is in the state \(\psi=(1,0,0)^T\) at time \(t\)?",4.0,4.5,4.25,4.0,4.1875,3.0,3.0,3.0,3.0,3.0,3.0,2.75,4.25,3.0,3.0,3.0,3.0,3.0,5.0,3.0,3.0,4.75
,evol_instruct,What is the estimated time for an electron to fall onto the nucleus according to the Rutherford model?,4.25,5.0,4.25,4.5,4.5,3.0,3.0,3.0,3.0,5.0,3.0,3.0,4.25,3.0,3.0,3.0,3.0,4.25,3.0,4.5,3.0,3.0
,evol_instruct,"At the end of your response, put your final answer inside XML-style tags like this: `<final_answer>X</final_answer>`. Choose the most appropriate answer from the options below.

How do you calculate the Matsubara sum for a second-order pole in the Green's function?",4.5,5.0,4.75,4.25,4.625,3.0,4.25,3.0,3.0,3.0,4.75,3.0,3.0,3.0,3.0,3.0,3.0,3.0,3.0,3.0,4.75,4.75
,evol_instruct,What theoretical requirement ensures the relative sign difference between charged leptons and up-type quarks in QFT?,3.5,3.75,2.5,2.5,3.0625,3.0,3.0,3.0,3.0,3.0,3.0,3.0,3.0,3.0,3.0,4.5,2.75,2.0,3.0,3.0,3.0,3.0
,evol_instruct,At what temperature can the reaction 4Al + 3CO2 -> 2Al2O3 + 3C occur?,3.75,4.5,4.25,3.5,4.0,3.0,3.0,3.75,3.0,3.0,3.0,3.0,2.75,3.0,3.0,3.0,3.0,3.0,3.0,3.0,4.75,4.75
,evol_instruct,Which isotope is stable in its neutral state but decays via beta emission when fully ionized?,3.0,3.75,3.5,2.75,3.25,1.75,3.0,3.0,3.0,3.0,3.0,4.5,4.5,3.0,3.0,3.0,3.0,3.0,3.0,3.0,3.0,2.25
,evol_instruct,Which software can be used to color chemical bonds based on strain values from a data file?,3.0,2.0,2.25,2.25,2.375,3.0,5.0,3.0,3.0,3.0,3.0,1.5,3.0,3.0,3.0,1.75,3.0,1.25,3.0,3.0,3.0,3.0
,evol_instruct,"What is the name of the sea creature found on the beach in North Devon, UK?",2.75,4.25,4.25,3.5,3.6875,3.0,3.0,3.0,3.0,5.0,2.75,3.0,3.0,3.0,3.0,3.0,4.25,2.75,3.0,3.0,3.0,3.0
,evol_instruct,"What is the name of the greyish, long-shelled insect commonly seen climbing walls in west India?",2.25,2.0,3.0,1.25,2.125,3.0,3.0,3.0,3.0,3.0,3.0,3.0,1.25,3.0,3.0,3.0,2.5,3.0,3.0,3.0,3.0,1.75
,evol_instruct,What is the basic reproduction number of the given SAIQR model using the next-generation matrix method?,3.75,4.5,4.0,3.25,3.875,3.0,3.0,3.0,5.0,3.0,3.0,4.5,3.0,2.0,3.0,4.0,3.0,3.0,3.0,3.0,3.0,3.0
,evol_instruct,What is the reason answers 4 and 7 are marked as true in the given context?,2.5,2.5,1.75,2.5,2.3125,3.0,4.75,1.5,3.0,3.0,3.0,3.0,2.0,3.0,3.0,3.0,1.0,3.0,3.0,3.0,3.0,3.0
,evol_instruct,"Consider the following question carefully and select the most appropriate answer.


How can the integral \( G(R) \) be evaluated using contour deformation in the complex plane?",4.75,5.0,3.0,3.25,4.0,3.0,3.0,3.0,3.0,3.0,3.0,4.333333333333333,4.666666666666667,3.0,3.0,4.0,4.333333333333333,3.0,3.0,3.0,3.0,3.0
,evol_instruct,What is the terminal velocity of a 1 μm diameter spherical object in air?,4.75,5.0,4.75,4.5,4.75,3.0,4.25,3.0,3.0,5.0,3.0,3.0,3.0,3.0,3.0,3.0,3.0,3.0,4.75,5.0,3.0,3.0
,evol_instruct,What is the solubility equilibrium constant for silver bromide determined using the given galvanic cell?,4.0,3.75,3.0,3.75,3.625,3.0,3.0,3.0,3.0,5.0,3.0,2.0,3.0,3.0,3.0,3.0,3.0,3.0,3.0,3.0,3.0,4.5
,evol_instruct,What is the maximum amount of information that can be stored in 1 cubic centimeter?,4.0,4.0,3.75,3.5,3.8125,3.0,3.0,1.5,3.0,5.0,3.0,3.0,3.0,3.0,3.0,4.0,3.0,3.0,3.0,3.0,4.75,3.0
,evol_instruct,What allows waves to reappear after their velocities are seemingly canceled out during interference?,3.5,4.0,4.75,3.25,3.875,3.0,3.0,2.75,3.0,3.0,5.0,4.5,3.0,3.0,3.0,3.0,3.25,3.0,3.0,3.0,3.0,3.0
,evol_instruct,"Put the correct letter at the end like this: Correct Letter: [X]. For example: Correct Letter: [B]. This is a multiple-choice question—choose the most appropriate option.

What is the probability of a Carrington-level CME hitting the Earth directly after occurring on the sun's surface?",3.5,3.75,3.75,3.25,3.5625,3.0,3.0,3.0,3.0,4.75,3.0,3.0,3.0,3.0,3.0,3.25,3.0,3.0,2.5,3.0,3.75,3.0
,evol_instruct,"Which of the following options is correct?  
Indicate the correct letter at the end of your response, formatted as `Correct Letter: [X]`. For example: Correct Letter: [B].

What is the frequency of the photon in the lab frame after the decay of a particle of rest mass M into a particle of mass m and a photon?",3.75,4.25,3.0,3.75,3.6875,2.25,3.0,3.0,3.0,3.0,3.0,3.75,3.0,3.0,3.0,3.0,3.0,3.0,3.0,4.25,3.0,4.5
,evol_instruct,What is the weight in pounds of a cubic foot of aerogel with a density of 3.0 mg/cc? Report your answer to two significant figures.,4.0,4.25,3.75,3.25,3.8125,3.0,3.0,1.5,3.0,3.0,3.0,3.0,3.0,3.0,3.0,3.0,4.75,4.25,3.0,4.75,3.0,3.0
,evol_instruct,"What is the proper anatomical term for the ""band of Richer"" that wraps around the quadriceps femoris above the knee?",4.0,4.5,4.0,4.5,4.25,3.0,5.0,3.0,3.0,3.0,3.0,3.0,2.5,3.0,3.0,3.0,3.0,3.0,3.0,3.0,4.5,5.0
,evol_instruct,"Choose the correct option from A, B, C, D, or the corresponding letters.

How much silver (Ag) is plated out when 7.5 g of zinc (Zn) dissolves in a series of electrolytic cells?",5.0,5.0,4.75,4.5,4.8125,3.0,4.75,3.0,5.0,3.0,4.75,3.0,3.0,3.0,3.0,4.75,3.0,3.0,3.0,3.0,3.0,3.0
,evol_instruct,How many steps are needed to enrich uranium to 3.0 mol% $\ce{^235U}$ via effusion through a porous membrane?,4.0,2.75,3.25,2.75,3.1875,2.5,3.0,3.0,3.0,3.0,3.0,3.25,3.25,3.0,3.0,3.0,3.0,3.75,3.0,3.0,3.0,3.0
,evol_instruct,What speed will be achieved after applying the same amount of energy to accelerate from 0.5c?,2.5,3.0,3.25,2.5,2.8125,3.0,3.0,2.25,3.0,4.0,3.0,3.0,3.0,3.0,3.0,1.0,3.0,3.0,4.0,3.0,3.0,3.0
,evol_instruct,"What would be the thickness of the ozone layer at $\pu{1.0 atm}$ and $\pu{20 °C}$, given its concentration is $\pu{3.0 \times 10^13 molecules per cm3}$ at $\pu{0.001 atm}$ and $\pu{–25 °C}$?",3.75,2.25,3.0,3.5,3.125,2.5,2.75,3.0,3.0,5.0,3.0,3.0,3.0,3.0,3.0,3.0,2.25,3.0,3.0,3.0,3.0,3.0
,evol_instruct,"When a half-wave plate is rotated clockwise, in which direction does the polarization field rotate?",3.5,4.25,4.0,3.5,3.8125,3.0,3.0,3.0,3.75,3.0,3.0,5.0,3.5,3.0,3.0,3.0,3.0,3.0,3.0,3.0,3.0,3.0
,evol_instruct,"Choose the most appropriate option from the choices provided. At the end of your response, provide the selected option in this exact format: Selected Option -> X.

What is the symmetry factor of a one-loop diagram with $n$ external lines in $\phi^3$ scalar field theory?",3.5,3.5,3.5,3.25,3.4375,3.0,3.0,3.0,3.0,3.0,3.75,3.0,3.0,3.0,3.0,3.0,3.0,3.75,3.0,3.25,3.0,3.0
,evol_instruct,How many total reflections occur when an incident ray parallel to one of two mirrors at an angle θ = π/(2n) retraces its path?,3.5,4.0,4.25,3.5,3.8125,3.0,3.25,3.0,4.25,3.0,3.0,3.25,3.0,4.5,3.0,3.0,3.0,3.0,3.0,3.0,3.0,3.0
,evol_instruct,What is the proposed order of incorporation of amino acids into cells?,4.75,4.5,4.75,4.25,4.5625,4.75,3.0,3.0,3.0,4.75,3.0,4.75,4.0,3.0,3.0,3.0,3.0,3.0,3.0,3.0,3.0,3.0
,evol_instruct,"How long would it take a ship traveling at half the speed of light to reach the Hyperion proto-supercluster, considering the expansion of the universe?",4.5,4.5,4.75,3.75,4.375,3.0,3.0,4.75,3.0,5.0,3.0,3.0,3.0,3.0,3.0,3.0,3.0,3.0,3.0,3.0,3.0,4.75
,evol_instruct,What is the pH of the solution after neutralizing 0.05 mol of HCN with 0.08 mol of KOH in 500 mL of water?,4.25,5.0,4.0,3.75,4.25,3.0,3.75,3.0,5.0,3.0,3.0,3.0,3.0,3.0,3.0,4.0,3.0,3.0,3.0,3.0,4.25,3.0
,evol_instruct,"In a damped oscillation with damping force \( F = -bu \), where does the maximum velocity occur?",3.5,3.5,3.75,4.0,3.6875,3.0,3.0,3.0,3.0,3.0,4.0,3.25,3.0,3.0,3.0,3.75,3.0,3.0,3.0,3.0,3.0,3.75
,evol_instruct,"Which option is correct? At the end of your response, clearly state the final answer by enclosing the correct option letter in double asterisks, for example: **A**.

What is the correct expression for \( G_{13} \) in a non-linear triatomic molecule?",2.5,2.5,2.75,1.75,2.375,3.0,3.0,3.0,3.0,3.0,2.25,3.25,1.75,2.25,3.0,3.0,3.0,3.0,3.0,3.0,3.0,3.0
,evol_instruct,What is the maximum strength a black hole's magnetic field can reach during matter accretion?,4.0,4.0,4.666666666666667,3.5,4.041666666666667,3.0,5.0,3.0,4.5,3.0,3.0,3.0,3.0,3.0,3.0,1.3333333333333333,3.0,3.0,3.0,4.5,3.0,3.0
,evol_instruct,"Conclude your response by enclosing the correct answer choice in double asterisks, for example: **A**.

What total charge Q must have been applied to the electroscope if each wire makes a 26° angle with the vertical?",4.5,5.0,4.75,4.5,4.6875,3.0,3.0,3.0,3.0,3.0,3.0,5.0,3.0,4.25,3.0,3.0,3.0,3.0,3.0,3.0,5.0,4.5
,evol_instruct,What is the minimum energy required for a 930 kg object to reach the Moon?,4.0,4.25,4.0,3.5,3.9375,3.5,3.0,3.0,3.0,3.0,3.0,3.0,3.0,3.0,3.0,5.0,3.0,4.25,3.0,3.0,3.0,3.0
,evol_instruct,What is the result of the expression $\bar{\psi}\gamma^{\mu}\psi$ when $\psi$ is not both left- and right-handed?,2.75,4.0,4.0,4.0,3.6875,2.5,3.0,3.0,3.0,3.0,3.75,3.0,3.5,3.0,3.0,3.0,3.0,5.0,3.0,3.0,3.0,3.0
,evol_instruct,"Put the correct letter at the end like this: Correct Letter: [X]. For example: Correct Letter: [B]. This is a multiple-choice question—choose the most appropriate option.

What is the probability of measuring the state $|+\rangle|+\rangle|+\rangle$ and the state $|-\rangle|-\rangle|-\rangle$ for the given three-qubit state $|\phi\rangle$?",4.5,4.5,4.5,4.5,4.5,3.0,3.0,3.0,5.0,3.0,5.0,3.0,3.0,3.0,3.0,3.0,3.0,3.0,3.0,5.0,3.0,3.0
,evol_instruct,What is the approximate angular size of the causally connected regions on the cosmic microwave background (CMB) as seen from Earth today?,4.5,5.0,4.0,4.25,4.4375,3.0,4.25,3.0,3.0,5.0,3.0,3.0,4.25,3.0,3.0,3.0,3.0,3.0,3.0,3.0,4.25,3.0
,evol_instruct,What is the equivalent resistance of the given circuit using the $Y-\Delta$ transformation?,4.75,5.0,3.0,3.75,4.125,3.0,3.0,3.0,3.0,3.0,3.0,4.666666666666667,3.0,3.0,3.0,4.0,4.666666666666667,3.0,4.666666666666667,3.0,3.0,3.0
,evol_instruct,What is the order of magnitude for the gravitational vector potential \( V_j \) at the Earth's equator?,3.25,3.75,3.75,3.5,3.5625,3.0,3.0,3.0,3.0,3.0,3.5,3.0,3.25,4.0,3.0,3.0,3.0,3.0,3.5,3.0,3.0,3.0
,evol_instruct,What is the net entropy change when 1 mole of water at 0 degrees Celsius is mixed with 1 mole of water at 100 degrees Celsius?,4.0,4.75,3.75,4.25,4.1875,3.0,4.5,3.25,3.0,4.0,3.0,3.0,3.0,3.0,3.0,5.0,3.0,3.0,3.0,3.0,3.0,3.0
,evol_instruct,What are the eigenvalues of the generators for a Hamiltonian $\omega\sigma_z$ and Lindblad operators $\gamma\sigma_-$ and $\gamma\sigma_+$?,4.75,5.0,4.75,4.5,4.75,3.0,4.75,3.0,5.0,5.0,4.25,3.0,3.0,3.0,3.0,3.0,3.0,3.0,3.0,3.0,3.0,3.0
,evol_instruct,What is the activation energy for a reaction that doubles its rate for every 10°C increase in temperature?,3.5,4.0,4.0,2.75,3.5625,3.0,3.0,3.0,3.0,4.25,3.5,3.0,3.0,3.0,3.0,3.0,3.0,2.0,3.0,3.0,4.5,3.0
,evol_instruct,"Conclude your response by enclosing the correct answer choice in double asterisks, for example: **A**.

What is the correct Hubble-adjusted value for baryonic density?",4.0,4.0,4.25,3.5,3.9375,3.0,3.0,3.0,3.0,3.0,3.0,3.0,3.75,3.75,3.0,3.0,3.0,3.25,5.0,3.0,3.0,3.0
,evol_instruct,Who introduced the proportionality symbol ($\propto$) historically?,4.0,4.25,4.0,4.0,4.0625,3.0,3.0,2.5,3.0,3.0,3.0,3.0,4.5,3.0,3.0,3.0,3.0,3.0,3.0,4.5,3.0,4.75
,evol_instruct,What is the correct method to calculate the distance D from the pivot to the center of mass for the combined system of the triangle and the stick?,3.75,4.25,4.0,3.5,3.875,3.0,3.0,4.0,3.0,3.0,3.0,3.0,3.0,5.0,3.0,2.0,3.0,4.5,3.0,3.0,3.0,3.0
,evol_instruct,What is the pKa of the indicator given the absorbance values at pH 4.623 and in the basic solution?,4.25,4.5,3.5,4.5,4.1875,3.0,5.0,3.0,3.0,3.0,3.0,2.5,3.0,3.0,3.0,3.0,3.0,4.25,3.0,5.0,3.0,3.0
,evol_instruct,Do standard heats and free energies of formation and absolute entropies exist for 2-Chloro-2-methylpropane in its liquid state?,4.0,5.0,4.75,4.0,4.4375,3.0,4.75,3.0,3.0,3.0,3.0,3.0,3.0,4.25,3.0,3.0,3.0,4.25,3.0,3.0,3.0,4.5
,evol_instruct,"Consider the following question carefully and select the most appropriate answer. At the end of your response, provide the final answer by placing the selected letter within double parentheses: ((A)).",4.0,4.5,4.75,3.75,4.25,3.0,4.25,3.0,3.0,3.0,3.0,3.0,3.0,3.0,3.0,3.0,5.0,3.0,3.0,4.75,3.0,3.0
,evol_instruct,What are the equilibrium concentrations of four compounds given their ΔG values?,3.75,4.25,3.75,2.5,3.5625,4.0,3.0,4.75,3.0,3.0,3.0,3.0,2.0,3.0,3.0,3.5,3.0,3.0,3.0,3.0,3.0,3.0
,evol_instruct,What would a third observer in an inertial frame of reference measure as the closing speed of Alice and Bob?,3.75,4.5,4.0,4.0,4.0625,3.0,3.0,3.0,5.0,3.0,3.0,2.0,3.0,3.0,3.0,4.75,4.5,3.0,3.0,3.0,3.0,3.0
,evol_instruct,What is the sign of the periodic potential in a crystal according to the figure in Ashcroft and Mermin's textbook?,2.5,3.25,3.75,2.5,3.0,2.25,3.0,3.0,3.0,3.75,3.0,3.0,3.0,3.0,3.0,3.0,3.0,4.25,3.0,3.0,3.0,1.75
,evol_instruct,What is the pH of a solution containing 0.05 mol of Zn(CH3COO)2 and 0.025 mol of NaOH dissolved in 1 L of water?,4.5,5.0,5.0,4.0,4.625,3.0,3.0,3.0,3.0,3.0,3.0,3.0,3.0,4.75,3.0,4.25,5.0,3.0,3.0,3.0,3.0,4.5
,evol_instruct,"What is the average density of a penny composed of 3.0% copper and 97.0% zinc by mass, given the densities of copper and zinc are 8.93 g/mL and 7.14 g/mL, respectively?",4.25,4.75,4.75,4.0,4.4375,3.0,3.0,3.0,5.0,3.0,3.0,3.0,4.75,3.0,3.0,3.75,3.0,3.0,3.0,3.0,3.0,4.25
,evol_instruct,What is the amount of substance of $\ce{^37Cl}$ in a $\pu{42.3 g}$ sample of $\ce{Cl}$ containing $24.00\%~\ce{^37Cl}$?,3.5,3.5,3.5,3.25,3.4375,2.5,3.0,3.0,3.0,3.0,3.0,3.0,3.0,4.75,3.0,3.0,3.0,3.0,3.25,3.0,3.0,3.25
,evol_instruct,"How much can a 1,300-foot-tall skyscraper shrink under the weight of its occupants?",4.0,4.25,4.75,4.5,4.375,3.0,3.0,3.0,3.0,3.0,4.5,3.0,4.0,3.0,3.0,3.0,3.0,3.0,5.0,3.0,3.0,4.0
,evol_instruct,"What is the mass of air that fits into a 500 m³ hot air balloon, given the molar mass of air is 28.8 g/mol?",3.5,4.0,4.0,2.5,3.5,3.0,3.0,3.0,3.0,4.5,3.0,4.5,1.5,3.0,3.0,3.0,3.0,3.0,3.0,3.0,3.0,3.5
,evol_instruct,"What type of bug was found on the cleome plant in Atlanta, Georgia?",4.5,3.5,4.75,4.25,4.25,3.0,3.0,3.0,4.75,3.0,3.0,3.0,3.0,3.0,3.0,3.0,4.25,3.0,3.0,3.0,3.75,4.25
,evol_instruct,"At the end of your response, select exactly one option and state it clearly using the format: Option Selected: A/B/C/D/...

What is the stream function for a 2D stokeslet?",2.75,2.5,3.5,3.5,3.0625,2.0,3.0,3.0,3.0,3.0,3.0,3.0,1.75,3.0,3.0,4.5,3.0,3.0,3.0,3.0,3.0,4.0
,evol_instruct,"At the end of your response, provide the correct answer choice using the following format: [Answer: X], where X is the corresponding letter of your final answer. Which of the following represents the most appropriate choice?

What is ""Theorem Schmeorem"" referring to?",4.5,4.75,4.5,4.0,4.4375,3.0,4.75,3.0,3.0,4.75,3.0,3.0,3.0,4.0,3.0,4.25,3.0,3.0,3.0,3.0,3.0,3.0
,evol_instruct,What angle should be used to minimize the initial velocity of a projectile given the horizontal distance and height difference between the launch point and target?,4.75,4.75,4.75,4.0,4.5625,3.0,3.0,3.0,3.0,4.75,3.0,3.0,3.0,3.0,3.0,3.0,4.5,3.0,4.75,3.0,3.0,4.25
,evol_instruct,Does sodium bicarbonate increase the solubility of calcium carbonate at room temperature?,4.5,3.5,4.75,4.75,4.375,3.0,3.75,3.0,4.75,3.0,3.0,3.0,3.0,3.0,3.0,3.0,4.5,3.0,3.0,4.5,3.0,3.0
,evol_instruct,"End your response with the correct choice enclosed like this: <<A>>.

What is the average surface temperature of the Earth based on the energy balance depicted in the image?",4.0,5.0,4.75,3.5,4.3125,3.0,3.0,3.0,3.0,4.75,3.0,4.5,3.0,3.0,3.0,3.0,3.0,3.0,3.0,3.0,5.0,3.0
,evol_instruct,What is the time it takes for the trains to pass each other in the A and B's frame?,4.75,4.75,4.5,4.0,4.5,3.0,3.0,4.0,3.0,5.0,3.0,3.0,3.0,3.0,3.0,4.25,3.0,3.0,3.0,4.75,3.0,3.0
,evol_instruct,How many optically active stereoisomers can exist for the given compound?,4.25,4.5,4.75,4.5,4.5,3.0,3.0,3.0,3.0,3.0,3.0,3.0,3.5,3.0,3.0,3.0,3.0,4.5,5.0,3.0,3.0,5.0
,evol_instruct,"Please review the question thoroughly and select the most appropriate option by providing the corresponding letter.

What is the IUPAC name for tetrahedrane?",4.0,3.5,3.5,3.25,3.5625,3.0,2.5,3.0,3.0,3.75,3.5,3.0,3.0,3.0,3.0,3.0,3.0,3.0,3.0,3.0,4.5,3.0
,evol_instruct,"Can Earth's mass increase due to receiving sunlight, and if so, at what rate?",4.0,4.25,4.75,3.5,4.125,3.0,3.5,3.0,3.0,3.0,3.0,4.5,3.0,3.0,3.0,4.25,3.0,3.0,3.0,3.0,3.0,4.25
,evol_instruct,"What is the magnitude of the impulse received by a 0.2 kg ball after it hits the ground and rises to a height of 1.8 m, if it was initially dropped from a height of 2.5 m?",3.5,3.5,4.0,3.25,3.5625,3.0,3.75,1.0,5.0,3.0,3.0,4.5,3.0,3.0,3.0,3.0,3.0,3.0,3.0,3.0,3.0,3.0
,evol_instruct,"What is the correct IUPAC name for the structure of 2,3-diethylheptane?",4.25,4.25,4.25,3.75,4.125,3.0,4.5,3.0,4.75,3.0,3.0,3.0,3.0,3.0,3.0,3.0,3.5,3.0,3.0,3.0,3.0,3.75
,evol_instruct,"What is the correct normalization integral for the wavefunction $\psi(\theta,\phi)=\cos(\theta)$?",3.75,3.5,3.25,3.5,3.5,3.0,3.0,3.0,5.0,3.0,3.0,3.0,3.0,3.0,3.0,3.0,3.0,3.0,3.0,4.25,3.0,1.75
,evol_instruct,"What species of lizard is pictured in the photograph from Haruvit Forest, Israel?",4.0,4.75,4.0,3.5,4.0625,4.0,3.0,3.0,3.0,5.0,3.0,3.0,3.0,4.25,3.0,3.0,3.0,3.0,3.0,3.0,3.0,3.0
,evol_instruct,What is the approximate pressure provided by a 16 gram CO2 cartridge in a bicycle tire?,5.0,5.0,4.75,4.25,4.75,3.0,3.0,3.0,3.0,3.0,3.0,3.0,3.0,3.0,3.0,4.5,5.0,4.75,3.0,3.0,3.0,4.75
